

    0.833402606803421110E-03   -0.747828841209411621E+01    0.153359494571631338E+01    0.124515912995174283E+01    0.144479521512985229E+02    0.192999690771102905E+01    0.560160385370254499E+01
    0.158166992301471301E-03   -0.438672900199890137E+01    0.177586096164545593E+01    0.752726008748880417E+02    0.614503765106201172E+01    0.188657879829406738E+01    0.108151520490646358E+01
    0.227611856397743018E-03   -0.648923277854919434E+01    0.430941785539507194E+01    0.423609219463643771E+00    0.510674452781677246E+01    0.921879559755325317E+00    0.113608854889869697E+02
    0.125157706054897081E-02   -0.869537293910980225E+01    0.118740216253209060E+00    0.779294977258851163E-01    0.596833133697509766E+01    0.235774993896484375E+01    0.548232812285423243E+01
    0.122309055779386316E-03   -0.338010609149932861E+01    0.202787939244348756E+02    0.121287984718413136E+00    0.539053106307983398E+01    0.977320224046707153E+00    0.181072924137115487E+01
    0.482449312529194393E-03   -0.749237596988677979E+01    0.249597700027937464E+03    0.808237192163931972E-01    0.736830580234527588E+01    0.971922725439071655E+00    0.638320123553276009E+01
    0.196425005721119505E-03   -0.438689649105072021E+01    0.390814834065782463E+03    0.214030922052547425E+03    0.590301191806793213E+01    0.100240886211395264E+01    0.106898452699184414E+02
    0.171444538536677445E-03   -0.536549150943756104E+01    0.215941345954005742E+00    0.831654221265462845E+00    0.120257138013839722E+02    0.279129445552825928E+00    0.471426286101341230E+01
    0.342225519185065556E-04   -0.164665997028350830E+01    0.516149804106449128E+01    0.467026607318288489E+00    0.647540819644927979E+01    0.158387213945388794E+01    0.116268990635871887E+02
    0.281437516681418880E-02   -0.897815942764282227E+01    0.446022515201597136E+00    0.215649561317834007E+02    0.430745387077331543E+01    0.162559196352958679E+01    0.134741884171962738E+02
    0.382334772517307789E-03   -0.649045884609222412E+01    0.795094844064623629E+01    0.292079736168953596E+01    0.253073346614837646E+01    0.146949976682662964E+01    0.917071759700775146E+01
    0.186900671022976919E-03   -0.415865004062652588E+01    0.610299263316152647E+02    0.319011422318982284E+03    0.464221453666687012E+01    0.209052592515945435E+01    0.336873744726181057E+01
    0.371835690585277162E-03   -0.624155640602111816E+01    0.208753278599417662E+02    0.173633635383013241E+00    0.720107650756835938E+01    0.232386946678161621E+01    0.224300840497016907E+01
    0.458309726170447456E-03   -0.658163309097290039E+01    0.171840387622403483E+02    0.968965283068094436E+03    0.336286282539367676E+01    0.145729482173919678E+01    0.914476882219314646E+01
    0.841750760343921772E-03   -0.888546407222747803E+01    0.432522356676983755E+01    0.358787977932705851E-01    0.283780825138092041E+01    0.461304783821105957E+00    0.137958251595497128E+02
    0.991743161363529318E-03   -0.768450498580932617E+01    0.104742603004118778E+00    0.741064992584282294E+02    0.934904623031616211E+01    0.808906108140945435E+00    0.538921164870262093E+01
    0.906763782098120714E-04   -0.362589180469512939E+01    0.964966175922455278E+02    0.167936708915238704E+02    0.121091027259826660E+02    0.110066518187522888E+01    0.387441972494125375E+01
    0.955363925609527698E-03   -0.809592783451080322E+01    0.683277391904957287E-01    0.338284680979981434E+00    0.124141263961791992E+02    0.236070528626441956E+01    0.938735851645469666E+01
    0.153798071437219767E-03   -0.503301858901977539E+01    0.651628409800978137E+00    0.156953555295837703E-01    0.107246326208114624E+02    0.536021143198013306E+00    0.127374432146549221E+02
    0.193147050451639418E-02   -0.911035776138305664E+01    0.757975732803219557E+02    0.881880813383661916E+03    0.750503873825073242E+01    0.204293251037597656E+01    0.130370983660221107E+02
    0.119952290134856996E-03   -0.457635343074798584E+01    0.282844502425219135E+00    0.328648473815062792E+01    0.758881568908691406E+01    0.390516221523284912E-01    0.941623716354370188E+01
    0.176498782490515366E-03   -0.467818498611450195E+01    0.894220017347980978E+01    0.353673937790205528E+02    0.687034797668457031E+01    0.224316164851188660E+01    0.838758378624916112E+01
    0.143793599100930046E-04   -0.344043970108032227E-01    0.492876098660407422E+03    0.150124702536299282E+03    0.137076282501220703E+01    0.135948985815048218E+01    0.285694497823715210E+01
    0.600980402015021610E-04   -0.232620120048522949E+01    0.248910752784655340E-01    0.144357074981527393E+02    0.140597656965255737E+02    0.188723862171173096E+01    0.844872921705245972E+01
    0.114465661561858649E-03   -0.417419970035552979E+01    0.356749322705615953E+03    0.737694169386411414E+00    0.596681177616119385E+01    0.378497540950775146E+00    0.127608519971370704E+02
    0.167851473873299262E-02   -0.958470582962036133E+01    0.168434507785937937E+01    0.572371540920569899E+01    0.133865343332290649E+02    0.180719822645187378E+01    0.141679970920085907E+02
    0.100318596634293099E-02   -0.862801909446716309E+01    0.157710885960352343E+01    0.884768792519893665E+01    0.122110860347747803E+02    0.923834592103958130E+00    0.103786589086055763E+02
    0.620005758727374518E-04   -0.295794427394866943E+01    0.499677185142199595E-01    0.312473808734608262E-01    0.145409649610519409E+02    0.849239081144332886E+00    0.610933855175971985E+01
    0.196986775176341534E-03   -0.521135926246643066E+01    0.281891979495959739E-01    0.540653300471604314E+01    0.139443566799163818E+02    0.184986412525177002E+01    0.936163699626922585E+00
    0.477165407492312560E-03   -0.714456737041473389E+01    0.461184039037458717E+02    0.506169662602475157E+01    0.142374032735824585E+02    0.161778509616851807E+01    0.393978189826011693E+01
    0.130172708272949288E-02   -0.804588854312896729E+01    0.618469090187485904E+01    0.107824680913894619E-01    0.989740991592407227E+01    0.166359692811965942E+00    0.392785192728042620E+01
    0.385387288708107011E-03   -0.596021294593811035E+01    0.472316782117862599E+00    0.455913110820013046E+02    0.149536271095275879E+02    0.239748060703277588E+01    0.268330186605453491E+01
    0.213245627234914814E-03   -0.408949673175811768E+01    0.299766581978451914E-01    0.148882003542108322E+03    0.114576876163482666E+02    0.236117526888847351E+01    0.148042030036449432E+02
    0.412755743139383148E-03   -0.630870699882507324E+01    0.255657102024054061E+00    0.977007252487429256E+00    0.134679422378540039E+02    0.233217909932136536E+01    0.819670602679252625E+01
    0.832346452776236889E-04   -0.306497395038604736E+01    0.695795495998305682E+03    0.283228410193157849E+02    0.213487243652343750E+01    0.172543033957481384E+01    0.612197812199592573E+01
    0.443703004477059501E-04   -0.205504238605499268E+01    0.246893930789346676E+02    0.116560832075782783E+01    0.319994521141052246E+01    0.181158751249313354E+01    0.141947966754436496E+02
    0.107071000641026964E-03   -0.349173188209533691E+01    0.152309955261608714E+02    0.405821245798831609E+00    0.213160884380340576E+01    0.188912719488143921E+01    0.119499345779418942E+02
    0.630173198984870613E-03   -0.777359902858734131E+01    0.241226298348231779E+03    0.151667915941492049E+01    0.104090855121612549E+02    0.127910628914833069E+01    0.978612655401229881E+00
    0.134052171543479529E-02   -0.870213150978088379E+01    0.219318607596535742E+02    0.207350509902319985E-01    0.108793716430664062E+02    0.193189412355422974E+01    0.108825951635837548E+02
    0.596374666867026274E-04   -0.324195921421051025E+01    0.176426779871934059E+03    0.140690304532162750E-01    0.954035902023315430E+01    0.963005870580673218E+00    0.651325772404670733E+01
    0.147034254339543040E-03   -0.508023262023925781E+01    0.105558417969158786E-01    0.334431740749211656E-01    0.137191712856292725E+02    0.106377407908439636E+01    0.107047060012817390E+02
    0.174356312562973519E-03   -0.535574018955230713E+01    0.834038368199252176E+02    0.147736996139579313E+01    0.412155258655548096E+01    0.472353100776672363E+00    0.169204410314559950E+01
    0.192147046527034568E-02   -0.982298374176025391E+01    0.148323590299288526E+03    0.139514135771668435E+03    0.874452722072601318E+01    0.151798516511917114E+01    0.105862596631050110E+01
    0.241429628849192102E-03   -0.574570059776306152E+01    0.521905724673562830E+02    0.185268371792952982E-01    0.135382692813873291E+02    0.162101641297340393E+01    0.125269204795360558E+02
    0.174605981766644421E-02   -0.868579328060150146E+01    0.659907012992856146E+00    0.692177299104049482E+01    0.108051226139068604E+02    0.143671125173568726E+01    0.125213076293468468E+02
    0.519321284832500505E-04   -0.171348750591278076E+01    0.536197099061999194E+00    0.552929955399333508E+02    0.778093290328979492E+01    0.138562291860580444E+01    0.121810143768787391E+02
    0.107713827032863990E-03   -0.390999197959899902E+01    0.129825334813541360E+03    0.557612150001455547E+02    0.109242483377456665E+02    0.501993298530578613E-01    0.125203582406044003E+02
    0.435865809927503823E-04   -0.224076271057128906E+01    0.447168446491108817E-01    0.226910613116861448E+01    0.580572080612182617E+01    0.201052725315093994E+01    0.111767919957637787E+02
    0.142451734511561472E-03   -0.452362537384033203E+01    0.186749081036476028E+02    0.241231363779605468E+00    0.542018961906433105E+01    0.239685818552970886E+01    0.576865186691284126E+01
    0.211266465892749679E-04   -0.320163369178771973E+00    0.178856932989320899E+00    0.100298801923641767E+00    0.889810132980346680E+01    0.160052031278610229E+00    0.111227763056755062E+02
    0.477914080577589758E-03   -0.680474698543548584E+01    0.112807383794857907E+01    0.477907274047118871E-01    0.875288021564483643E+01    0.124452486634254456E+01    0.113487334907054898E+02
    0.230188516488759272E-03   -0.562335133552551270E+01    0.223724324921667161E+00    0.920632356607333158E+01    0.926117789745330811E+01    0.145708784461021423E+01    0.747871147394180280E+01
    0.685174141187280193E-04   -0.261208593845367432E+01    0.688541817674284928E+01    0.575070435143471004E+00    0.126893404722213745E+02    0.182106435298919678E+01    0.700343450307846016E+01
    0.272164717792083697E-04   -0.154294252395629883E+01    0.258346437672144040E-01    0.169268212675511037E+00    0.142504234313964844E+02    0.540484637022018433E+00    0.124663478791713711E+02
    0.109250385193808164E-03   -0.383458137512207031E+01    0.613998482582539307E+01    0.362511427563663005E+03    0.130928460359573364E+02    0.145024240016937256E+01    0.135948176264762886E+02
    0.240717129533656688E-02   -0.904552757740020752E+01    0.140349219543822956E+00    0.133731145436426971E+03    0.440784919261932373E+01    0.222872942686080933E+01    0.920699241757392883E+01
    0.132551444200300795E-03   -0.466770112514495850E+01    0.621556361146762271E+00    0.193362576004187368E+02    0.727917826175689697E+01    0.908529907464981079E+00    0.100723926723003387E+02
    0.733612338549903087E-03   -0.688891828060150146E+01    0.303564254467948080E+01    0.579541964308854518E-01    0.620286941528320312E+01    0.239189565181732178E+01    0.295776313543319702E+01
    0.186851450895005724E-04   -0.397809743881225586E+00    0.149945473874813189E+02    0.806245970212778928E+02    0.140895644426345825E+02    0.220091372728347778E+01    0.126017552256584171E+02
    0.286845030897707247E-04   -0.198797404766082764E+01    0.162860146365790159E+01    0.126456694070129945E-01    0.223248982429504395E+01    0.106165856122970581E+00    0.107634552121162419E+01
    0.310182292017933210E-03   -0.516256272792816162E+01    0.172577105266135478E+01    0.434763218118111375E-01    0.555158197879791260E+01    0.106799751520156860E+01    0.435916571617126447E+01
    0.316547303436595271E-03   -0.638527572154998779E+01    0.160786284177951322E+00    0.128564999699593955E+03    0.961276221275329590E+01    0.173912838101387024E+01    0.690360747575759870E+01
    0.346405218444906151E-02   -0.986389756202697754E+01    0.150545134398669922E+01    0.225249180172340608E+02    0.648238182067871094E+01    0.662474334239959717E-01    0.771023443937301600E+01
    0.488643400620627564E-04   -0.191003322601318359E+01    0.101671317870861873E-01    0.447635789242224689E+03    0.620481038093566895E+01    0.221101716160774231E+01    0.122457708597183235E+02
    0.272806589019128451E-04   -0.161728441715240479E+01    0.312443275825255773E+01    0.977498410305044558E+03    0.693525683879852295E+01    0.164822474122047424E+01    0.476640996932983363E+01
    0.198487466967407506E-02   -0.999828577041625977E+01    0.118352262004444569E+00    0.181533279513985402E-01    0.859984600543975830E+01    0.125891298055648804E+01    0.486689508557319606E+01
    0.312937562214467028E-04   -0.640615820884704590E+00    0.139934425188967682E+01    0.570567859523043580E+03    0.370164644718170166E+01    0.196833610534667969E+01    0.875413931608200002E+01
    0.324508264464108887E-04   -0.117240905761718750E+01    0.349916279100794592E+00    0.105077292162914865E+00    0.724556183815002441E+01    0.213022306561470032E+01    0.292501499652862584E+01
    0.879192592361357686E-05   -0.116656422615051270E+00    0.657903057644421030E+00    0.103150336651956637E-01    0.734352636337280273E+01    0.195127919316291809E+01    0.785264452695846504E+01
    0.370964351330887391E-04   -0.183588206768035889E+01    0.224887989497314561E+00    0.610560316476275222E+01    0.256684327125549316E+01    0.485310107469558716E+00    0.249155731201171893E+01
    0.401840104110045239E-04   -0.154681026935577393E+01    0.117042979244006279E-01    0.138954791088957905E-01    0.370468974113464355E+01    0.121685013175010681E+01    0.505690871477127057E+01
    0.160915604853353648E-04   -0.639712810516357422E-01    0.454716311432447201E-01    0.543856547835943546E-01    0.115734504461288452E+02    0.171727791428565979E+01    0.707360134720802325E+01
    0.123156173470838457E-02   -0.895285844802856445E+01    0.105968217976335026E+02    0.453567346829922712E+03    0.114978612661361694E+02    0.143344447016716003E+01    0.404918363094329870E+01
    0.324131240424281955E-03   -0.640181422233581543E+01    0.147966862776578381E+03    0.101662597084715232E-01    0.900430703163146973E+01    0.191463768482208252E+01    0.232889300584793091E+01
    0.195057866585472326E-03   -0.440856635570526123E+01    0.945134485878231914E+02    0.247884164398131901E+02    0.139366286993026733E+02    0.106326043605804443E+00    0.543656918406486511E+01
    0.283688379685373350E-03   -0.552659451961517334E+01    0.100982998347439193E+00    0.453710357034207856E+01    0.455187618732452393E+01    0.166062697768211365E+01    0.116135339081287388E+02
    0.272657005922585923E-03   -0.632947802543640137E+01    0.100691333758215484E+00    0.418582426802506069E+00    0.169496083259582520E+01    0.172998547554016113E+01    0.563414239883422852E+01
    0.279541282799221160E-04   -0.109097063541412354E+01    0.230060835094974347E+01    0.227012658211127205E+00    0.105672609806060791E+01    0.211608648300170898E+01    0.117412012815475486E+01
    0.104797763548439824E-02   -0.820672214031219482E+01    0.367855980975727637E+00    0.290389710698785052E+03    0.978584611415863037E+01    0.198644086718559265E+01    0.405465704798698390E+01
    0.450792079481745963E-04   -0.297385573387145996E+01    0.165226856312618196E+03    0.291913184531531655E+02    0.429658162593841553E+01    0.192234471440315247E+01    0.163502216339111350E+01
    0.629327059388210442E-03   -0.760387122631072998E+01    0.129079970545676193E+01    0.390276150885585764E+03    0.930816996097564697E+01    0.238369405269622803E-01    0.117823892235755920E+02
    0.246322132508798731E-04   -0.113608300685882568E+01    0.744053773185656131E+00    0.518631854348650521E+02    0.942781305313110352E+01    0.190768554806709290E+01    0.113229658901691437E+02
    0.536094506705698864E-03   -0.799399197101593018E+01    0.265981163284328415E-01    0.207582456549192329E+03    0.642591190338134766E+01    0.163182124495506287E+01    0.695460093021392822E+01
    0.472633519778919124E-04   -0.210319042205810547E+01    0.738040811289327934E+02    0.226419688402262942E+02    0.923261249065399170E+01    0.675334483385086060E+00    0.614616666436195391E+01
    0.632286372672527194E-04   -0.225668787956237793E+01    0.160846163302386813E+02    0.153466644179262452E+02    0.535404491424560547E+01    0.135524675250053406E+01    0.141964547753334038E+02
    0.690891059525882307E-04   -0.299655020236968994E+01    0.148630539486676400E+00    0.315760123403136042E-01    0.116410955190658569E+02    0.599143654108047485E+00    0.143059106826782223E+02
    0.173655802418411356E-03   -0.445657908916473389E+01    0.397615971109718969E+00    0.603655382367622124E+02    0.832990407943725586E+01    0.239016935229301453E+01    0.393822859525680569E+01
    0.386029880990647282E-04   -0.180827200412750244E+01    0.271271821827929638E+00    0.174937016424037833E+00    0.684875869750976562E+01    0.973143577575683594E+00    0.106271145641803741E+02
    0.142920168759184463E-03   -0.443535268306732178E+01    0.151749201926803110E+02    0.829014248641587415E+01    0.165126740932464600E+01    0.829059034585952759E+00    0.138317411839962006E+02
    0.872783606469920855E-03   -0.778365790843963623E+01    0.898729910639135277E+01    0.100781033687227382E+02    0.392631030082702637E+01    0.112359389662742615E+01    0.900395999550819326E+01
    0.623512252914594923E-04   -0.344430565834045410E+01    0.372685885326241417E+00    0.131468996951136594E-01    0.952069318294525146E+01    0.236067458987236023E+01    0.357365088462829616E+01
    0.394835683592455276E-03   -0.670880436897277832E+01    0.674532835713196777E+00    0.419252291760733239E-01    0.724697375297546387E+01    0.463060140609741211E+00    0.129292108595371253E+02
    0.153929660181867378E-02   -0.884568393230438232E+01    0.213018197325697711E+01    0.291229340657284563E+01    0.331402575969696045E+01    0.120323777198791504E+01    0.118625544011592865E+02
    0.181917643516295400E-03   -0.431092679500579834E+01    0.190083453388575574E+00    0.323905124492237795E-01    0.638217842578887939E+01    0.233126282691955566E+00    0.685525436997413617E+01
    0.122653714956196393E-02   -0.891236007213592529E+01    0.361473034424269479E-01    0.855536218848563651E-01    0.101787481307983398E+02    0.230304583907127380E+01    0.119724046289920807E+02
    0.446317784161143357E-03   -0.723461031913757324E+01    0.135074729709637447E-01    0.226011731953418149E+02    0.244706165790557861E+01    0.639017075300216675E+00    0.454192704558372462E+01
    0.140388535200913533E-03   -0.389978408813476562E+01    0.888179880852188880E-01    0.131799715288395902E+03    0.501112651824951172E+01    0.171330273151397705E+00    0.100975084006786346E+02
    0.245552729595169188E-04   -0.558105111122131348E+00    0.142031819973675226E+02    0.166923022017160427E+01    0.125317125320434570E+02    0.147190973162651062E+01    0.669926775693893450E+01
    0.166821385724581317E-02   -0.991548955440521240E+01    0.106711795701496868E+03    0.195685704504206213E-01    0.556386029720306396E+01    0.736860036849975586E+00    0.281529976129531878E+01
    0.102763271311363531E-03   -0.304912924766540527E+01    0.891999333939913186E+03    0.160175680988400188E+03    0.136160222291946411E+02    0.244176641106605530E+01    0.448274522423744148E+01
    0.484802401892316191E-03   -0.612277030944824219E+01    0.914689199394513874E+00    0.208087678264583387E+01    0.533827269077301025E+01    0.160574018955230713E+01    0.127982476115226742E+02
    0.345531315410655760E-04   -0.107065558433532715E+01    0.299081374685394678E+03    0.492948889694633721E+02    0.889376878738403320E+01    0.154582425951957703E+01    0.141248952746391310E+01
    0.260533336639328508E-04   -0.118226766586303711E+01    0.271460535079741703E+03    0.159792290609856620E-01    0.139907228946685791E+02    0.903012901544570923E+00    0.936901817321777308E+01
    0.821336746026428795E-04   -0.330848872661590576E+01    0.944505708246912334E+01    0.284663090201502591E+02    0.800033628940582275E+01    0.737716704607009888E+00    0.118126861810684201E+02
    0.145664684699648507E-03   -0.500411808490753174E+01    0.152418170563064219E+02    0.102487978458961120E+02    0.207211315631866455E+01    0.202726140618324280E+01    0.112907710433006283E+02
    0.100718895220825754E-03   -0.422834932804107666E+01    0.408496735788635945E+01    0.689990872346737774E+03    0.143430957794189453E+02    0.812656283378601074E+00    0.403176514506340045E+01
    0.273142595097589270E-04   -0.619353055953979492E+00    0.141673579547377813E+03    0.332823006806615240E+03    0.389696800708770752E+01    0.238079696893692017E+01    0.112532581984996796E+02
    0.383284744550763936E-03   -0.676086068153381348E+01    0.221458031748037520E+00    0.744328417782394514E+01    0.769926047325134277E+01    0.199682280421257019E+01    0.143201595067977898E+02
    0.700937465354170292E-04   -0.309344470500946045E+01    0.749373311152810516E+03    0.336074356094155022E-01    0.570559835433959961E+01    0.307930111885070801E+00    0.715635980367660540E+01
    0.109099005636010152E-03   -0.398893654346466064E+01    0.240975609711561491E-01    0.142623143349789372E+00    0.135882796049118042E+02    0.162137866020202637E+01    0.131673644483089447E+02
    0.155757933910104251E-02   -0.977451980113983154E+01    0.541281784021492296E+01    0.293290724844099127E-01    0.650062322616577148E+01    0.731545686721801758E+00    0.108063909530639641E+02
    0.520300429180076910E-03   -0.654628574848175049E+01    0.342724953671578042E-01    0.966279912989057160E-01    0.970942246913909912E+01    0.154770091176033020E+01    0.134567663788795464E+02
    0.219066404310643822E-03   -0.506837785243988037E+01    0.163752380476544275E+02    0.170880442857883411E-01    0.542234170436859131E+01    0.234473228454589844E+01    0.943476756215095591E+01
    0.856271729342327284E-04   -0.393739879131317139E+01    0.641814764819464898E+02    0.284715095150564279E+01    0.104117541313171387E+02    0.152543887495994568E+01    0.140557445287704468E+02
    0.510329993220653061E-04   -0.124345362186431885E+01    0.118570544638484238E-01    0.690772285893360838E+01    0.279293823242187500E+01    0.680864751338958740E+00    0.674599828720092720E+01
    0.320298933647559115E-03   -0.680329144001007080E+01    0.887151778782614201E+03    0.719418358008192982E+00    0.738662064075469971E+01    0.308187156915664673E+00    0.660720813274383545E+01
    0.904452661659055921E-03   -0.872437000274658203E+01    0.190946963696129512E+00    0.103079958687236939E+02    0.400744116306304932E+01    0.434314459562301636E+00    0.141452117621898648E+02
    0.326724410443873195E-04   -0.819924473762512207E+00    0.107386329064787911E+01    0.176948725070386233E-01    0.957169151306152344E+01    0.169788360595703125E+01    0.757618678808212298E+01
    0.546738702411498170E-03   -0.644745349884033203E+01    0.593634698012752773E-01    0.546225962699551926E-01    0.116213405132293701E+01    0.237713858485221863E+01    0.598087444305419869E+01
    0.136429882903573861E-02   -0.882177174091339111E+01    0.195369559739010129E+00    0.598652787783811480E+01    0.393941807746887207E+01    0.231675118207931519E+01    0.101847873330116272E+02
    0.104802940851308338E-03   -0.490813016891479492E+01    0.200348348613603074E-01    0.575348398659642490E-01    0.156226003170013428E+01    0.122531950473785400E+00    0.647584434747695870E+01
    0.160927804267522816E-02   -0.933741271495819092E+01    0.670420785087619403E-01    0.682025033931346947E+01    0.904016649723052979E+01    0.640923380851745605E+00    0.283084344863891602E+01
    0.304970740492401936E-03   -0.575723111629486084E+01    0.289698740216834238E+01    0.365426108415544335E-01    0.846545541286468506E+01    0.189913615584373474E+01    0.336777384877204922E+01
    0.587577129312563630E-03   -0.657471120357513428E+01    0.115152996538016783E+01    0.972061064965427590E+01    0.603056824207305908E+01    0.198489159345626831E+01    0.755323893427848780E+01
    0.452575078523584536E-03   -0.746652722358703613E+01    0.224211990357331609E+00    0.351012945298386725E+00    0.138083730936050415E+02    0.147925585508346558E+01    0.865684872865676880E+01
    0.208198945715390752E-03   -0.534259557723999023E+01    0.484850902319271952E+02    0.111666256112569169E+02    0.105746024847030640E+02    0.886440426111221313E+00    0.754103976488113448E+00
    0.415003234846330409E-04   -0.247900247573852539E+01    0.170089445863999073E+00    0.280672811531017308E+00    0.717366099357604980E+01    0.208836808800697327E+01    0.959371513128280640E+01
    0.164123715411717826E-02   -0.991929829120635986E+01    0.422483825291772519E+03    0.480694693659624861E+00    0.479196929931640625E+01    0.174282640218734741E+01    0.785566143393516558E+01
    0.363241018364312553E-04   -0.161599040031433105E+01    0.705501089502800438E+00    0.572153435255531122E+03    0.128405522108078003E+02    0.796068757772445679E+00    0.291297312378883388E+01
    0.230763188296594958E-02   -0.969896137714385986E+01    0.113898831844533206E+03    0.238531355397840663E+02    0.124274636507034302E+02    0.103390812873840332E+01    0.117372075557708744E+02
    0.496424011944868139E-03   -0.706928074359893799E+01    0.216665518100803922E+01    0.211099473292789781E+03    0.927002155780792236E+01    0.813737064599990845E+00    0.127956045985221856E+02
    0.143512929182064533E-04   -0.123885869979858398E+00    0.566559586069878662E+00    0.751665682822422241E+03    0.107511836290359497E+02    0.911530256271362305E+00    0.738259674310684222E+01
    0.117095970620836529E-02   -0.763760983943939209E+01    0.115221970676320751E+03    0.340296226204938961E+02    0.489893186092376709E+01    0.176786765456199646E+01    0.431942904591560328E+01
    0.379686275928909180E-04   -0.213911831378936768E+01    0.156676803163895613E+03    0.242895410631505682E+01    0.119157488346099854E+02    0.331290066242218018E-01    0.393431647419929531E+01
    0.302616665434512964E-04   -0.152884125709533691E+01    0.196541672337218465E+02    0.106884856900246428E+01    0.804774641990661621E+01    0.374160706996917725E+00    0.135086488306522376E+02
    0.180494618676426050E-02   -0.915603756904602051E+01    0.290497018748723113E+01    0.128262534734872397E+00    0.126671236753463745E+02    0.904083847999572754E+00    0.131060014307498935E+02
    0.814853194510018592E-03   -0.844760060310363770E+01    0.427873226578693033E-01    0.473609173130140226E+00    0.135100101232528687E+02    0.714601874351501465E+00    0.122150049805641174E+02
    0.563470850904797344E-04   -0.267659962177276611E+01    0.130154633571840733E+00    0.115160930492680946E-01    0.557923448085784912E+01    0.225113332271575928E-01    0.615680088400840742E+01
    0.656700123874465777E-03   -0.798987865447998047E+01    0.136220912870075441E+02    0.189116596499607970E+01    0.582037484645843506E+01    0.206638351082801819E+01    0.632073696255683881E+01
    0.109671947735046136E-03   -0.473389387130737305E+01    0.969246987116563985E+00    0.255804863501236379E+00    0.102154437303543091E+02    0.137706920504570007E+01    0.441477112174034136E+01
    0.104883796996645975E-02   -0.799863338470458984E+01    0.507101614343877600E+03    0.126357546165052383E-01    0.603541731834411621E+01    0.143750667572021484E+01    0.118175166070461266E+02
    0.136120887234799639E-02   -0.858833312988281250E+01    0.403546635789919853E-01    0.396388990305143810E-01    0.764840900897979736E+01    0.180707648396492004E+01    0.519193328619003314E+01
    0.410937276086121629E-04   -0.105419039726257324E+01    0.303471152825078638E+01    0.668280794231386338E-01    0.107496882677078247E+02    0.404597371816635132E+00    0.642125937938690150E+01
    0.850196299511594023E-03   -0.688308715820312500E+01    0.964249563057492209E+00    0.361279011090607316E+01    0.146384046077728271E+02    0.104093462228775024E+01    0.104443576753139489E+02
    0.138946496666750110E-04   -0.179260969161987305E-01    0.213612215009949669E+01    0.598375883869622527E+02    0.390713679790496826E+01    0.165940821170806885E-01    0.110977946817874908E+02
    0.196941593843854689E-02   -0.910677194595336914E+01    0.219882599021007340E-01    0.142313540725870560E-01    0.142100336551666260E+02    0.127626672387123108E+01    0.722227793335914559E+01
    0.811831933753818814E-04   -0.411035597324371338E+01    0.245535643423806420E+03    0.195964461995487120E+02    0.139417506456375122E+02    0.109896779060363770E+01    0.698404974341392482E+01
    0.235459715786848168E-02   -0.976064622402191162E+01    0.127126946615620025E+02    0.372652486403562250E+03    0.578299248218536377E+01    0.901968032121658325E+00    0.137133606672286987E+02
    0.300686351949736906E-04   -0.211329519748687744E+01    0.161067775180084971E+00    0.356434000119935357E+01    0.116879791021347046E+02    0.116806805133819580E+01    0.965044310688972473E+01
    0.237089102405635193E-02   -0.977708458900451660E+01    0.115580468348992056E+03    0.200366607295739713E+00    0.297915995121002197E+01    0.173044085502624512E+01    0.319580215811729440E+01
    0.365771143729655976E-03   -0.709312200546264648E+01    0.325645143366372594E+02    0.619674989500972970E+03    0.203813874721527100E+01    0.244714796543121338E+01    0.977524465322494507E+01
    0.735421777782117349E-03   -0.790300905704498291E+01    0.407541569923352085E+03    0.173959223965953619E+00    0.987183022499084473E+01    0.154616177082061768E+01    0.106426431536674500E+02
    0.194882012222736768E-04   -0.947544574737548828E+00    0.256637817023350181E+03    0.324861545134469898E+01    0.719156360626220703E+01    0.112619683146476746E+01    0.118985698938369744E+02
    0.204700778258709202E-03   -0.476406037807464600E+01    0.182995714747412630E+01    0.526463989461517112E+01    0.158932590484619141E+01    0.348439067602157593E+00    0.114231659233570095E+02
    0.696565502430471911E-03   -0.741058945655822754E+01    0.687727342460345836E+00    0.138309545217968726E+02    0.124345349073410034E+02    0.304896980524063110E+00    0.531606519818305934E+01
    0.141083403395390319E-02   -0.907356977462768555E+01    0.233610535256849801E+02    0.607013426086392656E+02    0.110947263240814209E+01    0.166623070836067200E+01    0.678303066492080653E+01
    0.345538685340621138E-04   -0.164409756660461426E+01    0.186977715307060208E+02    0.875305130205931192E+01    0.656880569458007812E+01    0.122855752706527710E+00    0.138644449174404141E+02
    0.240535254086486917E-04   -0.125802814960479736E+01    0.260807398230619381E+00    0.827285151673733954E-01    0.236328303813934326E+01    0.245544016361236572E+01    0.944027206301689148E+01
    0.144909205721283443E-02   -0.960426032543182373E+01    0.577499825046348669E-01    0.132110249557143655E+01    0.125749878883361816E+02    0.133513659238815308E+01    0.167281387448310870E+01
    0.266659095320103145E-04   -0.228016376495361328E+00    0.989364767506621806E-01    0.120327794300985698E+02    0.603118407726287842E+01    0.111761346459388733E+01    0.139382165968418121E+02
    0.110110059569346660E-02   -0.902519464492797852E+01    0.193779565454100045E+01    0.258236084551343623E+02    0.626047587394714355E+01    0.231502771377563477E+01    0.132568592131137848E+02
    0.554009383896637963E-04   -0.250988841056823730E+01    0.416641570376920072E+03    0.584950892110594367E+01    0.586406159400939941E+01    0.242986112833023071E+01    0.459793476462364215E+01
    0.199287913840846912E-04   -0.127587139606475830E+01    0.570840669580315652E+00    0.756562580298130449E-01    0.106755986213684082E+02    0.205537706613540649E+01    0.111686071813106533E+02
    0.255347731216476513E-02   -0.936933338642120361E+01    0.672178024015278464E+01    0.949115751432059868E-01    0.983401894569396973E+01    0.186990544199943542E+01    0.117749015748500820E+02
    0.394501648752340338E-04   -0.213938951492309570E+01    0.419815182120692612E+03    0.110776353326134158E+01    0.503389155864715576E+01    0.801980048418045044E+00    0.135219020843505859E+02
    0.545968880809583447E-04   -0.242339074611663818E+01    0.907008676593830332E+00    0.260331158874755246E+02    0.333942270278930664E+01    0.173230245709419250E+01    0.145383039951324466E+02
    0.104188651758007548E-02   -0.812661111354827881E+01    0.218071767415335160E+03    0.157319252320299050E+02    0.118343684673309326E+02    0.155593529343605042E+01    0.147941566109657296E+01
    0.154335900755430089E-03   -0.415921986103057861E+01    0.628093582948912541E+02    0.818678219610277580E+01    0.401598858833312988E+01    0.226875498890876770E+01    0.224129257798194903E+01
    0.205668036228874931E-04   -0.121248841285705566E+01    0.306360407385378279E-01    0.133507341923362404E+02    0.591333007812500000E+01    0.220478802919387817E+01    0.106831373810768131E+02
    0.198354118195300476E-03   -0.652360320091247559E+01    0.647250521690748570E+02    0.153056390633954287E+01    0.146061742305755615E+02    0.224248945713043213E+01    0.108789645731449127E+02
    0.135087004382597817E-03   -0.378263950347900391E+01    0.349430467900467079E+03    0.174634114920592260E+02    0.771911823749542236E+01    0.134372621774673462E+01    0.133857931315898888E+02
    0.237572944463388297E-03   -0.434222102165222168E+01    0.283862454087232090E-01    0.115093730442453879E+02    0.776253461837768555E+01    0.215969055891036987E+01    0.135811904788017266E+02
    0.351298210441062332E-04   -0.209532737731933594E+01    0.261112939521996705E-01    0.178078766882482198E+00    0.348382687568664551E+01    0.233235433697700500E+01    0.126771059632301331E+02
    0.298945406870613866E-03   -0.546184778213500977E+01    0.464297671297432324E+00    0.102242863608908996E-01    0.110446124076843262E+02    0.611071437597274780E+00    0.122239366948604591E+02
    0.723302031289443145E-03   -0.799765348434448242E+01    0.727817842145416876E+03    0.964452194138977204E-01    0.627698326110839844E+01    0.215305089950561523E+01    0.148057216703891754E+02
    0.566640640608687295E-04   -0.185968995094299316E+01    0.441517342721729378E+01    0.405874049840215108E+02    0.727549576759338379E+01    0.186953246593475342E+01    0.997536052465438772E+01
    0.167255487336872427E-02   -0.911008059978485107E+01    0.512068423166587960E+00    0.460287640051415281E+03    0.770563745498657227E+01    0.816179215908050537E+00    0.924254609346389699E+01
    0.644325303429206411E-03   -0.746364831924438477E+01    0.201406209900757773E+03    0.966718443811768338E+03    0.102273215055465698E+02    0.196371063590049744E+01    0.633799736499786359E+01
    0.625131543543640776E-03   -0.647739470005035400E+01    0.435592930252829618E+02    0.480501036447562857E+01    0.738358569145202637E+01    0.189928218722343445E+01    0.381221744418144226E+01
    0.424719600469035345E-04   -0.898953080177307129E+00    0.118536408407573628E+02    0.338715666010811560E+03    0.514019572734832764E+01    0.174743041396141052E+01    0.202602023482322702E+01
    0.106828686749896101E-02   -0.853510618209838867E+01    0.402458246744441652E+02    0.649267829906790212E+03    0.125313837528228760E+02    0.546744763851165771E+00    0.242800599336624146E+01
    0.191635886967980783E-03   -0.466562926769256592E+01    0.766782030223555466E+02    0.145594652074367758E+03    0.361312472820281982E+01    0.358850061893463135E+00    0.388844829797744751E+01
    0.732209652152157847E-03   -0.751878142356872559E+01    0.846835016287693179E+03    0.231605704947636966E+02    0.890831851959228516E+01    0.112235158681869507E+01    0.774949064254760689E+01
    0.449139534648818962E-03   -0.733236134052276611E+01    0.979044444209628864E+03    0.679071770006736908E+00    0.975898802280426025E+01    0.222831860184669495E+01    0.438996001482009834E+01
    0.143165546081001492E-02   -0.940106868743896484E+01    0.347962750337180609E+02    0.144749493755836802E+02    0.154465532302856445E+01    0.143851578235626221E+01    0.997747422456741262E+01
    0.771065763648449330E-04   -0.275663256645202637E+01    0.114694595469344695E-01    0.100470618291967958E-01    0.484471499919891357E+01    0.236186578869819641E+01    0.255910601019859341E+01
    0.174360675512015215E-02   -0.900823175907135010E+01    0.937166933969020377E+01    0.111242451053456037E+03    0.105441528558731079E+02    0.123728021979331970E+01    0.570245398283004779E+01
    0.290629009092034456E-03   -0.530522286891937256E+01    0.105556418735112061E+02    0.609122059106325553E+00    0.426226258277893066E+01    0.144125878810882568E+01    0.140901072502136238E+02
    0.474724802091725981E-03   -0.671206593513488770E+01    0.205090393889204414E+00    0.789844579766832144E-01    0.854201507568359375E+01    0.116148039698600769E+01    0.949432939291000366E+00
    0.124181971139312178E-03   -0.331150770187377930E+01    0.185539343101240817E+00    0.397127481562126903E+02    0.141040782928466797E+02    0.100542843341827393E+01    0.127027421236038212E+02
    0.517482123631519183E-03   -0.743270635604858398E+01    0.240034518075370712E+00    0.417822674684330053E+02    0.221138036251068115E+01    0.163277387619018555E+00    0.458980323672294599E+01
    0.121668414225014940E-03   -0.392182469367980957E+01    0.102168056743861797E+02    0.664821004852917258E-01    0.160794949531555176E+01    0.116066932678222656E+01    0.611929070353507942E+01
    0.164162023883339667E-04   -0.731302499771118164E+00    0.316258538543593737E+02    0.221484719249187947E+02    0.105535105466842651E+02    0.200391456484794617E+01    0.695871109962463397E+01
    0.433852493195099485E-04   -0.150053918361663818E+01    0.322720500065113969E+01    0.128651523971214199E+01    0.106452049016952515E+02    0.240317434072494507E+01    0.659412894845008868E+01
    0.589561090851398184E-03   -0.788138329982757568E+01    0.593097950587685663E+00    0.107001410006036746E+00    0.958883976936340332E+01    0.130484148859977722E+01    0.827095007896423318E+00
    0.142235683371227961E-02   -0.975283205509185791E+01    0.218474027384354341E+00    0.313877158765702990E-01    0.487037730216979980E+01    0.100366279482841492E+01    0.909506046175956762E+01
    0.221834053259671246E-02   -0.955052852630615234E+01    0.530487674381293850E+00    0.229761418292769332E+00    0.104197307825088501E+02    0.513289421796798706E+00    0.946173322200775146E+01
    0.127717124229039208E-02   -0.808688342571258545E+01    0.922909503699136735E+01    0.884625759676437168E-01    0.453527867794036865E+01    0.123132154345512390E+01    0.536966170072555560E+01
    0.683673635449557541E-04   -0.279319345951080322E+01    0.169540375393665600E-01    0.152303370724502507E+02    0.316579306125640869E+01    0.246059462428092957E+01    0.149201829612255104E+02
    0.305234829034351543E-04   -0.133178412914276123E+01    0.260693882944383901E+02    0.335837037398505256E+01    0.246609497070312500E+01    0.104771256446838379E+00    0.425146382451057381E+01
    0.536646632583291113E-04   -0.242111861705780029E+01    0.129923352141035411E-01    0.135568917151199841E+00    0.511070990562438965E+01    0.648396760225296021E+00    0.211893244385719326E+01
    0.520910350484481794E-04   -0.244431078433990479E+01    0.689238720486597067E+00    0.687915764676605146E-01    0.861931240558624268E+01    0.903773307800292969E-01    0.393116013407707232E+01
    0.483648491502854030E-03   -0.726008296012878418E+01    0.104944008504888089E+03    0.790890701156276910E+00    0.136083025932312012E+02    0.123555824160575867E+01    0.666311460733413696E+01
    0.371406462976643312E-03   -0.626565933227539062E+01    0.151219773576111347E+02    0.247845587808112233E+01    0.647161722183227539E+01    0.150932371616363525E-01    0.875413665175437927E+01
    0.554916829458367141E-03   -0.732474386692047119E+01    0.262860445297452202E+03    0.670805228327469649E+02    0.144907209873199463E+02    0.200329408049583435E+01    0.462890934944152832E+01
    0.214093578276982389E-04   -0.355082750320434570E+00    0.441664372959309770E+00    0.310452410741796854E+02    0.107906913757324219E+02    0.247166618704795837E+01    0.181999044418334965E+01
    0.520862596690044273E-04   -0.242248594760894775E+01    0.763518759696477787E+02    0.590252394259343447E+02    0.252094769477844238E+01    0.590790808200836182E+00    0.931232029199600242E+00
    0.924775976997608624E-04   -0.363678812980651855E+01    0.681191622245481909E+00    0.303100279669380868E+01    0.490071511268615723E+01    0.230975702404975891E+01    0.887018588185310364E+01
    0.212851731894398479E-03   -0.554497897624969482E+01    0.186303364038496625E+03    0.326139063374271815E-01    0.134961822032928467E+02    0.207482054829597473E+01    0.118775615692138681E+01
    0.624001924200215521E-04   -0.264971733093261719E+01    0.694683209045274808E+00    0.660688268573764448E-01    0.439648377895355225E+01    0.118137180805206299E+01    0.986764531135559153E+01
    0.269379722418198000E-03   -0.712763428688049316E+01    0.990614915718494899E+03    0.681278947488464670E+01    0.700050032138824463E+01    0.969389677047729492E+00    0.722586678266525251E+01
    0.221696614046299932E-03   -0.467269420623779297E+01    0.318439521222110002E+02    0.289498500405636176E-01    0.145674024820327759E+02    0.250030010938644409E+00    0.111593877196311944E+02
    0.980906839955407667E-03   -0.886750519275665283E+01    0.719814498752490567E-01    0.318254313177873138E+01    0.270276176929473877E+01    0.203297123312950134E+01    0.694244893193244916E+01
    0.155008030035404059E-03   -0.448682665824890137E+01    0.125600283357696121E+02    0.490811590135500921E+02    0.134393910169601440E+02    0.249951183795928955E+00    0.103260517597198493E+02
    0.223667992372764677E-04   -0.425533652305603027E+00    0.837675809443943487E-01    0.245741357688808826E+01    0.110389430522918701E+02    0.110003918409347534E+01    0.980392702817916906E+01
    0.206844030698995999E-03   -0.468989014625549316E+01    0.464094823418848418E-01    0.108561407684752038E-01    0.131070970296859741E+02    0.768705308437347412E+00    0.697339154481887835E+01
    0.156808932662035614E-02   -0.929522514343261719E+01    0.983745161613433766E+03    0.167624554808259347E+03    0.453503167629241943E+01    0.232490226626396179E+01    0.355926440358161944E+01
    0.191366844482228988E-04   -0.221164822578430176E+00    0.494856916069478722E-01    0.119619094988747605E+03    0.437350177764892578E+01    0.211112245917320251E+01    0.161555036902427696E+01
    0.151483054019698897E-03   -0.449165999889373779E+01    0.182198616519013854E+03    0.299204254650443924E+00    0.103905212879180908E+01    0.498221069574356079E+00    0.139485177755355831E+02
    0.215968277358213365E-04   -0.447944998741149902E+00    0.564166307892671193E-01    0.264552793936126477E+03    0.686337268352508545E+01    0.152632907032966614E+01    0.442388756275177020E+01
    0.363918993753403806E-04   -0.156444370746612549E+01    0.181964163018737218E+00    0.125852210206448820E+02    0.170088887214660645E+01    0.795199722051620483E+00    0.883260376453399587E+01
    0.303028294176863865E-04   -0.157036066055297852E+01    0.100033644350719797E+03    0.639064209231644753E+00    0.324585163593292236E+01    0.145998552441596985E+01    0.433169561028480476E+01
    0.157888475791863499E-03   -0.457858860492706299E+01    0.114238489561803167E+02    0.186670335626740957E+00    0.646736562252044678E+01    0.423582643270492554E+00    0.702001106142997688E+01
    0.599255018444854728E-03   -0.690926253795623779E+01    0.333765721752855571E-01    0.164114636987888174E+01    0.658687937259674072E+01    0.129639729857444763E+01    0.709917622804641724E+01
    0.547422301234126474E-04   -0.168763160705566406E+01    0.265959955002241677E+00    0.114050438177878011E+01    0.305994617938995361E+01    0.234815448522567749E+01    0.149855327010154724E+02
    0.850336348719688364E-04   -0.325447678565979004E+01    0.210164585460448365E+03    0.390120419715826117E+01    0.145243307352066040E+02    0.488157868385314941E+00    0.135690180540084846E+02
    0.149962039200945128E-03   -0.497778594493865967E+01    0.212970753177976167E-01    0.292870426689102089E+03    0.472433173656463623E+01    0.787899792194366455E+00    0.652507845759391802E+01
    0.360483333578448431E-03   -0.647038757801055908E+01    0.898174162222060772E+03    0.679056299141246456E+01    0.121212909221649170E+02    0.601707696914672852E+00    0.147551829278469082E+02
    0.105248882241574886E-02   -0.857111096382141113E+01    0.670405235283196362E+03    0.272381473293508325E+01    0.556667160987854004E+01    0.191627323627471924E+01    0.671634876132011360E+01
    0.411622887911386231E-04   -0.176377058029174805E+01    0.857343306969134522E+00    0.409262109339128557E+02    0.296214771270751953E+01    0.452649742364883423E+00    0.270573816895484942E+01
    0.797062649256779246E-04   -0.372884273529052734E+01    0.513288507235553637E+00    0.938319831753030030E+03    0.583686554431915283E+01    0.159375593066215515E+01    0.107121954262256622E+02
    0.124912088244059411E-03   -0.540301144123077393E+01    0.377301962808168128E+02    0.141303462023848567E+03    0.613393175601959229E+01    0.121629878878593445E+01    0.114727934658527371E+02
    0.111545820778286681E-02   -0.871476054191589355E+01    0.707331735303855794E+03    0.372232161555326391E+01    0.686920225620269775E+01    0.222913682460784912E+01    0.574094641208648682E+01
    0.398561280044107174E-03   -0.589734673500061035E+01    0.685595149187439579E+00    0.116438963918973869E+03    0.130389946699142456E+02    0.427754223346710205E+00    0.980822281241416860E+01
    0.245491542930665078E-03   -0.538255453109741211E+01    0.275486872245313519E+01    0.326045616047748794E+02    0.924100387096405029E+01    0.185848325490951538E+01    0.892190758585929800E+01
    0.284910263254415969E-03   -0.586933791637420654E+01    0.703244778648072222E+00    0.223752206792335429E+02    0.126251567602157593E+02    0.230235517024993896E+01    0.836621587872505224E+01
    0.541418615503215235E-03   -0.761125922203063965E+01    0.450032707044573144E+02    0.130474524413348170E-01    0.550911021232604980E+01    0.238117605447769165E+01    0.252453191876411465E+01
    0.426454604644641586E-03   -0.717055976390838623E+01    0.158766087283095459E+03    0.628627058394708715E+01    0.549542832374572754E+01    0.860533714294433594E+00    0.694648982882499677E+01
    0.805252836592525623E-03   -0.713215947151184082E+01    0.125402288981456316E+02    0.262618449244336853E-01    0.922835338115692139E+01    0.205433920025825500E+01    0.104819353520870209E+02
    0.680046826149657922E-03   -0.774327099323272705E+01    0.666975089363278789E-01    0.371914944875511765E+03    0.115123242139816284E+02    0.242407560348510742E+01    0.114843424379825585E+02
    0.281993787778074004E-04   -0.176366329193115234E+01    0.287820645281481013E+01    0.141534001847304303E+00    0.242386019229888916E+01    0.160459101200103760E+01    0.425435017943382210E+01
    0.162036540636237362E-03   -0.434444069862365723E+01    0.215753145298526249E+03    0.401005920800512968E+03    0.958086228370666504E+01    0.534081012010574341E+00    0.139857979357242588E+02
    0.164406030003415434E-02   -0.880877077579498291E+01    0.813347125473423603E+03    0.186922858613588289E+00    0.149841928482055664E+01    0.227953851222991943E+01    0.535994400978088326E+01
    0.611773369049990029E-03   -0.783056795597076416E+01    0.527318512783980994E-01    0.835649333668116157E+02    0.669108235836029053E+01    0.210029855370521545E+01    0.114620774388313307E+01
    0.737720891702259860E-03   -0.818860054016113281E+01    0.423373302437198215E-01    0.777359162350407829E+01    0.824064385890960693E+01    0.881565213203430176E+00    0.946358937025070190E+01
    0.578034926795588003E-04   -0.271921753883361816E+01    0.288052812397516966E+01    0.182978034497842501E+00    0.747974193096160889E+01    0.225873187184333801E+01    0.787156658172607404E+01
    0.730300284911902689E-03   -0.809493839740753174E+01    0.644917218956454175E+01    0.877289177328431369E-01    0.820767831802368164E+01    0.230915859341621399E+01    0.520568210482597316E+01
    0.891095552173006868E-04   -0.433660447597503662E+01    0.234596813185788455E+00    0.819141495680069665E-01    0.888982594013214111E+01    0.389079898595809937E+00    0.257289834618568447E+01
    0.572242834961967446E-03   -0.800121486186981201E+01    0.182379873688276774E+03    0.550566897643671155E+03    0.146092175245285034E+02    0.228397414088249207E+01    0.244619269371032733E+01
    0.850829664959065101E-04   -0.316978871822357178E+01    0.226713661345635586E+03    0.900174712041950897E+02    0.942362070083618164E+01    0.194346755743026733E+00    0.115361360788345344E+02
    0.148686981208454499E-03   -0.423225283622741699E+01    0.189782193827051948E+02    0.145635661126184157E+01    0.511473119258880615E+01    0.287712067365646362E+00    0.993205365538597107E+01
    0.502196868443216754E-03   -0.700392961502075195E+01    0.404921626469893325E+00    0.231080517980493823E+03    0.301574957370758057E+01    0.210577249526977539E-01    0.107289610505104061E+01
    0.525536310536604411E-03   -0.743380725383758545E+01    0.304106602214431199E+00    0.972268273233397622E+03    0.102708797454833984E+02    0.161291152238845825E+01    0.749158639311790431E+01
    0.714333259507721348E-03   -0.683601438999176025E+01    0.974908333588015097E+00    0.832295136983332640E+02    0.851166808605194092E+01    0.246775284409523010E+01    0.128509114980697636E+01
    0.621860869482335427E-03   -0.724332213401794434E+01    0.182563967089405494E+02    0.420498965945111269E+00    0.106867779493331909E+02    0.792482942342758179E+00    0.135467549324035641E+02
    0.875276980789863306E-04   -0.342950224876403809E+01    0.273511466894773525E+01    0.330071595795013991E+03    0.106793837547302246E+02    0.206365630030632019E+01    0.763253110051155037E+01
    0.174998094047103367E-02   -0.880301177501678467E+01    0.638460623367540392E+00    0.749203837531909045E+01    0.671052789688110352E+01    0.114781469106674194E+01    0.128633566737174991E+02
    0.869857666405787598E-04   -0.223559916019439697E+01    0.273873234580904623E+00    0.374153321431788726E+02    0.127685303688049316E+02    0.143105879426002502E+01    0.104326790392398827E+02
    0.876425108187513431E-03   -0.920463085174560547E+01    0.558759585556014710E-01    0.295764965725278453E-01    0.510794281959533691E+01    0.105348840355873108E+01    0.119995638966560367E+02
    0.255854070825878711E-03   -0.536202013492584229E+01    0.204333554210104381E+03    0.329531149577938720E+03    0.400990200042724609E+01    0.116862386465072632E+01    0.116953971505165093E+02
    0.549788904313765095E-03   -0.640568673610687256E+01    0.915975846319467223E+03    0.159840808584387091E+02    0.125601327419281006E+02    0.215886309742927551E+01    0.894354281425476039E+01
    0.622096760556878152E-03   -0.731676399707794189E+01    0.207830521201549567E+01    0.176667094394778568E+00    0.136036696434020996E+02    0.857823789119720459E+00    0.695048266649246238E+00
    0.210533657834012589E-04   -0.755881071090698242E+00    0.890735608225193801E+03    0.491439124874744806E+02    0.120978534221649170E+01    0.462498366832733154E+00    0.776644819974899292E+01
    0.405570845107566943E-04   -0.185377061367034912E+01    0.736801124973012023E+01    0.365402386901212708E+02    0.474648094177246094E+01    0.729479491710662842E+00    0.316242523789405849E+01
    0.726362325021390833E-04   -0.285693407058715820E+01    0.273282018214332556E+01    0.577792602090606522E+01    0.826597070693969727E+01    0.190507069230079651E+01    0.123290346503257755E+02
    0.560505170305709843E-03   -0.752910017967224121E+01    0.356133277039291229E+01    0.999580667937750439E-01    0.120691961050033569E+02    0.641798526048660278E+00    0.948453354835510298E+00
    0.247486670714919682E-04   -0.175278604030609131E+01    0.590342726263857216E+02    0.144935579927352065E+01    0.344468796253204346E+01    0.197507098317146301E+01    0.995619423985481333E+01
    0.202024220647088629E-03   -0.511286258697509766E+01    0.125355484320807502E+02    0.195748479003188756E+02    0.429838073253631592E+01    0.558014214038848877E+00    0.144396066427230831E+02
    0.178358401551564937E-03   -0.544698715209960938E+01    0.129637332415357811E+02    0.130935761135755584E+02    0.317014563083648682E+01    0.206591829657554626E+01    0.107968295693397529E+02
    0.713315321287234187E-03   -0.865821301937103271E+01    0.119836375332017325E+00    0.156428081241082630E-01    0.114454510211944580E+02    0.225961238145828247E+01    0.133434445321559902E+02
    0.810708795069150861E-04   -0.279548168182373047E+01    0.668928178382855315E-01    0.456565135614924872E-01    0.727881610393524170E+01    0.127993941307067871E+01    0.933435793519020152E+01
    0.722030519532835939E-04   -0.368049621582031250E+01    0.173405300658405082E+03    0.586121763096587767E+01    0.610036540031433105E+01    0.175272718071937561E+01    0.988715085387229919E+01
    0.390905850926031581E-04   -0.203107416629791260E+01    0.287442623767702479E+02    0.203171681932803203E+02    0.469721078872680664E+01    0.155877545475959778E+01    0.807447822093963730E+01
    0.436814968041835300E-04   -0.794547200202941895E+00    0.327125560254146023E+03    0.182527113508622449E+03    0.117294528484344482E+02    0.235607370734214783E+01    0.139882322430610664E+02
    0.311281385898535678E-03   -0.593806028366088867E+01    0.260178961732788537E+03    0.578690964564721622E+01    0.199340474605560303E+01    0.492313355207443237E+00    0.963864102363586461E+01
    0.762719674504877651E-03   -0.785732805728912354E+01    0.351734861757893091E+00    0.151283356817036897E-01    0.143659234046936035E+02    0.875386744737625122E+00    0.426526148915290815E+01
    0.582873527736259845E-04   -0.257764518260955811E+01    0.696259179716596371E-01    0.187611914212748865E+00    0.149741065502166748E+02    0.200475588440895081E+01    0.145890985131263733E+02
    0.105202864900553919E-02   -0.800233483314514160E+01    0.354898432869289043E-01    0.971892849141408561E+02    0.123138145208358765E+02    0.991697758436203003E+00    0.582049080133438057E+01
    0.732808046494485502E-03   -0.819711148738861084E+01    0.147268085878849292E-01    0.190985779425050066E-01    0.293444764614105225E+01    0.796275734901428223E+00    0.565656538009643572E+01
    0.191605349435812696E-04   -0.610164999961853027E+00    0.554564158248850719E-01    0.191237316071764599E-01    0.179664123058319092E+01    0.746728181838989258E+00    0.514635552167892474E+01
    0.374823604793457813E-03   -0.584281623363494873E+01    0.319431837393617286E+02    0.442774252216506227E+03    0.825113725662231445E+01    0.914904475212097168E+00    0.874414719939231944E+01
    0.404755879203725364E-04   -0.256101965904235840E+01    0.740743768888489207E+01    0.616693712320326739E+02    0.110111670494079590E+02    0.194378927350044250E+01    0.112994851708412174E+02
    0.874572850292932582E-04   -0.321903347969055176E+01    0.444952551147475006E+00    0.408067958950664831E+03    0.642437148094177246E+01    0.126170173287391663E+01    0.409473919272422826E+01
    0.224370724343956230E-03   -0.549148261547088623E+01    0.622732382988494351E+02    0.774320972708699984E-01    0.115925989151000977E+02    0.411186665296554565E+00    0.932167208194732644E+00
    0.433375731444975555E-04   -0.193022012710571289E+01    0.207306291239741228E+03    0.198695117891326078E+03    0.108163303136825562E+02    0.141157731413841248E+01    0.126250565469264977E+02
    0.139306942399221821E-03   -0.478038430213928223E+01    0.599610164220196225E+03    0.149608004956745273E-01    0.116271115541458130E+02    0.129619091749191284E+01    0.138504838407039639E+02
    0.507881658939241128E-03   -0.675865709781646729E+01    0.885113356183398620E-01    0.806035093101353027E+03    0.589832639694213867E+01    0.120833948254585266E+01    0.575846347808837855E+01
    0.423365371638539424E-03   -0.591617405414581299E+01    0.806782151748950469E+03    0.838746602560971510E+01    0.594944322109222412E+01    0.111149296164512634E+01    0.135241161406040185E+02
    0.230550185561213395E-04   -0.629744529724121094E+00    0.881308389629445327E-01    0.239194712933460210E+02    0.496661031246185303E+01    0.190804436802864075E+01    0.137260153353214260E+02
    0.211877642477936333E-02   -0.962036788463592529E+01    0.824015983016490594E-01    0.936736666044506450E+02    0.736874389648437500E+01    0.163316816091537476E+01    0.103030630528926856E+02
    0.153140348467196085E-03   -0.417989850044250488E+01    0.151439199925197503E+02    0.405441682342229853E+03    0.125005469322204590E+02    0.234173923730850220E+01    0.977317358255386281E+01
    0.169235659010201534E-04   -0.636027455329895020E+00    0.217911824548113857E-01    0.546407712101243836E+00    0.145763896703720093E+02    0.259999334812164307E+00    0.101505177617073072E+01
    0.138155176617573805E-02   -0.933874309062957764E+01    0.172952807277148968E+01    0.157545821099437000E+01    0.749972736835479736E+01    0.162449359893798828E+01    0.262622841596603429E+01
    0.127084605975062714E-02   -0.839096546173095703E+01    0.267929649109323158E+02    0.432800673204962530E-01    0.869210863113403320E+01    0.155153900384902954E+01    0.837568312287330663E+01
    0.194061018501279411E-04   -0.704765915870666504E+00    0.387163316360616649E+01    0.254341136673092372E+02    0.160715091228485107E+01    0.193347007036209106E+01    0.696003082990646327E+01
    0.656324282405205977E-04   -0.225649595260620117E+01    0.283612449799568178E-01    0.737500210113068455E+01    0.886128556728363037E+01    0.706035643815994263E+00    0.693632985949516279E+01
    0.186812311793112080E-04   -0.106741607189178467E+01    0.913260833902313607E+02    0.954459200225659060E+03    0.608298182487487793E+01    0.143264159560203552E+01    0.544244313836097682E+01
    0.150088172838642791E-02   -0.925276517868041992E+01    0.322753631957095536E+03    0.754562473679626891E+02    0.971097123622894287E+01    0.107262298464775085E+01    0.104772283732891083E+02
    0.101383166661904618E-02   -0.844943642616271973E+01    0.405961013238621860E+01    0.689561646824729166E+02    0.120016820430755615E+02    0.272042006254196167E+00    0.331454413533210790E+01
    0.802432672478715784E-03   -0.708984196186065674E+01    0.485302808361850468E-01    0.144912288677062495E+02    0.789504349231719971E+01    0.198753640055656433E+01    0.105114152491092678E+02
    0.173646769729686023E-02   -0.916731297969818115E+01    0.330013616121050291E+03    0.171050299481557505E+00    0.108885049819946289E+01    0.211755990982055664E+01    0.116742370605468757E+02
    0.196078278295627464E-04   -0.380424857139587402E+00    0.117980374032541535E+01    0.403625234281164591E+00    0.366404545307159424E+01    0.232459023594856262E+01    0.102864856064319614E+02
    0.491429841444844507E-03   -0.732162237167358398E+01    0.240198764554818389E+01    0.133955967584860267E-01    0.561222255229949951E+01    0.673425197601318359E+00    0.149178641080856327E+02
    0.727100390596098598E-03   -0.699569880962371826E+01    0.457309906527696569E+03    0.273941013532243822E+02    0.339537274837493896E+01    0.238885417580604553E+01    0.123035361468791962E+02
    0.458501934695842013E-04   -0.185930848121643066E+01    0.358853376965942639E+01    0.280187983298876304E+02    0.698522710800170898E+01    0.983164757490158081E+00    0.567402471899986249E+01
    0.170799836760069968E-03   -0.432140529155731201E+01    0.247025574824397978E+03    0.381429660298737474E+03    0.819494688510894775E+01    0.191255092620849609E+01    0.106425747692584984E+02
    0.260485636763412530E-03   -0.571413934230804443E+01    0.817332251599267035E+00    0.125117412751554212E+03    0.125980550050735474E+02    0.748092681169509888E+00    0.406738454103469849E+01
    0.438656622497971094E-04   -0.181294918060302734E+01    0.424913167949367399E+01    0.928442515694195281E-01    0.804888045787811279E+01    0.198404744267463684E+01    0.119843949913978580E+02
    0.125455948179803293E-03   -0.422358095645904541E+01    0.174822098184555870E+03    0.258800895378375060E+03    0.387502491474151611E+01    0.117017030715942383E+01    0.473101792931556719E+01
    0.770750547631256916E-03   -0.835372507572174072E+01    0.246042856966076506E+02    0.607110322670037922E-01    0.594131553173065186E+01    0.434371531009674072E+00    0.126512335658073418E+02
    0.554296653415551070E-03   -0.710905432701110840E+01    0.109426833756338882E+00    0.795068545951438921E+02    0.805271983146667480E+01    0.522755086421966553E-01    0.123302371501922607E+02
    0.437070969838560116E-04   -0.100111842155456543E+01    0.215121433112729989E+03    0.311310654152803394E+02    0.149254964590072632E+02    0.103293582797050476E+01    0.331832925677299517E+01
    0.155501400117919277E-02   -0.985588192939758301E+01    0.769887737679844419E+00    0.642029818076982561E+01    0.571429097652435303E+01    0.129052057862281799E+01    0.115180105566978463E+01
    0.137893813856514473E-02   -0.858374953269958496E+01    0.465355264352103930E+02    0.864596501157244433E+02    0.108471654653549194E+02    0.237947165966033936E+01    0.551799014806747401E+01
    0.862689495313270684E-04   -0.287778913974761963E+01    0.933258717153022888E+00    0.882649832415231685E+02    0.684433603286743164E+01    0.202612027525901794E+01    0.153918629884719871E+01
    0.304404269530182788E-04   -0.555258989334106445E-01    0.390414100910253239E+03    0.199743619421051843E+00    0.129480504989624023E+02    0.376666188240051270E+00    0.694969146251678449E+01
    0.249874272541113023E-03   -0.551968693733215332E+01    0.144576384733591690E+01    0.915653323835420863E-01    0.133009666204452515E+02    0.708409994840621948E+00    0.755975854396820068E+01
    0.102101976687103018E-02   -0.902404546737670898E+01    0.201782159135165146E+00    0.108163413889902568E+00    0.403749608993530273E+01    0.398188829421997070E+00    0.746912966370582598E+01
    0.192027977434508301E-04   -0.749155879020690918E+00    0.686419157691770238E+03    0.138352356841548740E+02    0.169138681888580322E+01    0.642408579587936401E+00    0.128179565310478214E+02
    0.187599703748161435E-03   -0.478624522686004639E+01    0.677198541222023351E+02    0.360477538731510435E+03    0.130735557079315186E+02    0.151870593428611755E+01    0.127595296025276177E+02
    0.104759657396538537E-03   -0.417246103286743164E+01    0.953571339527913148E-01    0.210887676225352756E+02    0.242976820468902588E+01    0.412730872631072998E-01    0.130102286219596870E+02
    0.201371134732690303E-03   -0.546561360359191895E+01    0.184791972684580051E-01    0.137423381054136562E+01    0.140096886157989502E+02    0.442304015159606934E+00    0.113410344719886780E+02
    0.535761520452530623E-03   -0.702265381813049316E+01    0.819461963568600682E-01    0.291490579824746135E+03    0.126852198839187622E+02    0.137918949127197266E+01    0.120449764728546143E+02
    0.139484190907483230E-03   -0.497178733348846436E+01    0.686631062919696028E-01    0.499365594966454732E-01    0.823059356212615967E+01    0.137813374400138855E+01    0.105849968731403354E+02
    0.360084641257816585E-03   -0.700550734996795654E+01    0.215086065919878111E+01    0.233640226391954586E+01    0.248803639411926270E+01    0.184087663888931274E+01    0.133645859718322750E+02
    0.445688229729537455E-04   -0.156812548637390137E+01    0.260907641951827030E+00    0.100429080423380146E+02    0.640580463409423828E+01    0.211489155888557434E+01    0.583813309073448128E+01
    0.121978948824195401E-02   -0.907151460647583008E+01    0.238902031570569136E+03    0.100259798123087975E-01    0.278315079212188721E+01    0.508266687393188477E+00    0.669598175287246722E+01
    0.367041395996478811E-04   -0.197004973888397217E+01    0.673567125739667760E-01    0.463377095136645156E+01    0.285381078720092773E+01    0.243550196290016174E+01    0.114813042163848884E+02
    0.138497919247849158E-03   -0.428285956382751465E+01    0.109533139551085221E+00    0.133703874322282281E-01    0.100859197378158569E+02    0.719390362501144409E+00    0.118730518519878387E+02
    0.233390361632482572E-03   -0.591830849647521973E+01    0.577082440440810700E+02    0.722403014552166767E-01    0.117986683845520020E+02    0.181575208902359009E+01    0.529669997692108119E+01
    0.761722982282795518E-03   -0.739838123321533203E+01    0.980513792776717530E+01    0.254069600620494274E+00    0.943911838531494141E+01    0.126153811812400818E+01    0.459560347795486468E+01
    0.330269651757836007E-04   -0.202840507030487061E+01    0.211723268566393931E-01    0.189662573401911994E+01    0.960669732093811035E+01    0.235456585884094238E+01    0.690965017080306954E+01
    0.231148164512001844E-03   -0.521390140056610107E+01    0.237465040668994725E+02    0.357910677528405756E+02    0.918890154361724854E+01    0.511466115713119507E+00    0.114076835155487064E+02
    0.198958181949229177E-03   -0.566972553730010986E+01    0.150230354927351755E+02    0.104524669364621769E+01    0.243893647193908691E+01    0.407540798187255859E+00    0.143687878251075762E+01
    0.130461592685280042E-03   -0.498801052570343018E+01    0.199707546162219041E+01    0.984698551230529961E+00    0.305528235435485840E+01    0.524822473526000977E+00    0.965526553988456726E+01
    0.411655364888557644E-04   -0.234415352344512939E+01    0.841900875324558662E+01    0.160538287226083227E+02    0.867065370082855225E+01    0.358818471431732178E+00    0.518841903805732674E+01
    0.216055125366468018E-04   -0.119954943656921387E+01    0.144589203461339411E+00    0.327084617417266799E+00    0.144537900686264038E+02    0.230350479483604431E+01    0.492505025267600960E+01
    0.232772903609162075E-02   -0.922521412372589111E+01    0.324566255586713055E+02    0.378513496350268099E+03    0.129323875904083252E+02    0.174624755978584290E+01    0.121981859683990486E+02
    0.809332448845727359E-04   -0.242372632026672363E+01    0.363326098333346508E+02    0.504869760860058960E+02    0.136031414270401001E+02    0.827458500862121582E-01    0.110087439715862274E+02
    0.252657711356621371E-04   -0.981329679489135742E+00    0.874268173059413698E+03    0.685455997772733416E-01    0.101265031099319458E+02    0.197442725300788879E+01    0.665839785933494532E+01
    0.163033301625773921E-04   -0.335529446601867676E+00    0.800908441223142642E-01    0.695573889048058530E-01    0.803728806972503662E+01    0.763406157493591309E+00    0.361247369050979650E+01
    0.141671928752455612E-02   -0.821213483810424805E+01    0.295900290455675874E+01    0.883830030726276483E+01    0.778811597824096680E+01    0.233654484152793884E+01    0.119620341777801507E+02
    0.788721049993022891E-04   -0.271569728851318359E+01    0.277251227703145531E+00    0.409203192212675848E+01    0.805492198467254639E+01    0.879938006401062012E+00    0.637739566564559901E+01
    0.712476879552825511E-03   -0.769616544246673584E+01    0.801893164254781610E+01    0.330216680190240686E+01    0.402299642562866211E+01    0.196097552776336670E+01    0.114670402944087986E+02
    0.838567919344839104E-04   -0.393596589565277100E+01    0.457199707292118840E-01    0.725939456680225703E+02    0.771782398223876953E+01    0.188021361827850342E+00    0.845896467566490173E+01
    0.384001794806040886E-03   -0.640728116035461426E+01    0.176784317250395269E+02    0.204622243607789889E+01    0.541156876087188721E+01    0.122181460261344910E+01    0.599728314876556379E+01
    0.269887433875094069E-03   -0.540430188179016113E+01    0.380528696556847179E-01    0.962997398649906700E+03    0.395583534240722656E+01    0.491448044776916504E+00    0.434339733719825727E+01
    0.184235866302081240E-02   -0.918646514415740967E+01    0.829285994716666096E+03    0.284640509492962379E+00    0.113320146799087524E+02    0.676683932542800903E+00    0.920472418665885961E+01
    0.241197653107237225E-03   -0.502944409847259521E+01    0.199951496452526056E+01    0.302347111637983057E-01    0.991742539405822754E+01    0.129457071423530579E+01    0.193867025375366220E+01
    0.131258884378830757E-03   -0.327504277229309082E+01    0.145137102962507960E+02    0.100014864712904505E+01    0.145250375270843506E+02    0.196923002600669861E+01    0.596203143000602687E+01
    0.149984177392505991E-02   -0.977660119533538818E+01    0.183097811407275302E+02    0.924793024218317683E+01    0.243911755084991455E+01    0.179129213094711304E+01    0.143806529641151437E+01
    0.151957340934389240E-04   -0.103349924087524414E+01    0.651883253066881174E+01    0.710529396115433542E+03    0.358331346511840820E+01    0.124644249677658081E+01    0.129922568440437320E+02
    0.113374901717802601E-02   -0.836128473281860352E+01    0.187533422687638611E-01    0.488455440991011833E-01    0.641086399555206299E+01    0.585411638021469116E+00    0.519204518795013392E+01
    0.136966715163810309E-03   -0.401113688945770264E+01    0.757270229984468841E+02    0.151201282783543490E+03    0.125422943830490112E+02    0.137882292270660400E+01    0.518023422360420227E+01
    0.783680963860185572E-04   -0.396412730216979980E+01    0.161510341533020352E+02    0.112784456952645868E+02    0.469109165668487549E+01    0.179044246673583984E+01    0.485922359824180550E+01
    0.792145569331121675E-04   -0.302928328514099121E+01    0.395171436193497289E-01    0.193774060319437467E+03    0.646222198009490967E+01    0.205006614327430725E+01    0.265344452261924779E+01
    0.819341175110239908E-03   -0.917729675769805908E+01    0.663552111921220378E-01    0.275705344371452277E+00    0.415978610515594482E+01    0.128290206193923950E+01    0.136003567636013027E+02
    0.104666881393398080E-04   -0.324296951293945312E-01    0.486470135296542400E-01    0.195295943879197820E+01    0.625350391864776611E+01    0.789004117250442505E+00    0.140029402196407311E+02
    0.390386724343190277E-02   -0.990307569503784180E+01    0.641981532745374284E-01    0.980872488450714464E+01    0.130469079017639160E+02    0.185591027140617371E+01    0.100619520604610440E+02
    0.226135517155891945E-04   -0.890160799026489258E+00    0.107087177630534605E+02    0.205528245910798590E+01    0.784862554073333740E+01    0.193870916962623596E+01    0.119514985382556915E+02
    0.965958638457283946E-04   -0.458379805088043213E+01    0.109149797768608101E+00    0.174533982961468292E+01    0.854196417331695557E+01    0.237900286912918091E+01    0.424020881652832049E+01
    0.564428582240538725E-03   -0.715963184833526611E+01    0.199137791138489632E+03    0.239177019175970473E+01    0.200444555282592773E+01    0.214173868298530579E+01    0.801611168384552109E+01
    0.197711314511399283E-02   -0.935687541961669922E+01    0.351371933835084249E+02    0.675252813719865799E+02    0.779719495773315430E+01    0.119290009140968323E+01    0.401167877912521398E+01
    0.738328829700643269E-03   -0.835473299026489258E+01    0.404828162842928734E+02    0.203887026066467598E+03    0.398907876014709473E+01    0.238437905907630920E+01    0.522798163890838641E+01
    0.206779270021148053E-03   -0.556779682636260986E+01    0.250001458897849194E+01    0.624528745320834938E-01    0.392806851863861084E+01    0.186263337731361389E+01    0.116435724258422848E+02
    0.216001175011113390E-04   -0.748193264007568359E-01    0.100929667650250764E-01    0.195779430453282388E+00    0.108332649469375610E+02    0.861927121877670288E+00    0.700454908013343758E+01
    0.168311946148312985E-04   -0.164512991905212402E+00    0.139396045178893530E+03    0.555004406871589637E+02    0.629451370239257812E+01    0.189328864216804504E+01    0.133576720416545864E+02
    0.614059654062809986E-04   -0.279890894889831543E+01    0.342217750857406244E+00    0.630858131050345960E+02    0.321102106571197510E+01    0.182607725262641907E+01    0.639934706091880745E+01
    0.230572126384587035E-04   -0.293374657630920410E+00    0.543498610567930918E+01    0.381182128819436855E+03    0.708410537242889404E+01    0.683188438415527344E-02    0.400595846772193909E+01
    0.128429758011325176E-03   -0.312624752521514893E+01    0.912423819360366110E+03    0.168008427904464064E+01    0.522078084945678711E+01    0.817549079656600952E+00    0.373805588483810425E+01
    0.249784778731408251E-02   -0.996642529964447021E+01    0.412443357069825697E-01    0.235833600471321461E+03    0.799432563781738281E+01    0.201160401105880737E+01    0.597882912755012530E+01
    0.907618575068005920E-03   -0.758948147296905518E+01    0.113437218371951246E+03    0.106120584185130170E+03    0.196996712684631348E+01    0.408084690570831299E-01    0.829809957742691062E+00
    0.359333165114162072E-03   -0.648962199687957764E+01    0.668471503246222953E+00    0.358591950765692946E+01    0.319351482391357422E+01    0.170505106449127197E+01    0.406697423458099383E+01
    0.957006572227271689E-03   -0.810806453227996826E+01    0.538589762766472219E-01    0.201707289681872098E-01    0.861685991287231445E+01    0.632552504539489746E+00    0.284851238131523132E+01
    0.121590571044287492E-03   -0.504070818424224854E+01    0.196744245876203050E+01    0.792626837130190893E+03    0.140450774431228638E+02    0.161457404494285583E+01    0.915998479723930359E+01
    0.151624541924162660E-03   -0.509851098060607910E+01    0.256064582914614558E+01    0.139409208188179590E+00    0.133218257427215576E+02    0.102215066552162170E+01    0.580827485918998665E+01
    0.110403645974236389E-03   -0.375036776065826416E+01    0.952387546346226799E+00    0.132703460160357896E+02    0.155718147754669189E+01    0.142858222126960754E+01    0.888897116780281138E+01
    0.201960655909384129E-04   -0.136995136737823486E+01    0.977048686907882669E+01    0.252649227324736728E+03    0.789868259429931641E+01    0.239170596003532410E+01    0.310155689716339111E+01
    0.268673506624905426E-04   -0.588889718055725098E+00    0.236045796353285181E+00    0.178274226019596007E+02    0.148835670948028564E+02    0.533830672502517700E+00    0.613405275344848677E+00
    0.157830377724645024E-04   -0.293896198272705078E+00    0.221006959143812143E+01    0.254751624697554604E+02    0.148240038156509399E+02    0.630220323801040649E+00    0.485914534330368020E+00
    0.266708900212402236E-04   -0.279601216316223145E+00    0.836918521925553716E-01    0.391745259556022987E+02    0.148946371078491211E+02    0.119230434298515320E+01    0.235468626022338867E+00
    0.254852151269311624E-04   -0.570320487022399902E+00    0.871370219263949752E+00    0.465027100781755678E+02    0.142412109375000000E+02    0.249320983886718750E+01    0.491474986076354980E+00
    0.290662404244598980E-04   -0.992773771286010742E+00    0.114297393695201910E+01    0.320590221883704913E+02    0.143988230228424072E+02    0.146720528602600098E+01    0.484601908922195457E+00
    0.189516085077491316E-04   -0.945453643798828125E+00    0.231876303899221023E-01    0.100799265476460183E-01    0.145767092704772949E+02    0.169283270835876465E+01    0.588513350486755349E+00
    0.114250533148441843E-03   -0.331472039222717285E+01    0.133136099956210030E+01    0.373204796706983046E+02    0.147941716909408569E+02    0.539663434028625488E-01    0.524300390481948875E+00
    0.364193848213114859E-04   -0.181436300277709961E+01    0.171743389635100141E+01    0.150451608046293719E-01    0.148502677679061890E+02    0.127496585249900818E+01    0.589736276865005515E+00
    0.277402291475831669E-04   -0.146160960197448730E+01    0.951844077718582288E-01    0.375498912521370187E+00    0.145403099060058594E+02    0.153252661228179932E+01    0.602642279863357500E+00
    0.508970787839095016E-04   -0.161317169666290283E+01    0.129319103694124637E+00    0.400617555078313899E+03    0.140622682571411133E+02    0.490322709083557129E-01    0.483182710409164495E+00
    0.235069935355005325E-04   -0.894609093666076660E+00    0.627290688725241665E+02    0.504656875334940858E+00    0.142037810087203979E+02    0.230310484766960144E+01    0.571736079454422064E+00
    0.287548138283858260E-03   -0.627609133720397949E+01    0.121222350103126816E-01    0.271426782755020135E-01    0.149190744161605835E+02    0.240722894668579102E+00    0.636909085512161299E+00
    0.450035663564269609E-03   -0.837123930454254150E+01    0.365607154780209054E+00    0.745396193793810014E+01    0.149628763198852539E+02    0.100415527820587158E+01    0.545640766620635986E+00
    0.242406632459681242E-04   -0.755558013916015625E+00    0.557972260291747261E+03    0.119525160440121994E+02    0.138497467041015625E+02    0.205270081758499146E+01    0.451797819137573220E+00
    0.108967535799263127E-03   -0.425211846828460693E+01    0.355441795947253425E+02    0.180083742589286402E+03    0.134417041540145874E+02    0.227187961339950562E+01    0.685755091905593916E+00
    0.219696331990312288E-04   -0.759136080741882324E+00    0.125300476772732788E+00    0.108265639354732262E+02    0.132216665744781494E+02    0.245058685541152954E+01    0.336298328638076793E+00
    0.197955283175231674E-03   -0.480193257331848145E+01    0.519808931175736802E-01    0.287318501437671993E-01    0.143945029973983765E+02    0.256648510694503784E+00    0.259658056497573897E+00
    0.581419836752707065E-03   -0.709001898765563965E+01    0.156924542177919490E+01    0.235900285768172381E+03    0.146636521816253662E+02    0.846107006072998047E+00    0.485324829816818237E+00
    0.109829855020696681E-03   -0.369175314903259277E+01    0.134430673795540093E-01    0.117330998852479906E+01    0.139939030408859253E+02    0.481442809104919434E+00    0.433728349208831854E+00
    0.107191156069795100E-02   -0.806277692317962646E+01    0.425160679500518711E+03    0.171687252972087521E+03    0.148806539773941040E+02    0.151567488908767700E+01    0.608348381519317583E+00
    0.174606116886698550E-04   -0.678194165229797363E+00    0.829678066790367208E-01    0.403907739109687185E+02    0.123372012376785278E+02    0.162815079092979431E+01    0.655484777688980058E+00
    0.105425500037269367E-02   -0.835649371147155762E+01    0.179794580603926519E+02    0.392776536692128930E+01    0.148732005357742310E+02    0.121411383152008057E+01    0.646467804908752441E+00
    0.115971022236536144E-03   -0.298114359378814697E+01    0.659033421835295599E+02    0.442332625212676564E-01    0.143244229555130005E+02    0.102136328816413879E+01    0.207088208198547369E+00
    0.243821217715812367E-04   -0.661931037902832031E+00    0.553109228941618070E+00    0.234031340492753814E-01    0.131274220943450928E+02    0.632596015930175781E-01    0.578021228313446045E+00
    0.404844471803611955E-04   -0.204676985740661621E+01    0.216822106059251105E+02    0.180589191584578912E+01    0.134985704421997070E+02    0.115393221378326416E+01    0.614362657070159912E+00
    0.801204701206040113E-04   -0.344695985317230225E+01    0.194156919798601413E+01    0.148744591913940605E+01    0.136180983781814575E+02    0.940005928277969360E+00    0.555450820922851585E+00
    0.954378131795164276E-04   -0.409703969955444336E+01    0.482399015272000184E+02    0.775744937015380884E+02    0.138952442407608032E+02    0.161487504839897156E+01    0.487238705158233643E+00
    0.316346882468269909E-04   -0.911472439765930176E+00    0.155704026242910544E+03    0.255789065443640384E+00    0.132102010250091553E+02    0.201549276709556580E+01    0.613063353300094649E+00
    0.174968477354837796E-03   -0.454519987106323242E+01    0.132148548709623975E-01    0.144569936112956765E+01    0.137245151996612549E+02    0.109333857893943787E+01    0.491548699140548773E+00
    0.546513246090857426E-03   -0.703322112560272217E+01    0.118142585445779422E+00    0.232518536890576888E+01    0.142600990533828735E+02    0.482572168111801147E+00    0.291758763790130660E+00
    0.100269826711436286E-03   -0.326054275035858154E+01    0.175420869277832098E+00    0.561644681713432820E-01    0.135179951190948486E+02    0.744801163673400879E+00    0.245244044065475481E+00
    0.981859092634798560E-03   -0.937788367271423340E+01    0.503215458538174332E+01    0.148361621371177504E+00    0.149046840667724609E+02    0.688542574644088745E+00    0.531454110145568870E+00
    0.934451901897743813E-04   -0.290149152278900146E+01    0.505721923749424956E-01    0.686890073716161087E+01    0.129065667390823364E+02    0.232783094048500061E+01    0.540366286039352439E+00
    0.214540112501954281E-04   -0.418574810028076172E+00    0.895036401722636583E+02    0.355643568941896646E+02    0.130650082826614380E+02    0.110152781009674072E+01    0.281483340263366744E+00
    0.142920477980290378E-03   -0.507925927639007568E+01    0.797382282570553574E-01    0.854023220030611085E+01    0.132302423715591431E+02    0.213411897420883179E+01    0.685279953479766890E+00
    0.374672571521564497E-03   -0.682557523250579834E+01    0.434694604210148286E-01    0.160755635930716657E-01    0.141580573320388794E+02    0.161691650748252869E+01    0.243077057600021379E+00
    0.203739575875653738E-04   -0.692999362945556641E+00    0.752298333083182797E+03    0.145170192704266965E+01    0.128488926887512207E+02    0.643962621688842773E-01    0.452881312370300271E+00
    0.962544707188776985E-04   -0.319335579872131348E+01    0.508160593587529945E+03    0.163849610060643371E+02    0.137205806970596313E+02    0.243184909224510193E+01    0.322725355625152588E+00
    0.344252897885834663E-03   -0.572711169719696045E+01    0.208918398217545365E+01    0.169677901612896553E+01    0.141100847721099854E+02    0.568726807832717896E+00    0.152173751592636131E+00
    0.194551174499489932E-04   -0.934614539146423340E+00    0.152842445227912009E+03    0.112863056119822480E+01    0.131669023036956787E+02    0.226868495345115662E+01    0.273694622516632124E+00
    0.129325127268128362E-02   -0.884968221187591553E+01    0.192431034467214317E-01    0.488798326337323008E+01    0.144116220474243164E+02    0.229340538382530212E+01    0.260555934906005870E+00
    0.115894187018707640E-02   -0.874308228492736816E+01    0.876574393191391323E+03    0.816322519436452723E+02    0.148499790430068970E+02    0.227389469742774963E+01    0.327855962514877364E+00
    0.830768620557594960E-03   -0.813616931438446045E+01    0.746606996347225604E+00    0.185842998493155526E+00    0.143769725561141968E+02    0.110559955239295959E+01    0.314147108793258689E+00
    0.653459455448040182E-03   -0.656636118888854980E+01    0.338806420698225441E+01    0.228768151820295387E+02    0.138423099517822266E+02    0.114225327968597412E+01    0.438321650028228760E+00
    0.447967403712160072E-03   -0.761535942554473877E+01    0.329430671781583528E+00    0.495911219089457447E+02    0.140028051137924194E+02    0.248763561248779297E+00    0.150508546829223655E+00
    0.180237579584690031E-03   -0.461807787418365479E+01    0.303419469790599230E+02    0.350650762265179594E+02    0.126305657625198364E+02    0.762170553207397461E+00    0.663529270887374900E+00
    0.121919265325685249E-02   -0.942332208156585693E+01    0.369413185757374496E+01    0.313380776217573809E+01    0.145853017568588257E+02    0.160716190934181213E+01    0.395828288793563909E+00
    0.879711158295259097E-03   -0.777533948421478271E+01    0.295435500159946796E+00    0.271426931762682733E+00    0.141883734464645386E+02    0.935326814651489258E+00    0.357229286432266258E+00
    0.488267229033631639E-04   -0.187077879905700684E+01    0.268108236380235390E+02    0.784106342171998421E+02    0.125283304452896118E+02    0.305633693933486938E+00    0.531029593944549627E+00
    0.731155121244629884E-04   -0.222933113574981689E+01    0.359229110485642833E+01    0.467176361816089084E-01    0.133829936981201172E+02    0.220477923750877380E+01    0.143663889169692999E+00
    0.461115226208310065E-03   -0.640879213809967041E+01    0.113976346125015859E+01    0.752453945431807192E+01    0.135741337537765503E+02    0.953495502471923828E-01    0.365169870853424117E+00
    0.374178398455686111E-03   -0.582763373851776123E+01    0.480648382963216321E+02    0.103253350782264919E+01    0.140685784816741943E+02    0.157742425799369812E+01    0.260104775428771973E+00
    0.210850533021327023E-04   -0.855484604835510254E+00    0.996858197815328495E+01    0.303879595750795684E+01    0.123136910200119019E+02    0.225163996219635010E+00    0.506311738491058372E+00
    0.114462963133010764E-02   -0.949155569076538086E+01    0.715959275624645898E+03    0.136574418617789803E+03    0.147630594968795776E+02    0.176134780049324036E+01    0.108406841754913330E+00
    0.737853190491943709E-04   -0.297075212001800537E+01    0.252523735782179529E+03    0.245200774278541083E+02    0.129997564554214478E+02    0.141967982053756714E+01    0.479047673940658614E+00
    0.112621364880031711E-02   -0.922408759593963623E+01    0.381044250756510175E-01    0.172700052085193150E+02    0.136830372810363770E+02    0.154969528317451477E+01    0.649208509922027610E+00
    0.230141077283030952E-04   -0.392998456954956055E+00    0.625906475522242204E+03    0.737934867212247354E+03    0.120520520210266113E+02    0.156028106808662415E+01    0.550810450315475486E+00
    0.185512649747097280E-04   -0.722333192825317383E+00    0.460308297781752174E+01    0.299710388101161740E+00    0.125238935947418213E+02    0.131091371178627014E+01    0.314569848775863692E+00
    0.221686045235932423E-03   -0.611730396747589111E+01    0.237608483645482877E+02    0.356603445845727890E+03    0.125913050174713135E+02    0.165569096803665161E+01    0.688963830471038818E+00
    0.182074999684992312E-02   -0.899153232574462891E+01    0.446253475152459771E+03    0.118348266237670319E+01    0.142914140224456787E+02    0.211352244019508362E+01    0.475243902206420876E+00
    0.903692018291926561E-04   -0.365267872810363770E+01    0.290691685487577178E+00    0.444486179656963465E+01    0.125394213199615479E+02    0.119962155818939209E+01    0.226927679777145397E+00
    0.106718962275739499E-02   -0.880131602287292480E+01    0.272480369096997332E+01    0.400889481609101039E-01    0.139211435317993164E+02    0.147038564085960388E+01    0.690631699562072709E+00
    0.771546985922985412E-03   -0.761050283908843994E+01    0.772080722038055889E+00    0.264592046321668697E+02    0.134121023416519165E+02    0.798097401857376099E+00    0.319864755868911721E+00
    0.525263512177398463E-04   -0.268910825252532959E+01    0.270173810212499106E+02    0.182987401803661669E+02    0.127633124589920044E+02    0.172211214900016785E+01    0.228685247898101823E+00
    0.191746296998365724E-03   -0.440786123275756836E+01    0.990885642520694176E+02    0.149697555259453111E-01    0.132039358615875244E+02    0.133743137121200562E+01    0.375279217958450317E+00
    0.113511814261569558E-02   -0.882122874259948730E+01    0.230660776461454053E+00    0.173278022902050537E+03    0.137059108018875122E+02    0.202343761920928955E+01    0.130159300565719616E+00
    0.194156850505702774E-03   -0.567228138446807861E+01    0.479784405882698639E+01    0.913542140783879745E+03    0.128784027099609375E+02    0.191994786262512207E+01    0.435351812839508079E+00
    0.379658599048937736E-03   -0.671348512172698975E+01    0.131119276000154148E+02    0.229054233739449042E+01    0.136941715478897095E+02    0.207575649023056030E+01    0.130458593368530273E+00
    0.368871026829404149E-03   -0.668191730976104736E+01    0.336396920675430602E-01    0.139480976095777420E+00    0.131210467815399170E+02    0.113915309309959412E+01    0.331561154127120949E+00
    0.237007720318722193E-03   -0.580598831176757812E+01    0.178943801993994214E+02    0.126515977060679234E-01    0.134283351898193359E+02    0.202652484178543091E+01    0.250168609619140669E+00
    0.456993226761857427E-04   -0.284959673881530762E+01    0.585735928737083841E-01    0.130126216574174913E+01    0.121079670190811157E+02    0.148134499788284302E+01    0.179719346761703480E+00
    0.924076531501235622E-03   -0.745039224624633789E+01    0.431748561100066524E+03    0.161781242981080742E+01    0.137245143651962280E+02    0.468082726001739502E+00    0.251715695858001687E+00
    0.625253466261498580E-03   -0.717196404933929443E+01    0.209344913137043998E+01    0.257277826169894863E+00    0.132663187980651855E+02    0.610609650611877441E+00    0.611659252643585227E+00
    0.228685506076717034E-02   -0.930736243724822998E+01    0.582663821183007080E+00    0.275965648935198038E-01    0.138384380340576172E+02    0.634935200214385986E+00    0.182730925083160411E+00
    0.104469428966971430E-02   -0.837770879268646240E+01    0.407780137811538657E-01    0.596553950986842452E+01    0.130460834503173828E+02    0.633528977632522583E+00    0.491911935806274458E+00
    0.126718192680811982E-03   -0.389938890933990479E+01    0.631601008553181273E+02    0.319895434438497994E+00    0.126622103452682495E+02    0.591496527194976807E+00    0.377448868751525946E+00
    0.783691140554936602E-03   -0.751164913177490234E+01    0.985727945689843494E+02    0.209965915490281547E-01    0.132202571630477905E+02    0.344047248363494873E+00    0.614356440305709794E+00
    0.148017907753394929E-04   -0.131083130836486816E+00    0.485924967026679505E-01    0.448660355370082309E+00    0.110127592086791992E+02    0.131339803338050842E+01    0.630774915218353271E+00
    0.176593336091274600E-02   -0.993594884872436523E+01    0.102633819317350383E+01    0.218541802677002822E+00    0.133978313207626343E+02    0.728871226310729980E+00    0.599036556482315130E+00
    0.290627539500688868E-03   -0.614268124103546143E+01    0.168740272896943511E+01    0.527228490066618519E+03    0.126695536375045776E+02    0.185167193412780762E+01    0.195666235685348522E+00
    0.166592129520031019E-04   -0.220611095428466797E+00    0.787305449690475778E+00    0.469197666508876665E+02    0.110634905099868774E+02    0.742457360029220581E+00    0.116501957178115845E+00
    0.330582743404839641E-03   -0.549180805683135986E+01    0.840192753519644620E-01    0.100084358746550126E+00    0.124257755279541016E+02    0.101734161376953125E+01    0.641937559843063332E+00
    0.398413440178412134E-03   -0.751341462135314941E+01    0.262900998097053314E-01    0.282218813283377168E+01    0.126748015880584717E+02    0.113360747694969177E+01    0.111047190427780162E+00
    0.248997469182521164E-03   -0.566655457019805908E+01    0.669958309625949511E+02    0.261674238024015494E+03    0.127043758630752563E+02    0.139523267745971680E+01    0.260753095149993896E+00
    0.425228581764012156E-04   -0.984950661659240723E+00    0.654173521031934797E+02    0.156496689531136768E-01    0.115352035760879517E+02    0.338452309370040894E+00    0.487368369102478050E+00
    0.758042989886588040E-04   -0.232954859733581543E+01    0.191986379468627483E+00    0.618164355296940116E+02    0.115415037870407104E+02    0.125773176550865173E+01    0.118302154541015628E+00
    0.240915557149262916E-03   -0.571777284145355225E+01    0.737253582985894013E+03    0.167053977163163729E+02    0.128263162374496460E+02    0.238353505730628967E+01    0.218140727281570440E+00
    0.441008184759010761E-04   -0.313528239727020264E+01    0.393163614421022656E-01    0.505206348805720307E+01    0.113053501844406128E+02    0.212278768420219421E+01    0.619766801595687866E+00
    0.780288450265976814E-03   -0.829982280731201172E+01    0.333688407482500509E+02    0.108841087975310895E+02    0.129850022792816162E+02    0.154068186879158020E+01    0.529702758789062478E+00
    0.398437042693099551E-04   -0.234940290451049805E+01    0.497471453547718781E-01    0.129606591406266680E+00    0.114623222351074219E+02    0.148151397705078125E+01    0.479049450159072854E+00
    0.347998876560616407E-04   -0.239159286022186279E+01    0.544684578180434295E-01    0.369152983503587995E+00    0.113687561750411987E+02    0.240511238574981689E+01    0.220510202646255482E+00
    0.249616897517252606E-03   -0.531213164329528809E+01    0.136357159765301162E+03    0.213227246903414068E-01    0.126094554662704468E+02    0.177075147628784180E+01    0.274755024909973167E+00
    0.770113789090769510E-04   -0.320240020751953125E+01    0.368914735480322387E-01    0.203100868281265647E+02    0.113621346950531006E+02    0.124812349677085876E+01    0.286334192752838113E+00
    0.979542122569517382E-04   -0.409653484821319580E+01    0.649748927239120455E+01    0.871729425061414531E+02    0.115019526481628418E+02    0.158508911728858948E+01    0.533379530906677224E+00
    0.457490639378290884E-03   -0.571373403072357178E+01    0.126478720142331746E+00    0.361811435630632383E+01    0.122156372070312500E+02    0.195273920893669128E+01    0.121438068151474010E+00
    0.135329644837458988E-03   -0.439843535423278809E+01    0.914036768935430899E-01    0.389000966832114617E-01    0.117424579858779907E+02    0.231977358460426331E+01    0.110544520616531375E+00
    0.156182841164840354E-03   -0.430725038051605225E+01    0.101271338004129796E+00    0.602511500673017935E+02    0.107284845113754272E+02    0.150635957717895508E+01    0.649415439367294289E+00
    0.205937205534032099E-04   -0.130831241607666016E+01    0.265533884820675468E+02    0.192000661226005633E+03    0.113254991769790649E+02    0.159387379884719849E+01    0.261746001243591320E+00
    0.632650480444523909E-03   -0.722964823246002197E+01    0.408500828483994667E+03    0.382974885293056400E+00    0.126924288272857666E+02    0.147666037082672119E-01    0.156581437587738043E+00
    0.252338841709325722E-04   -0.554894208908081055E+00    0.254943400768845412E-01    0.119147919012581927E+00    0.106293008327484131E+02    0.183243349194526672E+01    0.156872737407684343E+00
    0.179077586639865343E-02   -0.935348570346832275E+01    0.296380943335611602E+00    0.713668734157182350E+01    0.125803960561752319E+02    0.820223391056060791E+00    0.349385505914688088E+00
    0.204744790406561657E-03   -0.577088236808776855E+01    0.594614488331530879E+03    0.705967462373357613E+00    0.122157039642333984E+02    0.144893676042556763E+00    0.101413869857788094E+00
    0.145556350007026189E-02   -0.936645865440368652E+01    0.129722744566075448E+03    0.230888977843862558E+00    0.132336177825927734E+02    0.168121129274368286E+01    0.138475555181503313E+00
    0.104094461008536260E-03   -0.342801868915557861E+01    0.137750076695446005E+00    0.265570804283850291E-01    0.114037027359008789E+02    0.226477190852165222E+01    0.381436479091644354E+00
    0.185187344597195118E-02   -0.995057344436645508E+01    0.149329181709991321E+01    0.166019823521827902E+03    0.123192135095596313E+02    0.518167614936828613E+00    0.580613619089126565E+00
    0.357308021777988689E-04   -0.214837372303009033E+01    0.300658906636160097E+02    0.526376496621036267E+02    0.111857354640960693E+02    0.233609929680824280E+01    0.456947964429855413E+00
    0.235805523952703316E-04   -0.362377762794494629E+00    0.722819944743212539E+00    0.163405567474636026E+00    0.105314956903457642E+02    0.169459193944931030E+01    0.593462783098220870E+00
    0.122743371307294963E-04   -0.170896649360656738E+00    0.544358369856155419E-01    0.400493423460781806E+01    0.994928443431854248E+01    0.160463750362396240E+00    0.585311716794967629E+00
    0.838953899589620490E-04   -0.346183657646179199E+01    0.324047320493131474E+01    0.846528241367712099E+03    0.107867877483367920E+02    0.115883082151412964E+01    0.575992786884307884E+00
    0.497683028647393009E-03   -0.657549202442169189E+01    0.163892184431207420E-01    0.519914883439625344E-01    0.120706614255905151E+02    0.125769019126892090E+01    0.302487123012542769E+00
    0.615669887614893915E-03   -0.671587467193603516E+01    0.112019425042363657E-01    0.178800532468756330E+03    0.119034855365753174E+02    0.163390517234802246E+01    0.348865962028503396E+00
    0.175027094184704670E-02   -0.934492826461791992E+01    0.528002289379111858E+02    0.232776943803164329E+03    0.124063124656677246E+02    0.247063353657722473E+01    0.613820022344589211E+00
    0.931621617028347785E-03   -0.764421224594116211E+01    0.206669270981642654E+02    0.144792510275556552E+02    0.119162161350250244E+02    0.299954563379287720E+00    0.591216754913330145E+00
    0.112793833382524017E-03   -0.439930021762847900E+01    0.847336786261771238E+02    0.876994359077200329E+03    0.113201477527618408E+02    0.190439358353614807E+01    0.571158808469772405E+00
    0.273517162499966151E-03   -0.454192996025085449E+01    0.650973734607913773E-01    0.253708502530746841E+03    0.111692163944244385E+02    0.998356789350509644E+00    0.414901322126388528E+00
    0.794380327727645498E-03   -0.729849696159362793E+01    0.244302119139983454E+00    0.114063102016944882E+02    0.120406682491302490E+02    0.131506294012069702E+01    0.180859678983688377E+00
    0.236712899802699571E-02   -0.986456990242004395E+01    0.686242918205859087E-01    0.546980948397624012E+00    0.125820558071136475E+02    0.106919065117835999E+01    0.397551220655441351E+00
    0.255484142443811093E-02   -0.975836098194122314E+01    0.117284180481285801E-01    0.837613040020796396E+00    0.125247005224227905E+02    0.130138233304023743E+01    0.607422083616256714E+00
    0.545964275968406783E-03   -0.715042591094970703E+01    0.173854157987495803E+02    0.200074393366545776E-01    0.123938105106353760E+02    0.163251638412475586E+01    0.257096749544143688E+00
    0.897532488858023139E-04   -0.395668089389801025E+01    0.205836363422211566E+01    0.272340728945632238E+01    0.111822741031646729E+02    0.239123702049255371E+01    0.334485697746276900E+00
    0.704085666188452620E-03   -0.826103091239929199E+01    0.632420269179557408E+02    0.179700368166884039E+01    0.120179073810577393E+02    0.325190722942352295E+00    0.619331628084182739E+00
    0.805828838744743333E-03   -0.756946802139282227E+01    0.241503895004983406E+03    0.105046737853492812E-01    0.121437088251113892E+02    0.467343032360076904E+00    0.473223453760147073E+00
    0.158331881783347760E-02   -0.904820621013641357E+01    0.152199581695692115E-01    0.446935418162755980E+02    0.115356124639511108E+02    0.241814419627189636E+01    0.615050941705703735E+00
    0.121357608120995221E-03   -0.487688243389129639E+01    0.236006114527619687E+00    0.586084519566987608E-01    0.111078556776046753E+02    0.107134118676185608E+01    0.329435908794403098E+00
    0.816783358269718623E-04   -0.346464157104492188E+01    0.339803297221507039E-01    0.450234290178782512E-01    0.107226107120513916E+02    0.147370308637619019E+01    0.517080062627792381E+00
    0.289904239990080551E-03   -0.546863734722137451E+01    0.872166580658455121E-01    0.101023254031879905E+01    0.111428030729293823E+02    0.505115985870361328E+00    0.121734696626663211E+00
    0.185683825283442894E-04   -0.126793384552001953E+00    0.946452917444476904E+00    0.120119926148046174E+00    0.984904766082763672E+01    0.187518164515495300E+01    0.429882836341857977E+00
    0.117635857260532886E-03   -0.420848786830902100E+01    0.529735750980417253E+00    0.465119078150825249E+01    0.107103590965270996E+02    0.147768467664718628E+01    0.292341363430023204E+00
    0.625515726971261066E-03   -0.739063382148742676E+01    0.836809064943029597E+02    0.995221474060607320E-01    0.119770127534866333E+02    0.202614873647689819E+01    0.427049767971038885E+00
    0.209297387684671604E-02   -0.984247863292694092E+01    0.354049010157134122E-01    0.413303016682347902E+03    0.116727784872055054E+02    0.117365300655364990E+01    0.543903625011444070E+00
    0.231907324126166832E-04   -0.124531447887420654E+01    0.274559579464020374E+03    0.965464398389881673E+01    0.104322127103805542E+02    0.157214164733886719E+01    0.304871696233749434E+00
    0.749936000461414961E-03   -0.718708634376525879E+01    0.732899180671075512E+00    0.154875007837594847E+01    0.115999664068222046E+02    0.713096857070922852E+00    0.117545485496520996E+00
    0.597797877460906393E-04   -0.260382413864135742E+01    0.101748623701836260E+01    0.151253751891481714E+00    0.104580444097518921E+02    0.196015179157257080E+01    0.639066302776336692E+00
    0.285671249217816234E-03   -0.605642378330230713E+01    0.160846604808875355E+02    0.141535283889979401E-01    0.116571497917175293E+02    0.162961483001708984E+01    0.264283329248428345E+00
    0.115922511880395864E-03   -0.294398546218872070E+01    0.149143247142005022E-01    0.137855893462236201E+00    0.104701683521270752E+02    0.598992854356765747E+00    0.379729533195495628E+00
    0.112216106937987575E-02   -0.909751594066619873E+01    0.344294641116366026E-01    0.749472257042213386E+01    0.116514662504196167E+02    0.107907980680465698E+01    0.297277474403381370E+00
    0.592495782185319619E-03   -0.741409182548522949E+01    0.108792714967888826E+01    0.395023293370688311E+01    0.115843836069107056E+02    0.242211058735847473E+01    0.156430459022521978E+00
    0.147177003890123728E-03   -0.447881221771240234E+01    0.608718076459804358E-01    0.445085392588139006E+00    0.107404265403747559E+02    0.184047922492027283E+01    0.242109906673431408E+00
    0.538084660815119401E-03   -0.715293932647516062E+01    0.488937378656045182E-01    0.715774327648424446E+03    0.106569075855333146E+02    0.117709991801298197E+01    0.632742405121317852E+00
    0.232927349914446798E-04   -0.118238925933837891E+01    0.809095662876406496E-01    0.400038566569784759E+01    0.946876525878906250E+01    0.568965822458267212E+00    0.563594782352447532E+00
    0.604141982995160166E-04   -0.328195452690124512E+01    0.168747452252669561E+01    0.574081010198535751E+02    0.104794667959213257E+02    0.134514391422271729E+01    0.207094424962997459E+00
    0.836874725029077043E-04   -0.378309071063995361E+01    0.286472964633236643E+03    0.206143132147575125E+00    0.105957419872283936E+02    0.918393284082412720E+00    0.637233245372772261E+00
    0.900149047514955475E-04   -0.389316976070404053E+01    0.117892564101439712E+01    0.122789698351998586E+00    0.106447033882141113E+02    0.242188706994056702E+01    0.196916693449020408E+00
    0.275223290562540958E-04   -0.138512969017028809E+01    0.201154576718060163E+02    0.108225735725232255E+03    0.991855859756469727E+01    0.776846706867218018E-01    0.400459778308868475E+00
    0.573535419468738231E-04   -0.248332738876342773E+01    0.125339244434177233E+01    0.122338971763380835E+00    0.102618182897567749E+02    0.544235259294509888E+00    0.160013979673385626E+00
    0.217578275113828443E-04   -0.117593765258789062E+01    0.234933515160109657E+00    0.158530975122728668E+01    0.951231682300567627E+01    0.149932816624641418E+01    0.512459230422973699E+00
    0.171855823368125498E-03   -0.549505114555358887E+01    0.729885082413615720E+02    0.100117000933837158E-01    0.112206903696060181E+02    0.145515322685241699E+01    0.182513338327407848E+00
    0.265592136490934915E-03   -0.572850942611694336E+01    0.624650212880418607E+02    0.122046665140805352E+00    0.112053512334823608E+02    0.183015823364257812E+01    0.444848364591598489E+00
    0.830725036893240754E-04   -0.353189170360565186E+01    0.155635231453216733E+03    0.487887959431546753E-01    0.107232106924057007E+02    0.219627484679222107E+01    0.388564443588256814E+00
    0.107815940314649587E-03   -0.423652410507202148E+01    0.754369359460835511E+02    0.636998692963211738E+03    0.102372174263000488E+02    0.200546592473983765E+01    0.620859175920486450E+00
    0.156841728047674308E-02   -0.900067433371252434E+01    0.186262630455163887E+02    0.593079240017654797E+03    0.113796516012573310E+02    0.246764650425794319E+01    0.559047811749087686E+00
    0.239862259108079097E-03   -0.540854930877685547E+01    0.319331371118539986E-01    0.449616605895326913E+02    0.104671868085861206E+02    0.134980976581573486E+00    0.339832115173339888E+00
    0.229245780037169810E-04   -0.150286793708801270E+01    0.180284940624228867E+02    0.252424461388387357E+03    0.101496928930282593E+02    0.212121188640594482E+01    0.268328666687011719E+00
    0.504865095597223563E-03   -0.731385290622711182E+01    0.324530131585952745E+03    0.158522903278416543E+02    0.111388393640518188E+02    0.761091858148574829E+00    0.512557810544967629E+00
    0.127448072344906518E-03   -0.363142490386962891E+01    0.242346286263819870E+02    0.426908785653253098E+01    0.106744395494461060E+02    0.151969268918037415E+01    0.257312560081481956E+00
    0.398016939002517783E-03   -0.659534573554992676E+01    0.286159033933973745E+02    0.246243183274106556E+02    0.100935417413711548E+02    0.264189094305038452E+00    0.684917604923248269E+00
    0.375135672326668479E-03   -0.573261559009552002E+01    0.218591057912856115E+03    0.110944022380381702E+01    0.112069141864776611E+02    0.145331680774688721E+01    0.180198037624359153E+00
    0.267512165443104606E-03   -0.608080089092254639E+01    0.364706122592732204E-01    0.214178874397699303E+03    0.105163142681121826E+02    0.141514688730239868E+01    0.338203322887420665E+00
    0.101352397183140431E-02   -0.845149099826812744E+01    0.127005203892028476E+03    0.259442809332345860E+03    0.116804388761520386E+02    0.142802372574806213E+01    0.162614363431930531E+00
    0.395438342150323499E-03   -0.689604163169860840E+01    0.360532310228918185E+01    0.396144472947241755E+00    0.110161604881286621E+02    0.885240733623504639E-01    0.270251423120498657E+00
    0.178710852764727581E-04   -0.568894147872924805E+00    0.139944162598373400E-01    0.105870995117899921E+00    0.921415746212005615E+01    0.385601818561553955E-01    0.251550507545471203E+00
    0.185514750950411270E-04   -0.340200066566467285E+00    0.939704072250404892E+02    0.723056880939779063E+02    0.945479547977447510E+01    0.167060419917106628E+01    0.423315268754959173E+00
    0.485191701461288954E-03   -0.601872801780700684E+01    0.103982345053901387E-01    0.971630778619267943E+02    0.101958813667297363E+02    0.447259098291397095E+00    0.507363259792327881E+00
    0.377110713009171073E-04   -0.824254155158996582E+00    0.163924060599961585E+02    0.924833513542505727E+02    0.984589421749114990E+01    0.922037512063980103E+00    0.115303009748458862E+00
    0.172896471086774264E-02   -0.946223437786102295E+01    0.946027344911856432E+02    0.259229111954191573E+02    0.117623583078384399E+02    0.213315472006797791E+01    0.177898722887039173E+00
    0.561364211238166107E-04   -0.278680145740509033E+01    0.544788348153569046E+01    0.347937583800304387E-01    0.988347518444061279E+01    0.260364711284637451E+00    0.417718404531478904E+00
    0.158879859969482447E-04   -0.204833149909973145E+00    0.143846822765742193E+02    0.377141522281337815E+01    0.948696243762969971E+01    0.493287444114685059E+00    0.106358861923217779E+00
    0.192590162838009345E-02   -0.960022032260894775E+01    0.578184948147577593E+00    0.117462344505126354E-01    0.113477376699447632E+02    0.224199190735816956E+01    0.451116639375686690E+00
    0.290370128524903583E-03   -0.570506658697167968E+01    0.296450957072696497E+03    0.104981270886717212E+03    0.103823015685059232E+02    0.531222105781652743E+00    0.489568087038607436E+00
    0.101587905245531924E-03   -0.420906590493567556E+01    0.247862868308286330E+02    0.397898715410284831E+01    0.102862437339757253E+02    0.485304524049885111E+00    0.160017690079345465E+00
    0.293624804380260458E-03   -0.592155456542968750E+01    0.119416187814801546E+03    0.224339791788341444E+03    0.103228110074996948E+02    0.219401717185974121E+01    0.547513788938522317E+00
    0.606784630020914842E-04   -0.265483736991882324E+01    0.391165564682268325E+02    0.586477666713669464E+03    0.993764531612396240E+01    0.226761475205421448E+01    0.160815054178237937E+00
    0.246740265628112238E-03   -0.523385703563690186E+01    0.249434010151378999E+03    0.281906410563531074E+01    0.104962011575698853E+02    0.218074440956115723E+01    0.260559487342834517E+00
    0.496867050830606121E-03   -0.745489358901977539E+01    0.338939714215215460E+00    0.196161917628366600E-01    0.104339483976364136E+02    0.578456670045852661E+00    0.290740102529525757E+00
    0.146680652808716338E-02   -0.942569971084594727E+01    0.556107550283662586E-01    0.608729605554082998E+01    0.108080574274063110E+02    0.479435920715332031E-01    0.126672583818435686E+00
    0.784066032924598958E-03   -0.805807054042816162E+01    0.280759766611713076E+03    0.248807537538766876E+01    0.110442878007888794E+02    0.135731026530265808E+01    0.100748676061630252E+00
    0.672803786855842665E-03   -0.744008712482125567E+01    0.276420825476757115E+00    0.221378534627511073E-01    0.105341361450909847E+02    0.205638742136201191E+01    0.219244069185837553E+00
    0.829865149284383517E-03   -0.766928195953369141E+01    0.567315268858583636E+03    0.501180891660444994E+00    0.107379007339477539E+01    0.129656985402107239E+01    0.188935256004333502E+00
    0.263234623646143879E-02   -0.999992311000823975E+01    0.436838369964937037E-01    0.808816213032615039E+01    0.123516726493835449E+01    0.915711224079132080E+00    0.121897220611572266E+00
    0.177868567651278948E-02   -0.964279923773192138E+01    0.133076337924367492E-01    0.103087566884037928E-01    0.119005521928809022E+01    0.109928221842617169E+01    0.595327303232179639E+00
    0.834373434426152185E-03   -0.814921975135803223E+01    0.103568326831302471E+03    0.501577315601659732E-01    0.143798065185546875E+01    0.220725968480110168E+01    0.169507867097854620E+00
    0.674704341106993383E-03   -0.772101640701293945E+01    0.224517394092058531E+02    0.316187058868772214E-01    0.116063785552978516E+01    0.257795304059982300E+00    0.165767151117324818E+00
    0.167646884736636173E-02   -0.882493913173675537E+01    0.211063058255485991E+00    0.151542740808608922E+02    0.123217403888702393E+01    0.229870051145553589E+01    0.229350441694259666E+00
    0.159534192900262690E-02   -0.997896373271942139E+01    0.406540036692133011E+01    0.743432137517694436E+00    0.180290222167968750E+01    0.961035788059234619E+00    0.200438934564590443E+00
    0.189000152649685532E-02   -0.933891713619232178E+01    0.150614015037305336E+03    0.135542294401610097E+01    0.183430981636047363E+01    0.185315743088722229E+01    0.516123569011688210E+00
    0.128962402313763684E-02   -0.972927927970886230E+01    0.164857823158573891E+00    0.167334636271922199E+01    0.128149843215942383E+01    0.486800670623779297E+00    0.655343568325042702E+00
    0.302094846396505927E-03   -0.533092498779296875E+01    0.230197214821562739E+03    0.694541259855680077E-01    0.124670958518981934E+01    0.226249843835830688E+01    0.351231884956359930E+00
    0.139970031443476710E-02   -0.969110369682312012E+01    0.401841796406499796E+01    0.912084271286797588E+00    0.201041281223297119E+01    0.173291862010955811E+00    0.120776426792144786E+00
    0.593669836306635066E-03   -0.753340899944305420E+01    0.248761101228571668E+01    0.103567999904969232E+01    0.159087550640106201E+01    0.136626854538917542E+01    0.172631347179412864E+00
    0.117213880950698258E-02   -0.895712018013000488E+01    0.249133826087738264E+02    0.497406596190119732E-01    0.198782384395599365E+01    0.114271491765975952E+01    0.528158336877822876E+00
    0.149046011149039437E-03   -0.444360673427581787E+01    0.230202617350031886E+02    0.139721351488883046E-01    0.117785871028900146E+01    0.891365706920623779E+00    0.113716846704483038E+00
    0.507696932564324454E-03   -0.727226619052506162E+01    0.448554707036302111E-01    0.129650105615478038E-01    0.145286626610101832E+01    0.248268261606731500E+01    0.288436184929015349E+00
    0.973323147546602924E-04   -0.402920464791101551E+01    0.206531617217946319E+02    0.302760389197268864E+01    0.111474163883937805E+01    0.215299644013971792E+01    0.320030503599246785E+00
    0.828706421592837698E-03   -0.906807541847229004E+01    0.413125793202144621E+03    0.784793869563058966E+01    0.223416209220886230E+01    0.955046564340591431E+00    0.168018507957458485E+00
    0.289831836643048143E-02   -0.990169107913970947E+01    0.222727014807459653E+03    0.723456911721818869E+02    0.268209874629974365E+01    0.199413105845451355E+01    0.288061565160751321E+00
    0.199058219443419993E-02   -0.905342996120452881E+01    0.216865348307839559E-01    0.259876153995825121E+03    0.174932456016540527E+01    0.330966114997863770E+00    0.378607851266861029E+00
    0.269838419845209055E-03   -0.565360188484191895E+01    0.214368320269389478E+01    0.703635393519210783E-01    0.144554090499877930E+01    0.708505511283874512E-01    0.215076750516891485E+00
    0.559836276755055367E-03   -0.724522665664296639E+01    0.267682227527193106E+02    0.103986386648343795E+00    0.228392896695809311E+01    0.225824521129383626E+01    0.123076803756143091E+00
    0.632455783005496136E-03   -0.790491878986358643E+01    0.360652421038097498E-01    0.493522461020026587E-01    0.179529607295989990E+01    0.133014231920242310E+01    0.245305323600769065E+00
    0.498366238129301520E-03   -0.701184988021850586E+01    0.336834700047418494E+03    0.247387957964489793E+02    0.165506005287170410E+01    0.391858369112014771E+00    0.518810987472534180E+00
    0.244841780059082068E-02   -0.983975172042846680E+01    0.134970084487356545E+01    0.665548154340549619E-01    0.246874105930328369E+01    0.111573264002799988E+01    0.667993795871734575E+00
    0.162390826133963231E-02   -0.928890407085418701E+01    0.706790831801815358E+02    0.159871304360232322E+02    0.197277677059173584E+01    0.561998784542083740E+00    0.633646172285079912E+00
    0.889936414029567004E-04   -0.340734601020812988E+01    0.831907993616958095E+02    0.353346105739169164E-01    0.138311874866485596E+01    0.155827224254608154E+01    0.197893613576889060E+00
    0.130232424845030947E-02   -0.900658309459686279E+01    0.190341847476379940E+02    0.534588185735364174E+01    0.241575920581817627E+01    0.204653337597846985E+01    0.587237137556076094E+00
    0.160912068782785708E-03   -0.455208599567413330E+01    0.330377607205082535E+01    0.172496570342542128E+02    0.175647425651550293E+01    0.139198899269104004E+01    0.161480247974395752E+00
    0.208692490854238237E-02   -0.949443995952606201E+01    0.283574734637096469E+03    0.344850449515982271E+01    0.292474699020385742E+01    0.184323802590370178E+01    0.463114994764328047E+00
    0.739170645350345793E-03   -0.760686755180358887E+01    0.529420166599761899E+02    0.159215439633792366E+00    0.248867809772491455E+01    0.168136700987815857E+01    0.558087617158889771E+00
    0.212609786448925272E-02   -0.998046398162841797E+01    0.496078201367521829E-01    0.985148009978681127E+00    0.269698727130889893E+01    0.138910710811614990E+01    0.106941461563110352E+00
    0.332797619267845193E-03   -0.585662424564361572E+01    0.650257153823279865E-01    0.758904649221634827E+03    0.142911863327026367E+01    0.225552633404731750E+01    0.457242816686630249E+00
    0.248187180304813913E-03   -0.531698763370513916E+01    0.117461103187597704E+01    0.118110258253004106E-01    0.180716800689697266E+01    0.202727690339088440E+01    0.322857683897018410E+00
    0.486507336070753660E-04   -0.248207508830983237E+01    0.199713121404753724E+01    0.772397714495665494E-01    0.111473594068657689E+01    0.408244597810823555E-02    0.266125824515845766E+00
    0.402422926781283272E-03   -0.637617409229278564E+01    0.641555933100567444E+01    0.118572953094578759E+01    0.238361895084381104E+01    0.142083764076232910E+01    0.295066970586776778E+00
    0.283098802283455564E-03   -0.598009824752807617E+01    0.496307153052903445E+02    0.193135385055881869E+03    0.206165730953216553E+01    0.391340404748916626E+00    0.343871235847473145E+00
    0.638738634846688913E-03   -0.732024252414703369E+01    0.107329867086299870E+03    0.178466323595639798E+00    0.259855544567108154E+01    0.866200178861618042E+00    0.451086443662643499E+00
    0.580578284556228837E-03   -0.710963428020477295E+01    0.464015403066854937E+01    0.312979922746125823E+02    0.265427851676940918E+01    0.146725535392761230E+01    0.142507570981979387E+00
    0.528548222148181952E-04   -0.310449123382568359E+01    0.211347157797713049E-01    0.355016715484690559E+01    0.102132058143615723E+01    0.111439391970634460E+01    0.170349794626235951E+00
    0.178379040636550434E-03   -0.429392516613006592E+01    0.271299262195792721E+03    0.144527600622021302E+00    0.226075482368469238E+01    0.247447907924652100E+01    0.255731725692749046E+00
    0.676078235927253144E-04   -0.369370043277740479E+01    0.200131379244531324E-01    0.617487026143444306E+00    0.128611469268798828E+01    0.179833278059959412E+01    0.549434769153595015E+00
    0.798481775037878847E-04   -0.321888559114436079E+01    0.192286722366334754E-01    0.199811521592166641E+01    0.107669493358862534E+01    0.106950215123301842E+00    0.558080892680427376E+00
    0.811717623494320512E-03   -0.836271524429321289E+01    0.939074525321993647E+00    0.688942041701118768E+02    0.226377224922180176E+01    0.964224189519882202E+00    0.511967217922210671E+00
    0.130209743236179990E-02   -0.878108438084878351E+01    0.178106367059569226E-01    0.649667489345222976E-01    0.277198699761082867E+01    0.525532630658034974E-01    0.327654880112746072E+00
    0.664440950421640695E-04   -0.299442708492279053E+01    0.205154833828691041E+01    0.450336135406460514E+01    0.127440297603607178E+01    0.241780623793601990E+01    0.360067683458328291E+00
    0.570621672123732969E-03   -0.780911386013031006E+01    0.146017687144181792E+03    0.251554771963274082E+00    0.265537250041961670E+01    0.138124823570251465E+00    0.565081477165222168E+00
    0.184952510251387882E-03   -0.572087168693542480E+01    0.133166435318381993E+01    0.608348759756206903E+01    0.149544525146484375E+01    0.791430771350860596E+00    0.719231480360031150E+00
    0.612644472722060794E-03   -0.738646328449249268E+01    0.572962029004027158E+03    0.742547025595586052E+00    0.295435297489166260E+01    0.194565102458000183E+01    0.316116935014724709E+00
    0.655221422697283961E-03   -0.730153858661651611E+01    0.111844220819125820E-01    0.102896957720889810E-01    0.250020456314086914E+01    0.125067621469497681E+01    0.165087747573852528E+00
    0.905760170367742945E-03   -0.790013313293457031E+01    0.597860203496882806E-01    0.278892461690567306E+00    0.262650334835052490E+01    0.998542606830596924E+00    0.447933655977249212E+00
    0.175326947929066765E-03   -0.495511114597320557E+01    0.510486508422096294E-01    0.153717513740514566E+01    0.172385418415069580E+01    0.489787608385086060E+00    0.227172797918319708E+00
    0.128166429444025978E-02   -0.817535161972045898E+01    0.150139084698336978E+00    0.100068934346083154E+03    0.272466981410980225E+01    0.133212193846702576E+01    0.209796053171157848E+00
    0.188807050444663393E-02   -0.925267338752746582E+01    0.148547274666272358E+03    0.224461289105519398E+03    0.313763570785522461E+01    0.228256553411483765E+01    0.534701925516128607E+00
    0.220270909338387335E-03   -0.521284878253936768E+01    0.108937524746389632E-01    0.160629089019299762E+02    0.207213151454925537E+01    0.805439502000808716E+00    0.108618211746215831E+00
    0.100893408750259497E-02   -0.857874925266282773E+01    0.266845266688611218E+03    0.140287851754561586E+03    0.327798458098600465E+01    0.201777675622986941E+01    0.392661521610300324E+00
    0.677723193497385625E-03   -0.682412385940551758E+01    0.174478203300127171E+00    0.238867573811517610E-01    0.272101736068725586E+01    0.182309851050376892E+01    0.415973269939422630E+00
    0.572974767686704658E-04   -0.278100430965423584E+01    0.329382026577575182E+01    0.127534684354241756E+00    0.194785881042480469E+01    0.471867471933364868E+00    0.211314719915390026E+00
    0.798464544186469247E-03   -0.944349501171353900E+01    0.208720967487241782E+00    0.102367268745658831E-01    0.307886755435049730E+01    0.135044940155977988E+01    0.621622736891725425E+00
    0.195370651004520696E-02   -0.958366274833679199E+01    0.241391559095820639E+03    0.385272423494405492E-01    0.358214688301086426E+01    0.573060959577560425E+00    0.551405483484268211E+00
    0.133803225836675427E-02   -0.891379177570343018E+01    0.460372108858217732E+01    0.103556600771228062E+03    0.342443883419036865E+01    0.230367407202720642E+01    0.288385725021362282E+00
    0.181452318226494203E-02   -0.977366328239440918E+01    0.406640146129360787E+02    0.372426495808465688E+03    0.371622538566589355E+01    0.527003556489944458E+00    0.234441083669662487E+00
    0.344506363662608583E-04   -0.128341138362884521E+01    0.141253591617125446E+00    0.453405650822424189E+01    0.101068699359893799E+01    0.225911810994148254E+01    0.275046324729919411E+00
    0.328610758425877195E-04   -0.150420427322387695E+01    0.774449997059468043E+00    0.139023634718901279E+00    0.136311912536621094E+01    0.173493102192878723E+01    0.468173664808273382E+00
    0.202454072620579956E-03   -0.678536951541900635E+01    0.131504294641357461E+03    0.210415331503812808E+00    0.282334363460540771E+01    0.402455478906631470E+00    0.585429835319519087E+00
    0.596034707419024407E-04   -0.254108532967037259E+01    0.305077532330844633E+03    0.302374375107328630E+01    0.174228513168965415E+01    0.384726794561968677E+00    0.588784299335129324E+00
    0.547113365805347173E-03   -0.735183070672778971E+01    0.684513724032346560E+00    0.898578336405680550E-01    0.298511817382425892E+01    0.423542342203978628E+00    0.130234151938137893E+00
    0.194994759638826478E-02   -0.988968846397933277E+01    0.258498775861566499E+00    0.215769741704006321E+02    0.340457426876028002E+01    0.143834458602387660E+01    0.350057667038482845E+00
    0.417655241185456113E-03   -0.592563390731811523E+01    0.270344506003401208E+00    0.738363801601583936E-01    0.274108791351318359E+01    0.126642405986785889E+01    0.161966931819915783E+00
    0.220898107693785494E-04   -0.639600778419253557E+00    0.428763357172136983E+00    0.178978408438421468E+02    0.100247955400262034E+01    0.557515982323091075E+00    0.238861883344636844E+00
    0.263763867811916866E-03   -0.698702096939086914E+01    0.135511808381332699E+00    0.201487465973401794E-01    0.276669764518737793E+01    0.699248909950256348E-01    0.735867542028427080E+00
    0.774454089518963906E-03   -0.736572861671447754E+01    0.405477352195346796E+02    0.384222194360314916E+03    0.367126774787902832E+01    0.222161248326301575E+01    0.154508590698242188E+00
    0.143219231950276094E-02   -0.933252811431884766E+01    0.139087396505955564E-01    0.384293917233839295E+03    0.266592013835906982E+01    0.986872613430023193E-01    0.678024101257324263E+00
    0.680188223723814269E-04   -0.279573385931356766E+01    0.476749498268871086E+00    0.334881993482218661E+03    0.111289698313018004E+01    0.245730237880526303E+01    0.620377855601501271E+00
    0.755064148125582607E-03   -0.760736167430877686E+01    0.237609722848507107E-01    0.423190715385167309E+02    0.273660850524902344E+01    0.821673572063446045E+00    0.541363632678985573E+00
    0.175682609481528644E-03   -0.458174288272857666E+01    0.321133765870887586E-01    0.318215135760657745E+03    0.195364665985107422E+01    0.324948728084564209E+00    0.516527658700942971E+00
    0.507290576999902749E-04   -0.284680939300592417E+01    0.107453187903299536E+02    0.546468419186930454E+00    0.214740846991257639E+01    0.148176760794072693E+01    0.592241822875307466E+00
    0.878196721026167082E-03   -0.769334883041154693E+01    0.116581766535065640E+03    0.252131599171740195E+01    0.341360922780600795E+01    0.127545802461245517E+01    0.572835903871286356E+00
    0.246043947779813279E-03   -0.570065752957988092E+01    0.446630485876771729E+03    0.376076503603879999E+02    0.289716084427947518E+01    0.203843319173623883E+01    0.542383564372071914E+00
    0.976948324474162598E-04   -0.339821457862854004E+01    0.254109285464290302E+02    0.180079194985284765E+02    0.213896882534027100E+01    0.602543354034423828E-02    0.565680062770843484E+00
    0.104847266531963288E-02   -0.815290570259094238E+01    0.975636483179121994E+00    0.134078815663046219E+00    0.358820009231567383E+01    0.172534137964248657E+01    0.555580484867095992E+00
    0.179671673383452381E-02   -0.964511466764491310E+01    0.103447287870647173E+02    0.565931507369128894E+01    0.423174890728176045E+01    0.100115322848527422E+01    0.253084880604049600E+00
    0.312691621396932477E-04   -0.143027365207672119E+01    0.121435359238674536E+02    0.450113502437419488E-01    0.187788724899291992E+01    0.103430449962615967E+01    0.649658781290054277E+00
    0.242132220423975532E-03   -0.603803336620330811E+01    0.471765719343669687E+01    0.419288486098029101E+00    0.324561131000518799E+01    0.427629798650741577E+00    0.327581536769866954E+00
    0.376250930688189138E-04   -0.238799499701331275E+01    0.101769899437067110E+03    0.932774325113537202E+03    0.207050652465569618E+01    0.148572616694043491E+01    0.566358332948672438E+00
    0.295201528450725109E-03   -0.625328281968984001E+01    0.336749026035252484E+03    0.178826118969713974E+03    0.307527874106291232E+01    0.986098858852518245E+00    0.552626622030776282E+00
    0.357668227704927916E-04   -0.802211165428161621E+00    0.754111812717346952E+00    0.219551949004291626E-01    0.166180002689361572E+01    0.505463033914566040E+00    0.567157876491546697E+00
    0.949919201372702974E-05   -0.165378200636776551E+00    0.302789119075761032E-01    0.107357464428296412E+01    0.119350571204856659E+01    0.198224169556706831E+01    0.592233180761070677E+00
    0.362960888431620949E-04   -0.179861994089282917E+01    0.258054369434207615E+03    0.294058291496185177E+03    0.244280002577961763E+01    0.187076057665447970E+01    0.254536011244242077E+00
    0.142986426773599145E-02   -0.910491228103637695E+01    0.109146681923471718E+03    0.770912188083406402E+01    0.416778278350830078E+01    0.921686738729476929E+00    0.350684809684753462E+00
    0.115310504271594273E-02   -0.889185786247253418E+01    0.436319718182150151E+00    0.144093515721418335E+02    0.385604333877563477E+01    0.155787095427513123E+01    0.123749816417694100E+00
    0.184753160999730791E-04   -0.763249397277832031E+00    0.796026532711986533E+03    0.168871239935946676E+03    0.166150879859924316E+01    0.406208038330078125E+00    0.582951122522354148E+00
    0.100249984370918543E-02   -0.780231118202209473E+01    0.231225340454311208E+03    0.329113206082224163E+00    0.414206874370574951E+01    0.726633369922637939E+00    0.349278932809829690E+00
    0.181238323356603661E-03   -0.420648276805877686E+01    0.183383325778722905E-01    0.168207215533200005E+00    0.281879997253417969E+01    0.194895431399345398E+01    0.292722362279892012E+00
    0.169221279626175647E-04   -0.313975861073779727E+00    0.255301358306978587E+00    0.129404271772759394E+01    0.139612387499330626E+01    0.325659528567132928E+00    0.577410534839730150E+00
    0.152533446350353432E-02   -0.876823544502258301E+01    0.625501576783282530E+03    0.531827331012706054E+03    0.450333368778228760E+01    0.141230091452598572E+01    0.101631456613540658E+00
    0.209258248596740850E-04   -0.128307338548028849E+01    0.543539054200569012E+03    0.186337499719322230E+00    0.239826896445927229E+01    0.111436567188389103E-01    0.182630358619424393E+00
    0.198294677077879409E-04   -0.277402400970458984E+00    0.164413417548104462E+03    0.405318392327684296E-01    0.228642463684082031E+01    0.239394053816795349E+01    0.490778708457946800E+00
    0.109320200400512445E-03   -0.341285705566406250E+01    0.345068183924971379E+02    0.180046129448923758E+00    0.291980361938476562E+01    0.281973183155059814E-01    0.435133337974548340E+00
    0.988248408013673359E-03   -0.781483352184295654E+01    0.181787759943366645E+02    0.117320290802550087E+01    0.404192459583282471E+01    0.146909117698669434E+01    0.503626984357833929E+00
    0.130037968415518883E-04   -0.424337704104480573E+00    0.802284322078100558E+03    0.826101098885238017E+01    0.218377719990766161E+01    0.213026907974521196E+01    0.483878675134512104E+00
    0.104743515162592676E-03   -0.450604379177093506E+01    0.300204769792426651E+01    0.335503451910211439E+02    0.315220212936401367E+01    0.224837839603424072E+01    0.258881849050521862E+00
    0.491315694718317183E-04   -0.237066566944122314E+01    0.669373957504459050E+00    0.484277505751300810E-01    0.248441565036773682E+01    0.166162952780723572E+01    0.343586152791976907E+00
    0.821543279740409512E-04   -0.322851546766416986E+01    0.404914963061470612E+01    0.148049455604592848E-01    0.279953630037291079E+01    0.287023119765719203E+00    0.513279152729920307E+00
    0.193697678771083067E-03   -0.545290973955146541E+01    0.810451926586203020E+00    0.243742509466554347E+00    0.336060497215941112E+01    0.246120149718507353E+01    0.229459201288645054E+00
    0.220144329716305607E-03   -0.586959469863406191E+01    0.123122394742360353E+01    0.108301988567299889E+01    0.319951787407271704E+01    0.845042810116374138E-01    0.687251789907150745E+00
    0.299301697990467033E-04   -0.168039619922637939E+01    0.590702733269571456E+00    0.252306422460913016E+01    0.218276071548461914E+01    0.183640584349632263E+01    0.204619264602661138E+00
    0.164515940562337971E-02   -0.937870151565534904E+01    0.205347189326923335E-01    0.825609315967905530E+02    0.395462790220050664E+01    0.193277524138559342E+01    0.465073138555828547E+00
    0.152678696183126641E-03   -0.394127249717712402E+01    0.280957123924550388E+03    0.244064546320561272E-01    0.349792265892028809E+01    0.217347458004951477E+01    0.421468001604080267E+00
    0.875761311987641850E-03   -0.819673240184783936E+01    0.617006952389039895E+02    0.279832660017550722E+03    0.424034702777862549E+01    0.193688720464706421E+00    0.296253484487533580E+00
    0.585321723288380295E-04   -0.209170103073120117E+01    0.270789072664864364E+03    0.887347341978008473E+02    0.260295808315277100E+01    0.167518243193626404E+01    0.487709403038024902E+00
    0.560226813809906331E-03   -0.873488650015226042E+01    0.158219719229661249E+01    0.267501564345761755E+01    0.388817786944066501E+01    0.289274656749235137E+00    0.341900628182006727E+00
    0.295972150437308028E-04   -0.832575559616088867E+00    0.239744231071630303E+02    0.179673043712450312E-01    0.270400345325469971E+01    0.727658718824386597E+00    0.272965484857559226E+00
    0.119555619571202370E-03   -0.338561236858367920E+01    0.528035986935554149E+02    0.792280653644217558E+01    0.324021232128143311E+01    0.124755635857582092E+01    0.365188521146774359E+00
    0.586040393006563606E-04   -0.321693570115823446E+01    0.138442329997720520E+03    0.179959565970282114E+02    0.335643868976532200E+01    0.245315893423410225E+01    0.208056955801321997E+00
    0.302158468122888668E-03   -0.503835260868072510E+01    0.122208227797633651E+01    0.285249525880252719E+02    0.307168543338775635E+01    0.414888411760330200E+00    0.413173949718475320E+00
    0.359588230351597701E-04   -0.221080816034119509E+01    0.192726320361596692E+01    0.722508222185552357E-01    0.296353168327892602E+01    0.106703467920626038E+01    0.102002677887547508E+00
    0.143407903208045526E-02   -0.827880024909973145E+01    0.475389034602629115E-01    0.518901766073353343E+01    0.418572294712066650E+01    0.232343897223472595E+01    0.184325969219207769E+00
    0.114944163611605736E-02   -0.820259511470794678E+01    0.152665482366111712E-01    0.158004752099190231E+02    0.399029958248138428E+01    0.211948603391647339E+00    0.252123337984085094E+00
    0.220925008321524530E-03   -0.487904429435729980E+01    0.766495208307850817E+03    0.351259686391283465E+00    0.384688091278076172E+01    0.129308745265007019E+01    0.396625810861587547E+00
    0.282586651210030813E-03   -0.665148735046386719E+01    0.204041519586160326E-01    0.828011448630183722E+00    0.368064045906066895E+01    0.171864449977874756E+01    0.179686486721038818E+00
    0.774626966616119686E-04   -0.326372206211090088E+01    0.221646219853793980E+01    0.429573642888276319E+00    0.303540456295013428E+01    0.247767746448516846E+01    0.524733787775039651E+00
    0.176934590598265338E-04   -0.828718763598556896E+00    0.990331887860775861E-01    0.213802706953981375E+00    0.210120975294074164E+01    0.260679638051316331E+00    0.204291589317489475E+00
    0.982568327882924576E-04   -0.441114609498090271E+01    0.966522554509908218E+02    0.403100032939985482E+02    0.344758513551839307E+01    0.117267334855317751E+01    0.454385495371870785E+00
    0.258616492976014101E-03   -0.591109812259674072E+01    0.948823360153352308E-01    0.911902654942676882E+01    0.346927797794342041E+01    0.183558031916618347E+01    0.322383433580398560E+00
    0.140798649938009106E-02   -0.990237576761657401E+01    0.194183767555030729E+01    0.823545371439654588E+02    0.414115913718588491E+01    0.665547521399636466E+00    0.564698813111381259E+00
    0.152755523441921808E-02   -0.895892381668090820E+01    0.339805722313818777E+02    0.332935485576104906E+01    0.486901628971099854E+01    0.133171513676643372E+01    0.294874250888824463E+00
    0.239397501302417290E-02   -0.927494406700134277E+01    0.111864146938028219E+01    0.104771544629893878E+02    0.456940078735351562E+01    0.472821593284606934E+00    0.231034296751022356E+00
    0.245659748450164503E-04   -0.213140845298767090E+00    0.242508686420019703E+01    0.246926801330176247E+02    0.230398511886596680E+01    0.136353850364685059E+01    0.212699282169342030E+00
    0.142284340928279496E-02   -0.897757828235626221E+01    0.109294002838736040E+00    0.432004797467555657E+00    0.447071278095245361E+01    0.186502084136009216E+01    0.626366341114044212E+00
    0.281414621098217392E-04   -0.873126983642578125E+00    0.141762096638323580E+02    0.721530263912259642E+02    0.227915060520172119E+01    0.152799367904663086E+01    0.509885489940643311E+00
    0.799415522782856327E-03   -0.782091283637738499E+01    0.510254729835548024E-01    0.917345633491952056E-01    0.427731908378016268E+01    0.211716061310635384E+01    0.559732156892044475E+00
    0.232627068493626522E-03   -0.534495651721954346E+01    0.100815314393073712E-01    0.301119516213841450E+03    0.343922305107116699E+01    0.557688921689987183E+00    0.309150606393814087E+00
    0.691508562011648178E-04   -0.264290153980255127E+01    0.237519147616804069E+02    0.258554616855858399E+00    0.342764902114868164E+01    0.244570717215538025E+01    0.523453134298324629E+00
    0.515835872801897268E-04   -0.177147805690765381E+01    0.575191993116800582E+00    0.574746774236988145E+02    0.235216629505157471E+01    0.154083535075187683E+01    0.448014473915100075E+00
    0.116839482067095874E-03   -0.384315776036430368E+01    0.207005237185474561E-01    0.237925814161843419E+03    0.322908641503124860E+01    0.139360008541927316E+01    0.217084164554203374E+00
    0.130120735871365923E-02   -0.862039748821667651E+01    0.919859630408156619E+02    0.702505856429268363E+02    0.446427975882825390E+01    0.179139428521239596E+00    0.566797129749953665E+00
    0.555729517460854823E-04   -0.297480237352405208E+01    0.161235514621695103E+03    0.982713305971802398E-01    0.373665108852372629E+01    0.133031873697642844E+01    0.101905321306720434E+00
    0.998397653318731975E-04   -0.429936647415161133E+01    0.217600891483884794E+03    0.131509817529850874E+02    0.348291647434234619E+01    0.242342352867126465E+00    0.542302364110946677E+00
    0.163937275164474796E-04   -0.183846354484558105E+00    0.370389536633743688E-01    0.515363667017539413E+02    0.217235326766967773E+01    0.198021546006202698E+01    0.164266246557235707E+00
    0.314830725907748997E-03   -0.663873970508575439E+01    0.296707268899847456E+02    0.100693683076582982E+00    0.456737887859344482E+01    0.156944572925567627E+01    0.284532219171524048E+00
    0.171775224287291885E-04   -0.357866287231445312E-02    0.261831406416058826E+03    0.166598621072480552E+00    0.265451133251190186E+01    0.166654586791992188E+00    0.522353655099868752E+00
    0.131648340497443308E-03   -0.531468451023101807E+01    0.963635180241835532E-01    0.256831894232499081E+00    0.375947403907775879E+01    0.240660950541496277E+01    0.625981789827346757E+00
    0.198043620850816654E-03   -0.533130764961242676E+01    0.294773340804575373E-01    0.159080891364446975E+00    0.381163311004638672E+01    0.120304048061370850E+01    0.239914500713348411E+00
    0.589858641170278698E-04   -0.173461556434631348E+01    0.162351658284782685E+01    0.189405673334373574E+02    0.307797145843505859E+01    0.203224599361419678E+01    0.185260260105133079E+00
    0.175754177387987110E-03   -0.395047545433044434E+01    0.116962496483809186E+01    0.246721313710680278E+03    0.349753046035766602E+01    0.217258781194686890E+01    0.314853155612945579E+00
    0.604907437765355447E-04   -0.316882073879241943E+01    0.201862070832936696E+00    0.126595058490685641E+01    0.312982344627380371E+01    0.106354787945747375E+01    0.631633716821670577E+00
    0.936605506377473476E-04   -0.332575500011444092E+01    0.534155481307559832E+01    0.231542140330140640E+02    0.362003827095031738E+01    0.289949178695678711E+00    0.282079261541366588E+00
    0.635490261647963552E-03   -0.739435592724468105E+01    0.133018464544375462E+03    0.768148247148929708E+00    0.500226670063462642E+01    0.170529617707316672E+01    0.247249002716305483E+00
    0.200177609478936603E-04   -0.631628632545471191E+00    0.194627275593994931E+01    0.658259001572358143E-01    0.284992885589599609E+01    0.142924085259437561E+01    0.359294140338897727E+00
    0.407719002633650206E-03   -0.679334841196661365E+01    0.270783484551901987E+00    0.244762936171035619E+03    0.420128101672325727E+01    0.203459914817711272E-01    0.321588098207240547E+00
    0.456826030398754768E-03   -0.622528731822967529E+01    0.260340198491242902E-01    0.206284216353750438E+00    0.426921701431274414E+01    0.153177261352539062E+01    0.458025240898132346E+00
    0.102175509235985767E-03   -0.375292778015136719E+01    0.138885428771198089E+02    0.152209169863283728E+00    0.414674425125122070E+01    0.994902551174163818E+00    0.240975791215896629E+00
    0.160573414103737800E-04   -0.125299642365773234E+00    0.201202846369219757E+00    0.247896698727746241E+02    0.242447843174692812E+01    0.158549185530863124E+01    0.165053745051686629E+00
    0.303976025069532413E-04   -0.100217194017368416E+01    0.794565799525420724E-01    0.198138280300614156E+03    0.261265931202981516E+01    0.192334217344892089E+01    0.301092299899738514E+00
    0.170074432947044238E-02   -0.916276207821318955E+01    0.177124179417636043E+02    0.330223182889559610E+03    0.526949317043716903E+01    0.186598748387757141E+01    0.384798568490223758E+00
    0.510460585391447693E-04   -0.313733518123626709E+01    0.204059246654421900E+01    0.528776861516984198E+01    0.353106009960174561E+01    0.242547318339347839E+01    0.298438233137130748E+00
    0.447517890401284148E-03   -0.669183671474456787E+01    0.103535269853589681E-01    0.227167495486437474E+02    0.407786667346954346E+01    0.516272932291030884E+00    0.464486235380172752E+00
    0.277134098187027607E-04   -0.180358111858367920E+01    0.176356404824667523E+00    0.759976855531222384E+01    0.265368938446044922E+01    0.864716470241546631E+00    0.558745706081390403E+00
    0.261036970684841966E-04   -0.125047504901885986E+01    0.363948542265522090E+00    0.106554383461125741E-01    0.297266197204589844E+01    0.382390022277832031E+00    0.280803936719894454E+00
    0.152344614959695084E-02   -0.947932541370391846E+01    0.128986590241651784E-01    0.174963212411469414E-01    0.515299057960510254E+01    0.118367776274681091E+01    0.651458978652954102E+00
    0.677679890022337772E-04   -0.242184224638924661E+01    0.103271258188425819E+01    0.746464781301024172E-01    0.349811791312497489E+01    0.173720508888321934E+01    0.531419172105549897E+00
    0.444488572286780211E-04   -0.209676742553710938E+01    0.183473198988420572E-01    0.214159386446015665E+01    0.307847881317138672E+01    0.117270141839981079E+01    0.451593554019927956E+00
    0.644280784702383263E-03   -0.799738764762878418E+01    0.464734247593701113E+02    0.242433811123275289E+01    0.534184336662292480E+01    0.187533915042877197E+01    0.185184770822525047E+00
    0.352675985397712667E-04   -0.134016454219818115E+01    0.208541087829151159E+02    0.103999457430010822E+00    0.342930710315704346E+01    0.197550773620605469E+01    0.597695511579513616E+00
    0.401576972848202880E-03   -0.660110414028167725E+01    0.624565517409849336E+00    0.438917041252898987E+00    0.461936688423156738E+01    0.160653218626976013E+01    0.174594956636428822E+00
    0.970238015005618821E-03   -0.737101554870605469E+01    0.764352286526285383E+02    0.984078162177374907E+02    0.491060101985931396E+01    0.103074908256530762E+00    0.470636391639709495E+00
    0.806495245282481401E-04   -0.223684906959533691E+01    0.116903743077655644E+02    0.677551905756945860E+01    0.416757917404174805E+01    0.151173695921897888E+01    0.147383290529251115E+00
    0.167367125653880436E-02   -0.909698843955993652E+01    0.628350691583393628E+00    0.253190524944431582E-01    0.537379252910614014E+01    0.138318955898284912E+01    0.244323074817657471E+00
    0.689084185902960226E-04   -0.281484484672546387E+01    0.186513481962850780E+00    0.109651376556601805E-01    0.367268133163452148E+01    0.202436357736587524E+01    0.538831633329391546E+00
    0.911355790309784390E-04   -0.346297571014434480E+01    0.855845541877066962E+00    0.167407144217772895E+03    0.359687113011119575E+01    0.174986679819928792E+01    0.389757439159659214E+00
    0.380739540432650184E-03   -0.641951858997344971E+01    0.665178317980945205E-01    0.106600693205250522E+03    0.413515937328338623E+01    0.371165126562118530E+00    0.513895303010940552E+00
    0.124246056105128651E-02   -0.982170820236206055E+01    0.223010867658177574E+03    0.798247519244100090E+02    0.572074723243713379E+01    0.203997492790222168E+01    0.289528721570968650E+00
    0.118008713174572438E-02   -0.986359834671020508E+01    0.424403490755118717E+01    0.145284979509185384E+02    0.568832075595855713E+01    0.818264782428741455E+00    0.100158083438873294E+00
    0.864476023988223200E-04   -0.337121760676015958E+01    0.133044395586395069E+03    0.473433982230336525E+02    0.408208236341937614E+01    0.126243126175812437E+01    0.425232771229445916E+00
    0.674251809905696713E-04   -0.374994993209838867E+01    0.737728087128580179E+00    0.349765179645507516E+02    0.390114033222198486E+01    0.143067151308059692E+01    0.196303009986877441E+00
    0.133330108335127977E-03   -0.398136019706726074E+01    0.161034354815491838E+02    0.194263643792428162E+02    0.426062452793121338E+01    0.120199009776115417E+01    0.416931539773941040E+00
    0.840610242912203146E-04   -0.306966987514275802E+01    0.240211397702618044E+02    0.292168969992161687E+00    0.443336499090878622E+01    0.105027810369587504E+01    0.170447549710439294E+00
    0.136182370444119772E-02   -0.900185525417327881E+01    0.787331599084463505E+03    0.154684630603585418E+03    0.580389082431793213E+01    0.128675520420074463E+01    0.173651784658432007E+00
    0.750401130257792766E-03   -0.840959608554840088E+01    0.584801025847403253E+03    0.188651946111725005E+00    0.516659069061279297E+01    0.495694577693939209E-01    0.718457049131393410E+00
    0.225126144485273137E-03   -0.620982766151428223E+01    0.104571316873460940E+00    0.237570723662988065E+00    0.461885535717010498E+01    0.187032371759414673E+01    0.185917460918426536E+00
    0.896267201433960728E-04   -0.261642575263977051E+01    0.360978460899735232E+00    0.564782513427816490E+00    0.376238965988159180E+01    0.172194778919219971E+01    0.531471872329711936E+00
    0.583057364910833075E-04   -0.344423294067382812E+01    0.295598990241128026E-01    0.166435560654795256E+00    0.388632857799530029E+01    0.502130687236785889E+00    0.109696376323699954E+00
    0.496728415560747480E-03   -0.832718975879132373E+01    0.477852554050340605E+00    0.999049594513073680E-01    0.508542045011108979E+01    0.206014449791600968E+00    0.294871208619069791E+00
    0.127967365105588628E-03   -0.422052962982162150E+01    0.485083182631253322E+02    0.860513508193224030E+00    0.492416880668408652E+01    0.237795882535974101E+01    0.220587999371402055E+00
    0.728836198058641983E-04   -0.288392245769500732E+01    0.175803124110843423E+00    0.721280859896325310E+01    0.367456305027008057E+01    0.121411949396133423E+01    0.369591766595840476E+00
    0.103508657676163341E-02   -0.773787260055541992E+01    0.167706796966014086E-01    0.165027831067409203E+00    0.525109779834747314E+01    0.658571869134902954E+00    0.308936572074890115E+00
    0.145496408644061313E-02   -0.923789680004119873E+01    0.919001083354479306E+03    0.163704719726331263E+03    0.607704460620880127E+01    0.230279311537742615E+01    0.163873702287673950E+00
    0.830954681240703944E-04   -0.308859866650224513E+01    0.134284736552513721E+03    0.219501852531517327E+01    0.418633452773267578E+01    0.883220524393225737E+00    0.573560286307661982E+00
    0.749318884615798918E-03   -0.755736838853358872E+01    0.413062841577360243E-01    0.156901652987301493E+00    0.520986897463887111E+01    0.974705192922203478E+00    0.243931827612124869E+00
    0.158508610981053830E-03   -0.425393044948577881E+01    0.496201108457740084E-01    0.871857928215648599E+03    0.360110259056091309E+01    0.345321893692016602E+00    0.602940684556961037E+00
    0.614675976838464791E-03   -0.721315741539001465E+01    0.216185246431489203E+00    0.140664664506200126E+02    0.506510722637176514E+01    0.186712592840194702E+00    0.101034647226333624E+00
    0.151508445219851207E-03   -0.447781633205321228E+01    0.178546872328133321E+00    0.366490503549305302E+02    0.412140868623896939E+01    0.111694212437668883E+01    0.470700184840356917E+00
    0.139844396562997081E-02   -0.797864787344962689E+01    0.446309754945199870E+03    0.277453221475595591E+00    0.575764319612098152E+01    0.108267260364067286E+01    0.567101433997660442E+00
    0.999910623316094092E-04   -0.291156866474490883E+01    0.161031386101440810E+01    0.103760435541664208E-01    0.428603515346278208E+01    0.234859361771810571E+01    0.601979322116272697E+00
    0.326937659850735321E-03   -0.555855352277741233E+01    0.143313374314739343E-01    0.766934082639780801E+00    0.481269302700336965E+01    0.179497784903680721E-01    0.236165812327981478E+00
    0.254799411872806420E-03   -0.564988558314483846E+01    0.117300419652904379E-01    0.181515623309285274E+02    0.480117859935366109E+01    0.212141770971062416E+01    0.192989205561660104E+00
    0.454980575911190005E-03   -0.635024428367614746E+01    0.122750961155843417E-01    0.273067227775637578E+00    0.511473119258880615E+01    0.114087760448455811E+01    0.376956856250762917E+00
    0.522570635957417132E-03   -0.788190305233001709E+01    0.497540826143442416E+03    0.969819425668448162E+03    0.569423544406890869E+01    0.962978303432464600E+00    0.302703821659088157E+00
    0.149636168626600288E-03   -0.451792776584625244E+01    0.277115151678786376E+02    0.220176787151405478E+02    0.478661370277404785E+01    0.975672900676727295E+00    0.479029911756515547E+00
    0.162979276857590211E-03   -0.440544685446498629E+01    0.180325424998151362E+01    0.313209072078358286E+01    0.452595712995278454E+01    0.110353691144170529E+01    0.426283840574156914E+00
    0.148454103576443853E-02   -0.942867755889892578E+01    0.624841162709326436E+00    0.974718087036319076E+02    0.579648828506469727E+01    0.811277478933334351E+00    0.270358884334564231E+00
    0.502581480503679046E-03   -0.724366242751107858E+01    0.433888328179095524E+02    0.255944009826257046E+01    0.551400181493010244E+01    0.112901421136736135E+01    0.580160737429165296E+00
    0.725372147552744227E-04   -0.235197494919637284E+01    0.737234824167672664E-01    0.407383871013167536E+02    0.386960589136014388E+01    0.413976537916510845E+00    0.332366984682204991E+00
    0.160428414555246416E-03   -0.493795198809929392E+01    0.193774212414824162E-01    0.887110341596183844E+03    0.464260994953438733E+01    0.126250332720548997E+01    0.296023936672717647E+00
    0.743277213331874171E-03   -0.826868250280072559E+01    0.440143683734781077E-01    0.348116454344566462E+01    0.542214735601623765E+01    0.120351367808649390E+01    0.382447755348267249E+00
    0.363640741187775144E-03   -0.499339818954467773E+01    0.465321224179895687E+00    0.156260691698828891E+00    0.498038232326507568E+01    0.177129209041595459E+00    0.262848144769668557E+00
    0.548027377326604304E-04   -0.221850895101189849E+01    0.713684594787589699E+01    0.195569397275725150E-01    0.472824090429817723E+01    0.590176091937401837E+00    0.159878146341406346E+00
    0.821700806039748913E-03   -0.917542636394500732E+01    0.876728036456500170E+01    0.360107072599707367E+00    0.632466793060302734E+01    0.209354415535926819E+01    0.162798202037811285E+00
    0.290468613141872660E-04   -0.136245820165917131E+01    0.177113916519858888E-01    0.134736379243141499E+03    0.342453689752306456E+01    0.798643131140693630E+00    0.487649292014174063E+00
    0.280875448381181126E-03   -0.515949428081512451E+01    0.131165730443662731E+01    0.405593064313730565E+03    0.478776609897613525E+01    0.101775005459785461E+01    0.400931364297866799E+00
    0.235040042383238953E-04   -0.111910103866157673E+01    0.241440479110811221E-01    0.406825075218834911E+03    0.348750555474265411E+01    0.113405318449124781E+01    0.442781245866037065E+00
    0.132885783609682011E-03   -0.395220637321472168E+01    0.118427670841617701E-01    0.817782532152539972E+02    0.461571860313415527E+01    0.570061951875686646E+00    0.128190362453460688E+00
    0.164517566302314630E-04   -0.109561085700988770E+00    0.243526916268070366E+02    0.531930111592254340E+00    0.366266942024230957E+01    0.118690073490142822E+01    0.642789256572723344E+00
    0.166639980662224211E-04   -0.726339221000671387E+00    0.781288152632323829E+02    0.222650607623447314E+03    0.446466040611267090E+01    0.189170107245445251E+01    0.168556702136993419E+00
    0.150567609303853462E-02   -0.956382751464843750E+01    0.116875396012661829E-01    0.502799659823140802E-01    0.618672835826873779E+01    0.116339474916458130E+01    0.358656477928161688E+00
    0.523697717290339549E-04   -0.262046694755554199E+01    0.289008739566269757E+01    0.159366614383049526E+00    0.484661841392517090E+01    0.110850438475608826E+01    0.242612576484680181E+00
    0.954495441502911651E-04   -0.311434507369995117E+01    0.130271295764959891E+02    0.104963252698436538E+02    0.516210210323333740E+01    0.182258486747741699E+01    0.252786755561828613E+00
    0.169017264870907987E-03   -0.422531187534332275E+01    0.354224371247580772E+01    0.691973369063731298E+03    0.403415739536285400E+01    0.931222736835479736E+00    0.624652290344238303E+00
    0.259538378575688953E-04   -0.145666134839583705E+01    0.672930782945207584E+00    0.426988145974447832E+03    0.409908983411741090E+01    0.155423516880283286E+01    0.237223674540901541E+00
    0.224706854974707581E-04   -0.107286640542725653E+01    0.274337931923525105E+03    0.718710971980696112E+01    0.465278165606593497E+01    0.874445936682641811E+00    0.198197566872079484E+00
    0.461705064257314014E-03   -0.674775509809536356E+01    0.491818586193789884E+03    0.304469377808296478E-01    0.589098827935413549E+01    0.237178671672957098E+01    0.655682478993732665E+00
    0.175661554769414385E-04   -0.107123403215108626E+01    0.104220454657805495E+00    0.369267360946842343E-01    0.405597023662012024E+01    0.145426051790001187E+01    0.566241943556442529E+00
    0.352885230732105507E-04   -0.177395939826965332E+01    0.142914804321722988E+00    0.722585862973760817E+00    0.425353240966796875E+01    0.144946560263633728E+01    0.195214188098907476E+00
    0.115888061705173007E-03   -0.436040757733307949E+01    0.186787235069443947E+01    0.302100082773199631E+03    0.490690424994889618E+01    0.119049526153002039E+01    0.388341570572774186E+00
    0.609309758672046928E-04   -0.282314419746398926E+01    0.169347914368619512E+00    0.422222457695944229E+02    0.385795009136199951E+01    0.106346696615219116E+01    0.630172777175903365E+00
    0.100804991782293745E-02   -0.842107856780833330E+01    0.615152541425522692E+01    0.661410016819690554E+03    0.555230611795267137E+01    0.192906706593337640E+01    0.611957670940942555E+00
    0.165066644223558663E-04   -0.466794857852119049E+00    0.195440902035289099E+02    0.573959927097406133E-01    0.463109646413619291E+01    0.932529978730673115E+00    0.184125686701358204E+00
    0.378614918792164032E-04   -0.158339985655253512E+01    0.116709781840433513E+00    0.537558407271697458E+01    0.419599368277097362E+01    0.153613916194175903E+01    0.194636607730302169E+00
    0.334449241541214285E-03   -0.647640824317932129E+01    0.908531374703749520E+03    0.298529387312180688E+03    0.606436908245086670E+01    0.109518244862556458E+01    0.222189617156982433E+00
    0.540868167439611126E-03   -0.676842606938857205E+01    0.498141190200676078E+03    0.560704571543867852E-01    0.583121906969439330E+01    0.633423499622642217E+00    0.654281012227084013E+00
    0.824563253285751394E-04   -0.323782767897042323E+01    0.266796525332635106E+02    0.164179104786849961E+01    0.516276949306507227E+01    0.104060097726664558E+01    0.444834724211465304E+00
    0.147208998743231581E-03   -0.398619472980499268E+01    0.751612865641408945E+00    0.117232199856560811E-01    0.514055120944976807E+01    0.663773715496063232E-01    0.469316661357879639E+00
    0.313320578878265894E-04   -0.141532421112060547E+01    0.196934702934694461E+01    0.232968899094250510E+02    0.354145419597625732E+01    0.243982195854187012E+01    0.633524501323699973E+00
    0.388148538989505857E-03   -0.603912257483159820E+01    0.103047149301338461E+02    0.512790910390493293E+00    0.595235251582291003E+01    0.199082533701998488E+01    0.488571095478402828E+00
    0.410902724872825220E-03   -0.606447458267211914E+01    0.311886873635442328E+03    0.879914519458037176E+02    0.613086175918579102E+01    0.462642759084701538E+00    0.197726649045944225E+00
    0.617599428884733101E-03   -0.727298796176910400E+01    0.256667687184808535E+00    0.101091589559614923E-01    0.605338501930236816E+01    0.136148676276206970E+01    0.263079941272735596E+00
    0.114652634143955377E-03   -0.362338960170745850E+01    0.164853343296499872E+03    0.174637398515173459E+00    0.567642128467559814E+01    0.905980020761489868E+00    0.171572721004486090E+00
    0.846478269037033546E-03   -0.823324561119079590E+01    0.114309724121481368E+00    0.620384773961373099E+02    0.615761220455169678E+01    0.183496475219726562E+01    0.218344104290008556E+00
    0.503197633315200670E-03   -0.765409946441650391E+01    0.569472295117171186E+02    0.178980300538814974E+01    0.627440226078033447E+01    0.195562690496444702E+01    0.575956374406814575E+00
    0.170491107956114776E-04   -0.131195783615112305E+00    0.142552028151965576E-01    0.141733537951958255E+00    0.395806252956390381E+01    0.606443583965301514E+00    0.287642377614975020E+00
    0.308356878378478758E-03   -0.562818419792980329E+01    0.466040507156739015E+01    0.834877926317399925E+02    0.548845379793512844E+01    0.105577876348887023E+01    0.465094954939049621E+00
    0.390935878957788250E-03   -0.664178191424579722E+01    0.943019738225310711E+01    0.117912570003213824E+01    0.602847552869877568E+01    0.200741497359921972E+01    0.565421888045918530E+00
    0.140331386753479812E-02   -0.981114745140075684E+01    0.865362443226880718E+00    0.798461071073134804E+03    0.657235550880432129E+01    0.779079943895339966E+00    0.203241807222366344E+00
    0.220367114007001671E-02   -0.959191332745259295E+01    0.272130742277565230E+00    0.672070207996332215E+03    0.624475333587473358E+01    0.191404656743115131E+01    0.539508206184013406E+00
    0.207296308587443293E-03   -0.524756505768185022E+01    0.251072940878507601E-01    0.993850131737424363E+03    0.547622823435425410E+01    0.112175264338469782E+01    0.195881200789551124E+00
    0.105091758906833738E-03   -0.362437293314276232E+01    0.328353106445986009E+01    0.293456062248353793E-01    0.573432201373166439E+01    0.226477096819040291E+01    0.188961464687135816E+00
    0.217928816905525719E-03   -0.483362857413083979E+01    0.155860082464791927E+01    0.898608400487967529E+01    0.577372400609578218E+01    0.249996558163337612E+01    0.131128002504474761E+00
    0.334752273153076665E-03   -0.593863189220428467E+01    0.934006904484912148E+01    0.312763805604095224E+00    0.625410389900207520E+01    0.249182388186454773E+01    0.407689875364303567E+00
    0.428259438352360168E-03   -0.707159818589853462E+01    0.347849523732187860E+00    0.656057378947365155E+00    0.595049042439207199E+01    0.624529597847346296E+00    0.358786780275185624E+00
    0.123777398357119932E-03   -0.484927356243133545E+01    0.370665210424347663E+03    0.181671059088203535E+01    0.608495867252349854E+01    0.216480463743209839E+01    0.169488328695297230E+00
    0.248591482322457248E-03   -0.574684560298919678E+01    0.439758845087001582E-01    0.179495536004565293E+01    0.569768929481506348E+01    0.212247341871261597E+01    0.212273877859115612E+00
    0.955921963856239923E-03   -0.780158668754296425E+01    0.661374931675752720E+01    0.234498625603829282E+03    0.535605974747573921E+01    0.245772483505468697E+01    0.639520241059057803E+00
    0.550551601909913331E-03   -0.697982304955234589E+01    0.154561011685158817E-01    0.975638554719803075E+01    0.599015993448239392E+01    0.111613201139715970E+00    0.219862098498373681E+00
    0.453926269140008705E-04   -0.242409618367625335E+01    0.843570865372604317E+03    0.173159708343966108E-01    0.551000215396169146E+01    0.126612481663673382E+01    0.233327950764335046E+00
    0.358192576358202228E-03   -0.590208292007446289E+01    0.836862126246357807E+00    0.282367548661665779E+02    0.567513537406921387E+01    0.553905665874481201E+00    0.362794178724288985E+00
    0.506375094087070535E-04   -0.209049105644226074E+01    0.158108355164096026E+01    0.148455030236091263E-01    0.521253299713134766E+01    0.223303154110908508E+01    0.162574398517608631E+00
    0.177618396261716195E-02   -0.961694300481718933E+01    0.378160387189240410E+01    0.205286192916321486E+01    0.695012421485651988E+01    0.242152796336233189E+01    0.383236923026742837E+00
    0.956738935115994838E-04   -0.406670451164245605E+01    0.768893562398280994E+00    0.686535136843732801E+02    0.510468757152557373E+01    0.561335533857345581E+00    0.413252103328704878E+00
    0.246702736739947949E-04   -0.479901186681787106E+00    0.534291914693526110E+03    0.871611265834307258E-01    0.500683120134760529E+01    0.532834956914623903E+00    0.256291627825697921E+00
    0.116147046414719925E-03   -0.378555512351854739E+01    0.332887465601296469E+03    0.186637319442235743E+02    0.552125320733214142E+01    0.437648892153864377E+00    0.451536042427898132E+00
    0.183362843196928048E-04   -0.550107096979489452E+00    0.800047101773041192E+02    0.797904083344440629E+01    0.471563098470167219E+01    0.204744987333954276E+01    0.511843198517557219E+00
    0.278965310894945005E-04   -0.139617562294006348E+01    0.275072116129489938E-01    0.106965891959500386E-01    0.464134585857391357E+01    0.175974205136299133E+01    0.509689217805862405E+00
    0.193019283715366091E-03   -0.574568331241607666E+01    0.211007564205095388E+01    0.716261199098717594E+01    0.550699400901794434E+01    0.672728121280670166E+00    0.559233278036117554E+00
    0.434997237777835340E-04   -0.164655447006225586E+01    0.267530162670375840E-01    0.375663449111047953E+03    0.454156720638275146E+01    0.674496442079544067E+00    0.312036073207855202E+00
    0.807675915418835997E-04   -0.393081247806549072E+01    0.290558264288333645E+00    0.169852577129135825E-01    0.547825419902801514E+01    0.237436309456825256E+01    0.450266718864440918E+00
    0.349728386177895647E-03   -0.691408381959967500E+01    0.336482747331180860E+03    0.181597513349084139E+00    0.628562537941976274E+01    0.350160982863236769E+00    0.674366041858445286E+00
    0.335272437409215305E-03   -0.630867660045623779E+01    0.873225253610705687E+00    0.363823688604353268E+00    0.617623579502105713E+01    0.142424777150154114E+01    0.288010942935943648E+00
    0.150029701833140655E-04   -0.473362803459167480E+00    0.415513643496742746E+00    0.589177816419875489E-01    0.455322468280792236E+01    0.234317675232887268E+01    0.177644723653793357E+00
    0.172308124232353643E-04   -0.223189592361450195E+00    0.241189784039248156E+01    0.480946313896737934E+02    0.473547434806823730E+01    0.177082479000091553E+01    0.187059569358825672E+00
    0.666575660828041221E-04   -0.272288084030151367E+01    0.276071074750394452E+01    0.408068014955860434E+02    0.534526467323303223E+01    0.141573473811149597E+01    0.266781580448150646E+00
    0.108738931133711345E-02   -0.802628517150878906E+01    0.417104485902088555E+02    0.315812348112899169E-01    0.693039441108703613E+01    0.469675660133361816E-01    0.380774837732315130E+00
    0.162690237944874473E-04   -0.386534333229064941E+00    0.277535387978517534E+01    0.286930034160968752E+02    0.467646014690399170E+01    0.222677588462829590E+00    0.218166482448577892E+00
    0.242911521056670120E-03   -0.530746936798095703E+01    0.618736100585155047E+01    0.451692101050219508E+00    0.623839843273162842E+01    0.187037438154220581E+01    0.440451335906982488E+00
    0.439644404842114307E-04   -0.270522599283398524E+01    0.246690005244104560E-01    0.853038352577367154E-01    0.520820492134054813E+01    0.242097506007795893E+01    0.186504651425044299E+00
    0.335699761181129709E-04   -0.282883346080780029E+01    0.255350409985356208E+01    0.438047509423262829E-01    0.574259102344512939E+01    0.120398029685020447E+01    0.102611929178237915E+00
    0.969125660934929008E-03   -0.855914306961933669E+01    0.331340486460057264E+03    0.187506195961096466E+03    0.709067343285018126E+01    0.100624741606726276E+01    0.292727199986662301E+00
    0.251197848601691942E-04   -0.351264476776123047E+00    0.475370701207516566E+00    0.112613140945435177E+03    0.459795534610748291E+01    0.155781880021095276E+01    0.106465435028076177E+00
    0.807400182342234060E-04   -0.316711758328016524E+01    0.257426925978259280E+00    0.311621772213929571E+01    0.506512435154523821E+01    0.391103037350464700E+00    0.585387287110093024E+00
    0.289329120286229661E-03   -0.562587187883379602E+01    0.495154030497863482E-01    0.208946037206693622E-01    0.616601805441704265E+01    0.238645031821855413E+01    0.594881033161288597E+00
    0.305499871278307785E-04   -0.164154589176177979E+01    0.412036449786046166E+01    0.147271158100552064E+02    0.437711000442504883E+01    0.173135101795196533E+00    0.627122122049331709E+00
    0.317939875151689282E-03   -0.572470137900563447E+01    0.929265719863936607E-01    0.180602460839054513E+01    0.600490752996824462E+01    0.210736020270764035E+01    0.451672153798673204E+00
    0.158074437584952861E-02   -0.909768688900061662E+01    0.109513779982646550E-01    0.549143137578279456E-01    0.705494745006424662E+01    0.227183126452054918E+01    0.130704161731205165E+00
    0.383987619967082955E-03   -0.674522101879119873E+01    0.314466933012708560E+01    0.250388516222986857E-01    0.683810091018676758E+01    0.648231655359268188E+00    0.106500959396362310E+00
    0.691846546739537002E-04   -0.321502804756164551E+01    0.716256677170343465E+02    0.244067762013586560E+03    0.576402759552001953E+01    0.517453700304031372E+00    0.392240327596664495E+00
    0.391208332156479878E-03   -0.581014906625149941E+01    0.251735687245467659E+03    0.210790831061095120E-01    0.688398144763667830E+01    0.225663434409918784E+01    0.260805583785648332E+00
    0.161101995136929237E-02   -0.990527451038360596E+01    0.158504520153570692E+02    0.245422678407678729E+01    0.759634006023406982E+01    0.129034996032714844E+01    0.272564947605133057E+00
    0.103682256789812736E-02   -0.834255933761596680E+01    0.577102003553966014E+00    0.276559217003966885E-01    0.701827609539031982E+01    0.202444434165954590E+01    0.534829813241958663E+00
    0.943247813161042628E-04   -0.316095788556224022E+01    0.605227096045185053E+01    0.215047119157114423E+03    0.468694274302814051E+01    0.131534227899328582E+01    0.623722901796563978E+00
    0.159264789843734122E-02   -0.891119539737701416E+01    0.450084901186609585E+02    0.181036666764811394E-01    0.761022305488586426E+01    0.166751325130462646E+01    0.294341385364532471E+00
    0.152632143989008505E-02   -0.817204177379608154E+01    0.136989367827880532E-01    0.144461701762661221E+03    0.671444737911224365E+01    0.289280563592910767E+00    0.360133403539657615E+00
    0.237742129969816208E-04   -0.115245107919508705E+01    0.225097415845481983E+02    0.428713578981580357E+00    0.529556152818732340E+01    0.762642310405832857E+00    0.583106156632735018E+00
    0.256972182364793595E-02   -0.959460518542291041E+01    0.109427644890769726E+01    0.382853524399131631E-01    0.751784913438969760E+01    0.131640378034997463E+01    0.214670022052433990E+00
    0.777547867115741475E-03   -0.821647738348511858E+01    0.488986341424638979E+02    0.558256142462125382E+01    0.744365513128445944E+01    0.137668017062533066E+01    0.146936004786350688E+00
    0.199813322257401149E-03   -0.576276071749316632E+01    0.167227930664682809E+02    0.165147318316779729E+00    0.690437569691589736E+01    0.205260081998542754E+01    0.146110292496978544E+00
    0.409429464056599923E-04   -0.149023652076721191E+01    0.302723876893377264E+00    0.100125575394471020E+00    0.520965909957885742E+01    0.133907392621040344E+01    0.444067716598510742E+00
    0.586587652437488977E-03   -0.749223043738780792E+01    0.491531700909820213E+01    0.284650148402019361E-01    0.698761720366798933E+01    0.198969100966081780E+01    0.584746827052640916E+00
    0.148721479575701187E-03   -0.474903816344199292E+01    0.304012982517857466E+02    0.147845373939612557E+03    0.628873385197879919E+01    0.241788043507946859E+00    0.351808495489106199E+00
    0.206526289695191183E-03   -0.557734429836273193E+01    0.689535621665869201E+02    0.131559028402129075E+01    0.680901646614074707E+01    0.156151756644248962E+01    0.271514314413070723E+00
    0.441506826637129229E-03   -0.639436364173889160E+01    0.454117282946063933E-01    0.112979693061704814E+00    0.659550523757934570E+01    0.160071909427642822E+01    0.451170814037323065E+00
    0.113950041601724417E-03   -0.425512935140251614E+01    0.103427948411161201E-01    0.312876854317741260E+00    0.588808021105694834E+01    0.392914504739954373E+00    0.666288306201024749E+00
    0.445778245630421371E-04   -0.250864993682021042E+01    0.152486143017100630E+02    0.642142900428276420E+02    0.609822739238852840E+01    0.600831140841813327E+00    0.116713596120463586E+00
    0.110352958781537714E-03   -0.369891663782159386E+01    0.837441628524793202E-01    0.824857341953298406E+00    0.587584063509044530E+01    0.246572504077736010E+01    0.162743058999075541E+00
    0.166836823901323839E-02   -0.929325136518182227E+01    0.296549962849560367E+00    0.117113625394802270E+02    0.682404918884989176E+01    0.210032102764377893E+01    0.625737308049370444E+00
    0.410119983616931308E-03   -0.732233974824251810E+01    0.553856365598170974E-01    0.199017306788433990E+00    0.680279979508730914E+01    0.198522385317281858E+01    0.531560311451644174E+00
    0.110287193594641535E-03   -0.390729069709777832E+01    0.748239041872113431E+00    0.139558526934460664E+00    0.610846889019012451E+01    0.138288021087646484E+01    0.461075007915496826E+00
    0.689456859959037649E-03   -0.775056362152099609E+01    0.163431180612132550E+03    0.369362742675368416E+01    0.705417728424072266E+01    0.135092765092849731E+01    0.626708263158798240E+00
    0.151961346260733710E-04   -0.829531036626611984E+00    0.365936053008809381E+02    0.202457771247852421E+02    0.559939291021572672E+01    0.104814187008193804E+01    0.347662194900604682E+00
    0.543708767461474640E-03   -0.680624144767055927E+01    0.443971854605323841E+02    0.391945909431563644E+01    0.717185972957697970E+01    0.152674331026802168E+01    0.404704087601265527E+00
    0.761319717078811362E-03   -0.776070593652379692E+01    0.125224322575993474E+01    0.590007385864355705E+01    0.697240947320260585E+01    0.114193948498517805E+01    0.326294237177389979E+00
    0.900926435593817337E-03   -0.885330200195312500E+01    0.313921532239289092E-01    0.436642844505155470E+01    0.697347283363342285E+01    0.131834983825683594E+01    0.476313185691833563E+00
    0.150377927485944316E-03   -0.473886966705322266E+01    0.494734070331779606E+03    0.197554135653769947E-01    0.675594615936279297E+01    0.128380700945854187E+01    0.382390308380126998E+00
    0.296127242866162706E-02   -0.958611705051319696E+01    0.499954374414193770E+00    0.176759284182642418E+02    0.771744452371754175E+01    0.237657143082872091E+01    0.107605557905041477E+00
    0.237793443181822165E-03   -0.624014675617218018E+01    0.308319953446412796E+03    0.806354749488678302E-01    0.705267441272735596E+01    0.242281615734100342E+01    0.513662618398666448E+00
    0.780763261906296312E-03   -0.785787768231620998E+01    0.100165822833458229E+01    0.252044055973860059E+01    0.690361174905345010E+01    0.139591137188276759E+01    0.579992640842147633E+00
    0.377900351711595310E-03   -0.701490191379366124E+01    0.196112165293586349E+01    0.687991916029622175E+00    0.722279927630834884E+01    0.235615338693808596E+01    0.131391930158642006E+00
    0.136724443346803999E-03   -0.431448042392730713E+01    0.337736302888266593E+01    0.429059258812957645E+00    0.672704029083251953E+01    0.218075051903724670E+01    0.194969958066940313E+00
    0.619577273191519978E-04   -0.296379089355468750E+01    0.965370324468888974E+01    0.960675132744346461E+00    0.612839508056640625E+01    0.234302341938018799E+01    0.516049855947494529E+00
    0.509879265668206701E-04   -0.272379242268845889E+01    0.358078656551316001E+02    0.868318595112386760E+02    0.544340677483278679E+01    0.220377350297843755E+01    0.635021491631300616E+00
    0.598559826372576189E-03   -0.756102038324373371E+01    0.920746015946231068E+03    0.822331014883742384E+00    0.712873235099251712E+01    0.239748181264283211E+01    0.679539721357194537E+00
    0.339354099410956020E-03   -0.648220585670506289E+01    0.322530781871851646E+01    0.286380728232421244E+01    0.666152039168840826E+01    0.189486420165501768E+01    0.526560624020540158E+00
    0.498619783184116089E-04   -0.344404220581054688E+01    0.196566760052071245E+02    0.298363211814664797E+00    0.632276284694671631E+01    0.218560829758644104E+01    0.570539796352386497E+00
    0.103912338394270725E-03   -0.339635312557220459E+01    0.190606138592480789E+02    0.593571315203902046E+02    0.647079110145568848E+01    0.946820080280303955E+00    0.236924237012863165E+00
    0.331619837414781301E-03   -0.480129486630742353E+01    0.271996671777723371E+02    0.415737462528689008E+02    0.680077208867895333E+01    0.173714708574987764E+01    0.372234752463627028E+00
    0.646409207675195424E-03   -0.677764952354387251E+01    0.231657145942683385E+00    0.780381902775877052E+03    0.681161717518510290E+01    0.148722139013476218E+01    0.298444795200029533E+00
    0.254386235939865150E-02   -0.967597723007202148E+01    0.208312787305513609E+03    0.387035704390384865E+03    0.749551498889923096E+01    0.630187094211578369E+00    0.573907506465911932E+00
    0.357596909075738565E-04   -0.118059158325195312E+01    0.306851902733300402E-01    0.342565111493212669E+03    0.483421909809112549E+01    0.935512185096740723E+00    0.511627072095870994E+00
    0.649956587996493220E-03   -0.778590158691828904E+01    0.113961657853097250E+03    0.379128328945905479E+00    0.762951187064048764E+01    0.141016001359734555E+01    0.242501600527087413E+00
    0.297621772835418581E-04   -0.169400037310586704E+01    0.895631635434716600E+02    0.532380998878265663E-01    0.600257974698727548E+01    0.347032120639181263E+00    0.374190788079002856E+00
    0.101258196114048884E-02   -0.834309995174407959E+01    0.777600102262459700E+03    0.164905140649192726E-01    0.767529797554016113E+01    0.284994840621948242E+00    0.328037136793136619E+00
    0.243715605336350394E-02   -0.984305433618226466E+01    0.596087742625045491E+00    0.475861026539456777E+00    0.775763563857402350E+01    0.119397215508085242E+01    0.312801933584248737E+00
    0.164480234037830264E-03   -0.409373342990875244E+01    0.699176734417690859E+01    0.885471421827641052E+02    0.597772407531738281E+01    0.175819173455238342E+01    0.519674229621887251E+00
    0.275005514373741849E-04   -0.710815787315368652E+00    0.206087772009194516E+02    0.128084477215041090E+02    0.578515541553497314E+01    0.162088379263877869E+01    0.357924675941467263E+00
    0.169784460783136380E-02   -0.952644743379480197E+01    0.184707040056946381E+00    0.232412413034094584E+03    0.725691047417415636E+01    0.841520560554326336E+00    0.509553928754323371E+00
    0.131373469919242422E-02   -0.922631709344069861E+01    0.319775490102270493E-01    0.402688011453034846E+02    0.744770436939116109E+01    0.151762283114259500E+01    0.236188796037314963E+00
    0.343843756347310175E-03   -0.656023859977722168E+01    0.477160457022141049E-01    0.115650190576444545E-01    0.686554396152496338E+01    0.357975214719772339E+00    0.594908624887466431E+00
    0.281257678060325533E-03   -0.499668723228766343E+01    0.123277444300867785E-01    0.233829812023037924E+02    0.613917705924775525E+01    0.107063875709844680E+01    0.500277537033565367E+00
    0.426799493975387779E-03   -0.643276691436767578E+01    0.287518653963026061E+00    0.446459370287861788E+02    0.683962714672088623E+01    0.784449726343154907E+00    0.232201272249221824E+00
    0.334649880512313141E-03   -0.637446899435682024E+01    0.384694589221035432E+01    0.375559679862352084E+03    0.729833837860874546E+01    0.224687344286857060E+01    0.195895878626730857E+00
    0.227025874601456174E-03   -0.589087326076708173E+01    0.924811987259847683E+02    0.362535086879910962E+01    0.653515504059072505E+01    0.503712034699325129E+00    0.694979111348510425E+00
    0.349813424645309320E-04   -0.111226468681888035E+01    0.100484036603699783E+00    0.551518130095486558E+00    0.540909232223932523E+01    0.635000726372192625E+00    0.149548091158823282E+00
    0.116059726165300024E-02   -0.893328721258307112E+01    0.522865804236314830E+03    0.194019563473385347E+03    0.782520207779504595E+01    0.812396879633962704E-01    0.215514868203059373E+00
    0.111897825469767448E-02   -0.794585904440544244E+01    0.585711000685864458E+00    0.149738247680060527E+00    0.744846110323973853E+01    0.772561681035133119E+00    0.608816475086218833E+00
    0.485802693159934258E-03   -0.694328579296677617E+01    0.734832445195420236E+00    0.177759535776124938E+00    0.714722440072003451E+01    0.118822800662024375E+01    0.547671130349940305E+00
    0.564477083108287907E-03   -0.720972716808319092E+01    0.358823039787623514E+02    0.293724042029252459E+02    0.770822763442993164E+01    0.198963746428489685E+01    0.166019374132156394E+00
    0.242536039354330395E-02   -0.970232704910138644E+01    0.619577980755575126E+02    0.589521822063747564E-01    0.824900532917009599E+01    0.400071878301382577E+00    0.319910535442541000E+00
    0.416481595127730420E-03   -0.681053913414631218E+01    0.418102287002349721E-01    0.248322840263164721E+02    0.678282618826901462E+01    0.215197104745119505E+01    0.455174670247566193E+00
    0.633242793206799674E-04   -0.294685038503312624E+01    0.292609739790073284E+02    0.374343696019282871E-01    0.646008071550633378E+01    0.192023658329246771E+01    0.580292261456192171E+00
    0.115825446741136512E-04   -0.117919416810238570E+00    0.195429899194352297E+01    0.340590288624041705E+03    0.494910337735874428E+01    0.150049743487293497E+00    0.441600115168391039E+00
    0.155932756041939676E-03   -0.390445260820516493E+01    0.346896997875839652E+01    0.779622229950955870E-01    0.657174830875203675E+01    0.102334440228811274E+00    0.508302681492099784E+00
    0.933065053202006452E-04   -0.440176049669229652E+01    0.512142539518209206E+00    0.623465400014463003E-01    0.656932954487866905E+01    0.207082298391352548E+01    0.286992379404001907E+00
    0.220951057056425820E-03   -0.596149233493361130E+01    0.191828873941066377E+03    0.323077272358877554E+01    0.700778067929332327E+01    0.106871170052309306E+01    0.605778190347918910E+00
    0.513577909473986443E-03   -0.663881063461303711E+01    0.135222171065886410E+00    0.206356168240609920E-01    0.715954267978668213E+01    0.581331253051757812E+00    0.208350211381912231E+00
    0.113739673651025159E-02   -0.856244255017092293E+01    0.160804428227977747E+00    0.345758408204382306E+00    0.757427347930998263E+01    0.700913558311403895E+00    0.328283552615762753E+00
    0.556570272912805357E-04   -0.271234407012163814E+01    0.623298175713049091E+03    0.639141339071357379E+03    0.657081344717984361E+01    0.565194274940694075E+00    0.246257345869700495E+00
    0.626237059299061946E-03   -0.781239598387784362E+01    0.862012474865938714E+02    0.825830236174341148E+00    0.792279237747487031E+01    0.132545140461576749E+01    0.117440368730705791E+00
    0.961528979639937273E-04   -0.391569378021991499E+01    0.334961258034409255E+02    0.298564622921484273E-01    0.695266320899152035E+01    0.909347601109618986E+00    0.266870198685926707E+00
    0.222845474515166131E-04   -0.143898207411116585E+01    0.103391720589054145E+00    0.227147049208852370E+00    0.571014730140754079E+01    0.249181938316046780E+01    0.200462557390850893E+00
    0.283856318966156128E-04   -0.122083770948456549E+01    0.781653595868825164E+03    0.466876408414460334E-01    0.606109706068654575E+01    0.137077805791070118E+01    0.597635506082879298E+00
    0.154249235627136854E-04   -0.711101293563842773E-01    0.225347416226977904E+00    0.176076876829311544E+03    0.473613023757934570E+01    0.412067025899887085E+00    0.522599661350250266E+00
    0.139895743119007632E-04   -0.134337572422433299E+00    0.905301172995725523E+01    0.599195152768436401E+02    0.482204117430236856E+01    0.177694520145118551E+01    0.600771110018955556E+00
    0.821180886699883570E-03   -0.804316355345951450E+01    0.243947145744450831E-01    0.146590740225417904E+00    0.751367294663972629E+01    0.125996458333601202E+01    0.249811972085536849E+00
    0.390832408375425030E-03   -0.644872261715633854E+01    0.138569176719007623E-01    0.102507690451638420E+00    0.709322419002170079E+01    0.536618565326085317E+00    0.631905695766761033E+00
    0.152429510283961364E-04   -0.402357966644115106E+00    0.224226653407124318E-01    0.492613029572772859E+03    0.525499937069311329E+01    0.608609106984276838E+00    0.197479256492875566E+00
    0.129215284073062371E-03   -0.403536677360534668E+01    0.101591909593286864E+02    0.505826948484279626E+01    0.644587063789367676E+01    0.587182193994522095E+00    0.533445250988006658E+00
    0.786185320274272932E-03   -0.735815308657548872E+01    0.464256863350698765E+02    0.604383569655764993E-01    0.759339903771882874E+01    0.872333707979090489E-01    0.601473092581431223E+00
    0.126706221923279435E-04   -0.629246862371536930E-01    0.157165651041161619E-01    0.785518012532044985E+01    0.473463027864524122E+01    0.199953859788290655E+01    0.647550959188778696E+00
    0.194162166717300422E-03   -0.573281764984130859E+01    0.956751864759210378E+02    0.834942807302849865E+00    0.719171047210693359E+01    0.201695650815963745E+01    0.635528963804244951E+00
    0.141786742735464750E-02   -0.913029432296752930E+01    0.461984402972516762E+03    0.458170888279674443E+03    0.827455735206604004E+01    0.800882428884506226E+00    0.233830952644348167E+00
    0.104333826740752781E-03   -0.365864646161080387E+01    0.372721042163570770E+00    0.882657734018620843E+01    0.627067928161494414E+01    0.154159858225186719E+01    0.363746106157228022E+00
    0.243624639667626089E-03   -0.493173360824584961E+01    0.133645460186391972E+03    0.614079132429852306E-01    0.725776255130767822E+01    0.153875112533569336E+01    0.519239944219589300E+00
    0.986526199162837203E-03   -0.839330012426752248E+01    0.742057083819884156E+02    0.316133923780039378E-01    0.804111244476236919E+01    0.163119978291313927E+01    0.546631541719656111E+00
    0.973022340960302779E-04   -0.355866372585296631E+01    0.762958030427207223E+00    0.114004803670164812E+02    0.645234441757202148E+01    0.115018397569656372E+01    0.213674426078796387E+00
    0.564269063231692019E-04   -0.144472678622096540E+01    0.294243007426515589E+03    0.524443706602163440E-01    0.640083733054928317E+01    0.677161424151873637E+00    0.438318111060515436E+00
    0.128688090903665002E-04   -0.437549108914537938E-01    0.605906208816335834E+00    0.275349188659684501E+03    0.537766039834438292E+01    0.829739910780504353E+00    0.159152060562328945E+00
    0.968997407787805997E-03   -0.861725443718160555E+01    0.145781334058755689E+02    0.368585813665990719E-01    0.821212010819563609E+01    0.205007471109103445E+01    0.382090896442881633E+00
    0.193719783959465744E-04   -0.123896181583404541E+01    0.151594537794366335E+02    0.166273230336756450E+00    0.644953227043151855E+01    0.889675766229629517E+00    0.139240217208862316E+00
    0.503514447427315606E-04   -0.238969488913763461E+01    0.576976441236842427E-01    0.104421030589657557E+00    0.615932559633974019E+01    0.140183975239078018E+01    0.525567858315114877E+00
    0.726461066196055550E-04   -0.445334017276763916E+01    0.154100308038439843E-01    0.767032429496167993E+03    0.645763409137725830E+01    0.491724163293838501E+00    0.275200855731964122E+00
    0.648225059811403112E-04   -0.267664295171494793E+01    0.552261006061265221E+03    0.740399301340254397E+03    0.640682333206180843E+01    0.416362845893645250E+00    0.467977309598995084E+00
    0.561750503830493676E-03   -0.776935517787933350E+01    0.780878328620614681E+00    0.237533230482588148E+00    0.760081779956817627E+01    0.196405068039894104E+01    0.593774509429931707E+00
    0.189475704413166204E-02   -0.947608014079942151E+01    0.849448309027736514E+03    0.385887941526789069E-01    0.827055414717802506E+01    0.269431099522951578E+00    0.546841021855209442E+00
    0.964264174738363694E-03   -0.740228641275035404E+01    0.538142641666526700E+00    0.157138419557760811E+00    0.771660012438156784E+01    0.439731080706047377E-02    0.409724055691506939E+00
    0.803812392106972862E-04   -0.279385268688201904E+01    0.192920243081013583E-01    0.191764016322772957E-01    0.635769271850585938E+01    0.148794502019882202E+00    0.535984355211257979E+00
    0.385079266297675416E-04   -0.254613015974846935E+01    0.921431168260827320E+02    0.249587712490430338E-01    0.670957856587757639E+01    0.988400734396278735E+00    0.503770751523820004E+00
    0.753296170590384679E-03   -0.740434110164642334E+01    0.183737156894412217E-01    0.139989593589337057E-01    0.769778513908386230E+01    0.244088590145111084E+01    0.630584859848022483E+00
    0.351044763078022491E-03   -0.572372969123838082E+01    0.999859201969872515E+02    0.308909133144514736E+00    0.772649553316978821E+01    0.525204844942838145E+00    0.200681803658608215E+00
    0.205405867941090746E-03   -0.516815601440914740E+01    0.157901331370539383E+00    0.186296391519079674E+00    0.702565806436352247E+01    0.778903959258597345E+00    0.320101972523999412E+00
    0.994708601004372318E-03   -0.819717358291077680E+01    0.591658329185707110E+01    0.534447613079050132E+01    0.767866210002828620E+01    0.162481147757746669E+01    0.538788693471188740E+00
    0.960361008193223866E-04   -0.393342184316756249E+01    0.768779045104633596E+01    0.514209576008262047E+03    0.618085001512134724E+01    0.145997756696864456E+01    0.613257284826183247E+00
    0.253445628499846409E-04   -0.120559245414679161E+00    0.477590182627923160E-01    0.130362900170907992E+01    0.538712550209375518E+01    0.766987948367478384E-01    0.590134161547848923E+00
    0.182313785525049657E-03   -0.525570437786455980E+01    0.516126611266202584E+01    0.692930897309047538E+02    0.676816493441785028E+01    0.249993048505767357E+01    0.553411681064893246E+00
    0.375892293846993476E-04   -0.164425432682037354E+01    0.564556916859874480E+01    0.529923795494532529E-01    0.649552714824676514E+01    0.875402539968490601E+00    0.417126923799514771E+00
    0.448744974259042092E-04   -0.191962252148502310E+01    0.582489404097217516E+03    0.108304888404838850E+01    0.665714407925817042E+01    0.388542602014976313E+00    0.348809592064761476E+00
    0.263514928362056281E-04   -0.183655798435211182E+01    0.177341318754114607E+01    0.134525632086407460E-01    0.626647400856018066E+01    0.117801681160926819E+01    0.612605088949203513E+00
    0.130876151062091884E-03   -0.427499250157780875E+01    0.110924732972656983E+03    0.128531213948754264E+02    0.747008494686805591E+01    0.236468839659384589E+01    0.165152261088398533E+00
    0.991693902826256551E-03   -0.836259463419031768E+01    0.176246641570247419E+03    0.804804985302620679E+02    0.816127058236544300E+01    0.925503767493324414E+00    0.358223124848262575E+00
    0.984419711590368059E-03   -0.859759078011134115E+01    0.360306289802885900E+02    0.101166973226836248E+03    0.816116729103316985E+01    0.133643656476074790E+00    0.287383245599424297E+00
    0.519235729833216375E-03   -0.721270533382028844E+01    0.303194249500082890E+03    0.444409819387661731E+01    0.803545770190204500E+01    0.152227843918888173E+01    0.316431423145334678E+00
    0.731015310213172539E-04   -0.255315187955637635E+01    0.189102324962672035E-01    0.838197570497643028E+03    0.588408336213086436E+01    0.146544378895696181E+01    0.532400732956586964E+00
    0.744013869697950016E-04   -0.403831808331511422E+01    0.340462013071539005E+02    0.365105748104249317E+01    0.701748152752617926E+01    0.243317903988728279E+01    0.576253785961849174E+00
    0.720113270623502430E-03   -0.785570265695436998E+01    0.713034748672759466E+01    0.140755328760293764E+03    0.676515825615499189E+01    0.153775525217745429E+00    0.683819501740386748E+00
    0.111268558404976019E-03   -0.359091818332672119E+01    0.795892275200611579E+02    0.202921853357052129E+02    0.724396717548370361E+01    0.174268469214439392E+01    0.302368116378784191E+00
    0.162848569573772811E-02   -0.930271685123443604E+01    0.449147133479908603E-01    0.308105066640881205E+03    0.794504964351654053E+01    0.178802803158760071E+01    0.408315104246139593E+00
    0.182991891082858675E-03   -0.520734366508211277E+01    0.636304601527980481E+03    0.399544167993299976E-01    0.744927528299185671E+01    0.128165886600359857E+01    0.601670396064660107E+00
    0.943137266825598867E-04   -0.401976181031071000E+01    0.514975783131682241E+00    0.338827649848136900E+02    0.665256075485269083E+01    0.363649642232754755E+00    0.297749500750876972E+00
    0.372610349839823775E-03   -0.617660965718180943E+01    0.315457169912067528E+02    0.396490098430815285E+00    0.760840009328780020E+01    0.116955031829371014E+01    0.627450254488020609E+00
    0.970547673357903767E-04   -0.265156507492065430E+01    0.173619790526206552E+01    0.482599729646207720E+01    0.658713054656982422E+01    0.282901674509048462E+00    0.229116868972778331E+00
    0.984785465450327109E-03   -0.794942057657694345E+01    0.202688543821737607E-01    0.306440248260040737E+00    0.793173079293302941E+01    0.105243762339417390E+01    0.298608716063977542E+00
    0.803996481064072981E-03   -0.842198660887622275E+01    0.191761247498347909E+01    0.263951431713802664E+01    0.787353874812900756E+01    0.226868764447156757E+01    0.495041130996770939E+00
    0.467672352432741171E-03   -0.643615895601302235E+01    0.135209694489725113E+00    0.632846202015174200E+02    0.753845454481339861E+01    0.136329117370057329E+01    0.148037667831638409E+00
    0.455575626525601528E-03   -0.631727218627929688E+01    0.432472792723102106E+01    0.122693930713359683E+00    0.776673364639282227E+01    0.182282641530036926E+01    0.519637817144393943E+00
    0.325255707933899858E-03   -0.649182667487063725E+01    0.226432840304414462E+00    0.130912967827906068E+00    0.749218350929007926E+01    0.475592186304350517E+00    0.606753296598807723E+00
    0.229224889875697502E-04   -0.196106433868408203E+00    0.916980339848746127E+02    0.564012090659038634E+01    0.660068476200103760E+01    0.203806281089782715E+01    0.184782457351684581E+00
    0.937573770481542421E-03   -0.743145344767818727E+01    0.232229026145221296E+01    0.409563434582109684E-01    0.805691628751592859E+01    0.217350472907657899E+01    0.557193981738656641E+00
    0.614062086247089186E-03   -0.820343554019927979E+01    0.515021866921794924E+01    0.849911336199755709E+02    0.737243974208831787E+01    0.210737600922584534E+01    0.649214726686477617E+00
    0.928074433725467737E-03   -0.848322377656787374E+01    0.397527651484590239E+00    0.578327188213625959E+03    0.783915226885659067E+01    0.241259656366261765E+01    0.399948743634363613E+00
    0.366523082322898512E-04   -0.153021872043609619E+01    0.259047372933286510E+02    0.110827783412754833E-01    0.663463830947875977E+01    0.196010082960128784E+01    0.585456478595733687E+00
    0.459959561884055524E-03   -0.618244428502592669E+01    0.322811340174294173E+03    0.194770380054944708E+00    0.780052253907574400E+01    0.145208918652391694E+01    0.606684300008592303E+00
    0.147600454125281205E-02   -0.908032427838607070E+01    0.233682958484930890E-01    0.222909382086850655E-01    0.828387779627705356E+01    0.168668587895883881E+01    0.579888183700551396E+00
    0.373002720458034110E-04   -0.116450257392466816E+01    0.459446936739513546E+03    0.143194092553515617E+00    0.670757243226496147E+01    0.698468269861038937E+00    0.383072497487862207E+00
    0.259809105171694764E-03   -0.569289762338273064E+01    0.133816860651842376E+03    0.326142264138841398E+01    0.758324288752872810E+01    0.141287526658301466E+01    0.553565683131902797E+00
    0.265219514715433493E-03   -0.590083481139546251E+01    0.702335496561940658E+03    0.203824919775704688E+00    0.770424681862080440E+01    0.733964294742247780E+00    0.582512764665774507E+00
    0.282453799462825043E-03   -0.654462831074139917E+01    0.540380657058148461E+01    0.132264685307693838E+03    0.765662897651899499E+01    0.165812985668744872E+01    0.396336406682107012E+00
    0.188533122692828911E-04   -0.960740447044372559E+00    0.266957438838924983E-01    0.716155137906029138E+00    0.594245040416717529E+01    0.172133296728134155E+00    0.160181832313537609E+00
    0.736904341981230881E-04   -0.348087270613947641E+01    0.272719358808060974E+01    0.626635897009405751E-01    0.721429540902487521E+01    0.213184825624086161E+01    0.296204916710648081E+00
    0.614659672381135183E-04   -0.170643769455612770E+01    0.281068872369747735E+01    0.638580176009750815E+02    0.659272355090236850E+01    0.242798261877329580E+01    0.253324924757019398E+00
    0.985557871675228712E-03   -0.785553562028399455E+01    0.231913563338535113E+03    0.853480462023003838E+03    0.825401999725962554E+01    0.245514412832732098E+01    0.441625696596410156E+00
    0.569116330522739973E-04   -0.243840922778438429E+01    0.404948185156765192E+03    0.455110876581449109E+01    0.702467994145914609E+01    0.242276605153526026E+01    0.442326718604709290E+00
    0.434225429064203597E-04   -0.168613055726382122E+01    0.381046400759054923E-01    0.113307331517411528E+00    0.632558365442785142E+01    0.390731049144016962E+00    0.183425985154065774E+00
    0.499286425540225904E-04   -0.270730495452880859E+01    0.326692687684798377E+01    0.624162771081134049E+00    0.691311347484588623E+01    0.420871227979660034E+00    0.302450710535049461E+00
    0.205111319550967699E-03   -0.578092780794946659E+01    0.641021882377081909E+01    0.415044910955979674E+03    0.742289353208120684E+01    0.207619685967662360E+01    0.476063933966567654E+00
    0.125859125569213444E-02   -0.949263778313060591E+01    0.425243016972324417E+00    0.430287875629521629E-01    0.835725099407771665E+01    0.526011369547761537E-01    0.610924823038970444E+00
    0.547388323602547751E-03   -0.716161442944804971E+01    0.115699204014408762E-01    0.707087204588844331E-01    0.787873369337375085E+01    0.152692339466227534E+01    0.482844091249222451E+00
    0.173317748460928415E-03   -0.574065973636641225E+01    0.724860055815715193E-01    0.123230758843860078E+01    0.725508726234378187E+01    0.119249918171438818E+00    0.622224209074336398E+00
    0.908932747758632348E-03   -0.825999987319234208E+01    0.556131530933561294E+03    0.167588776216432617E+00    0.862093145977101472E+01    0.157314119239843841E+01    0.307683993139778345E+00
    0.142270903101691189E-04   -0.149476533122885197E+00    0.178283054582659650E+01    0.126047857773196426E+01    0.605809235882750929E+01    0.112868286052985112E+01    0.246886537737822487E+00
    0.273091238830418785E-04   -0.823012346064440070E+00    0.101490763163084722E+03    0.862514781926823026E+01    0.654903166435396678E+01    0.187180277748910627E-01    0.249464399705320056E+00
    0.291282573465782315E-03   -0.639224588871002197E+01    0.127384802781724929E+03    0.441990547471632755E+01    0.788814663887023926E+01    0.821028947830200195E+00    0.452621984481811568E+00
    0.847659696961330401E-03   -0.828897118568420410E+01    0.941571856260345064E-01    0.168596449101683782E-01    0.105815744400024414E+02    0.143621206283569336E+01    0.468738502264022805E+00
    0.125501623507540957E-03   -0.447353372528529114E+01    0.218060921221967657E+00    0.417534965151562290E+03    0.682208044383658940E+01    0.235744694472298733E+01    0.497750715857812276E+00
    0.836796545487790384E-04   -0.241146802902221680E+01    0.573736802815577249E+02    0.247026320690805568E+01    0.674240362644195557E+01    0.204629465937614441E+01    0.590583533048629761E+00
    0.407904433910482851E-03   -0.587040189924929212E+01    0.900762214549169216E-01    0.299664489515230503E+00    0.760331365195901299E+01    0.632587800338099027E+00    0.230732126892344569E+00
    0.372841837682606227E-04   -0.110492633268908058E+01    0.168964002162104825E-01    0.121933920922511447E+02    0.577551199510794877E+01    0.241005804455256711E+00    0.475780256164356707E+00
    0.228430153647895337E-04   -0.681924223899841309E+00    0.153005711093141088E-01    0.466245918637619494E+00    0.600429093837738037E+01    0.501346141099929810E+00    0.271987676620483398E+00
    0.288545030556779461E-03   -0.608930408954620361E+01    0.847345043072297699E+01    0.117496606821704437E-01    0.808154392242431641E+01    0.203896880149841309E+01    0.400815910100936867E+00
    0.141221571691844359E-03   -0.484124994817712828E+01    0.190309619115552264E+01    0.859675186417870885E-01    0.774794756343148627E+01    0.245494520305062736E+01    0.113930624016976831E+00
    0.539206052305012332E-04   -0.248163859514318030E+01    0.251045433479028324E+01    0.182425202935171001E+03    0.645009773104199180E+01    0.134047417717209655E+00    0.427719560652943698E+00
    0.175838771903352796E-02   -0.869865294393481214E+01    0.762586701959587003E+02    0.265853053357088754E+03    0.853058136811379875E+01    0.724469703591612335E+00    0.417884139766741325E+00
    0.406128709338642835E-04   -0.180540084838867188E+01    0.324924684403904707E+00    0.351253130089174714E+01    0.610224211215972900E+01    0.110267162322998047E+01    0.630107057094573930E+00
    0.392306703507889118E-04   -0.284732607894108547E+01    0.117586626040329971E+02    0.841440540949356802E-01    0.689797114657527910E+01    0.141272894526147930E+01    0.691001826149361564E+00
    0.849273314367932509E-03   -0.824730415022251151E+01    0.176054604272448317E+00    0.100407242087572537E-01    0.820875623267185617E+01    0.118086088490492513E+01    0.486113482621950310E+00
    0.724687304329715110E-04   -0.327133202608920426E+01    0.218667598862169683E+03    0.497498795800917293E+01    0.738626305409632877E+01    0.148568354457836693E+01    0.319256411338059654E+00
    0.280887962924652730E-03   -0.566961390885547267E+01    0.908742402971631691E+01    0.274389313842934968E+02    0.696023391763294441E+01    0.786019660406220289E+00    0.624632665324341030E+00
    0.189305334105736140E-02   -0.919254481792449951E+01    0.904763560392452973E+03    0.947713874964560138E-01    0.882448816299438477E+01    0.891991704702377319E+00    0.511155486106872559E+00
    0.160671532996318326E-04   -0.128762387749259766E+01    0.800161185699308248E+03    0.476667433096442522E-01    0.696895591079766064E+01    0.162594535526910500E+01    0.285869739471727002E+00
    0.986964306919260303E-04   -0.345042586701608966E+01    0.903706855474026760E+01    0.471018149135192521E+00    0.735012855399510467E+01    0.163137112502022186E+01    0.474040350776075758E+00
    0.111824626742854875E-02   -0.838813960552215576E+01    0.901251920810987713E+03    0.605971953142069933E-01    0.865985739231109619E+01    0.186195865273475647E+01    0.522406053543090887E+00
    0.306285733116740938E-04   -0.158027002620520607E+01    0.170666527924636796E+00    0.474182131784519285E+02    0.638323974473268052E+01    0.829057342875646253E+00    0.130997175367860319E+00
    0.456108414227836674E-04   -0.253741799517218247E+01    0.456092837701327483E+03    0.695091583527594903E+01    0.729149322045472204E+01    0.128457085897066414E+01    0.189724439340181544E+00
    0.188439787674104655E-04   -0.799618363380432129E+00    0.341496104225991592E+01    0.398449428751383095E+03    0.637869036197662354E+01    0.560389310121536255E+00    0.282781755924224831E+00
    0.189345286723191844E-03   -0.495760779349112024E+01    0.371860843896893500E+00    0.173581418049860368E+02    0.701846752528337348E+01    0.205948173633004927E+01    0.520747333787684341E+00
    0.944110981863337934E-04   -0.376856863498687744E+01    0.102409689229709777E+00    0.562562175960364996E+01    0.664731884002685547E+01    0.212230756878852844E+01    0.674871313571929976E+00
    0.325664074250850725E-02   -0.982678077397193661E+01    0.449684097094169999E+03    0.140270258420931038E+01    0.928393062669886149E+01    0.227265894487964593E+01    0.296185343524710099E+00
    0.394770030936355789E-04   -0.245494169960659558E+01    0.163696843952761867E+03    0.963955610301767223E+02    0.734786355421456427E+01    0.224292066224560038E+01    0.246404647184787440E+00
    0.654507801130944895E-04   -0.203943478226036312E+01    0.169196542635621654E+03    0.607968405420803659E+01    0.739085129352764181E+01    0.179167991157515227E+01    0.152237005421483579E+00
    0.721181779583341125E-03   -0.739080239847301002E+01    0.192105922393691009E+00    0.690919174412713687E+03    0.812204518968866829E+01    0.239713420621207129E+01    0.139812544663868082E+00
    0.495876565256564666E-03   -0.620610713958740234E+01    0.898762227866077013E-01    0.228408058097606448E+00    0.779576802253723145E+01    0.262210667133331299E+00    0.288264054059982344E+00
    0.254680667715464633E-04   -0.877568887368222472E+00    0.328845109467784724E+00    0.481933378556477976E+02    0.595681004261519220E+01    0.907611453242650357E+00    0.417789112578459965E+00
    0.530538282430970099E-03   -0.722697986879402787E+01    0.367910494135166924E-01    0.105640283198185728E+03    0.769057525628806715E+01    0.105559598991859360E+01    0.480618593313406284E+00
    0.360780917211478980E-04   -0.167808613254291306E+01    0.865854892369171542E-01    0.281421716223309382E+02    0.603501744677427521E+01    0.184988281336162053E+01    0.537150082553429775E+00
    0.875626448389690295E-03   -0.752394848600464705E+01    0.306007837182787179E+00    0.166355280428691354E-01    0.822613403970208523E+01    0.576551577383145220E+00    0.287549194139234188E+00
    0.376252424144758583E-03   -0.743388613943335752E+01    0.389155340905411928E+00    0.247611925813362577E+01    0.785875373662956989E+01    0.207139203488045442E+01    0.450418670660965859E+00
    0.162964629456787747E-02   -0.965940117835998535E+01    0.462287578028110147E+03    0.596718376449319067E+03    0.893348097801208496E+01    0.199755728244781494E+00    0.210852015018463124E+00
    0.974321249696747543E-03   -0.862764126926107089E+01    0.148698430998123108E+02    0.974869667838047738E+00    0.876244379687402741E+01    0.169077499056725533E+01    0.432688258327911801E+00
    0.327917229150206197E-02   -0.993931127044923279E+01    0.170673309558680799E+02    0.272204785181807551E+01    0.935355365769699709E+01    0.249110487942429870E+01    0.298808087549639445E+00
    0.810287777112691176E-03   -0.722652792930603027E+01    0.359493764150932871E+00    0.139701659099820552E+01    0.803074169158935547E+01    0.134616345167160034E+00    0.443788850307464622E+00
    0.109686882989610675E-03   -0.273172704011463541E+01    0.752142397452193379E+01    0.427681670671923598E+03    0.729753657708548076E+01    0.162117833451776128E+01    0.312937117858363867E+00
    0.129978141840395516E-03   -0.363893119901535655E+01    0.410320813175143826E+03    0.533593064891188101E-01    0.732531200330811494E+01    0.369529933437066777E-01    0.636465396312852261E+00
    0.236344461534849969E-04   -0.102651536464691162E+01    0.217714107698123939E+03    0.233842874504416182E-01    0.672016346454620361E+01    0.147963613271713257E+01    0.655856895446777388E+00
    0.213713473915817070E-04   -0.909457308778964690E+00    0.178093723792160721E-01    0.583495913580386443E+02    0.527007198056137494E+01    0.576381642658721272E+00    0.684044598234514245E+00
    0.204670507070643297E-04   -0.365505151472497125E+00    0.102403716044366697E+00    0.182746845733647752E-01    0.617974058450284058E+01    0.434577596410032796E+00    0.367391755446533685E+00
    0.125967417725342190E-04   -0.333398580551147461E-01    0.322407952111143548E+01    0.516156817201170028E+02    0.620486211776733398E+01    0.211982369422912598E+01    0.340039044618606567E+00
    0.120867144038170628E-02   -0.899506151676177979E+01    0.450098429413497968E+03    0.798965648365514314E+00    0.899988770484924316E+01    0.420213341712951660E+00    0.137119412422180176E+00
    0.834720715801173818E-03   -0.797689139842987061E+01    0.195986786197346490E+02    0.362490183742155248E+00    0.875740051269531250E+01    0.174001455307006836E+00    0.104779803752899178E+00
    0.176318924019153124E-02   -0.906876631132473321E+01    0.709768422444379752E+02    0.116414036047149693E+03    0.894003574259351907E+01    0.169134478555721146E+01    0.380700234478066335E+00
    0.535892334384804918E-04   -0.209970285065257878E+01    0.169419930578368905E+01    0.925820161186891681E+02    0.619867645984031412E+01    0.226095823701118004E+01    0.567972257702218708E+00
    0.100674000491888117E-02   -0.879076211168327681E+01    0.980161378738625217E+03    0.190674912490760642E-01    0.872959724915773450E+01    0.168573174836958151E+01    0.671362803069746272E+00
    0.161888589178485237E-02   -0.807321346542399709E+01    0.201570208067132287E-01    0.342792827136195832E+01    0.838234429193157560E+01    0.206597359361103505E+01    0.298646419137364671E+00
    0.272641712966209494E-02   -0.991576597009087024E+01    0.102283332941846290E-01    0.363005248944186024E-01    0.888937357563895247E+01    0.711612763259509062E+00    0.152645171713804206E+00
    0.117029515695236345E-03   -0.461258960685445096E+01    0.885996415882396882E+01    0.158555407929751944E+02    0.800127599439818482E+01    0.186549691764216474E+01    0.169518644586247824E+00
    0.191708083332806762E-03   -0.435815229414439198E+01    0.148886073461697990E+02    0.521841030356195233E+03    0.801423163414449391E+01    0.131820467551061959E+01    0.194048530984372192E+00
    0.955570437260494130E-04   -0.353286862373352051E+01    0.112289334181949457E-01    0.894478640565721100E-01    0.723535215854644775E+01    0.135614171624183655E+01    0.517587172985076949E+00
    0.441992814681208731E-04   -0.209765911102294922E+01    0.212357621312062905E+01    0.767997530758437463E+01    0.662352740764617920E+01    0.153525620698928833E+01    0.442735552787780762E+00
    0.823903888069237657E-04   -0.321197509765625000E+01    0.244836453767139561E+01    0.985175592472166173E+01    0.706626534461975098E+01    0.246188566088676453E+01    0.415501683950424194E+00
    0.197637206358332622E-03   -0.476343757864131945E+01    0.641924752350271604E+02    0.357452316325527963E+01    0.774614714176955399E+01    0.233449636676728867E+01    0.588732891255083990E+00
    0.374742481852941212E-04   -0.224407744526550434E+01    0.105469065455666033E+01    0.313620098078747689E+00    0.703289152310961985E+01    0.579151946686881525E+00    0.131836526278469174E+00
    0.343314039231714394E-03   -0.560936383919122861E+01    0.214069564140796260E-01    0.107544851277210141E+01    0.772730357381343591E+01    0.185817133307277560E+00    0.349472114510459009E+00
    0.385508346202949361E-04   -0.255316458085006692E+01    0.173206337449155479E+00    0.462510717866065761E+03    0.692008154087714811E+01    0.122516613561828094E-01    0.157848161608234366E+00
    0.226078589135236282E-03   -0.464722739026254850E+01    0.247511919587502342E-01    0.945106372172124338E+02    0.747848082922140467E+01    0.221883818053180271E+01    0.303926580827327375E+00
    0.914157855955231792E-03   -0.891793347017815563E+01    0.152976713019621746E+01    0.285314376298538708E+01    0.857259443552382905E+01    0.210098538709388682E+01    0.358791901387338519E+00
    0.971314901137299442E-04   -0.305821695117338788E+01    0.906807445714064642E+01    0.256726658091392668E+00    0.796741727695150903E+01    0.214942204351623101E+01    0.100739959981449759E+00
    0.154091753437640083E-04   -0.331558544313921510E+00    0.110404019743473381E+02    0.956471893376117932E+00    0.681394707264630561E+01    0.390070969152929214E+00    0.381823293443901202E+00
    0.267491354294243863E-03   -0.575568478945019102E+01    0.805604191522468760E+00    0.527030808043363166E+02    0.758941790706186126E+01    0.177980867604983839E+01    0.477096813515480722E+00
    0.318931319421318768E-03   -0.587641408784281705E+01    0.541591203547203803E+00    0.268540871780837058E+02    0.782976494205453744E+01    0.619612251347745446E+00    0.268357363971959084E+00
    0.862777207280724658E-04   -0.306716074237035219E+01    0.751957372494045262E+00    0.260080497468728879E+03    0.582375671584900001E+01    0.184887869526598347E+01    0.660722996795624740E+00
    0.253092576260774039E-04   -0.140417936139224864E+01    0.108375851091970038E+00    0.141297962728501183E+02    0.624384251493779452E+01    0.419404837039917044E+00    0.488695501825795353E+00
    0.144341034853695782E-03   -0.518612682819366455E+01    0.236483451072029624E+03    0.377732419007045794E-01    0.819636547565460205E+01    0.124237567186355591E+01    0.352322483062744163E+00
    0.576671419270083152E-04   -0.228883775488348773E+01    0.627988791174491290E+01    0.162003546363232516E+03    0.681816209127060269E+01    0.246185884397463672E+01    0.487198829232116437E+00
    0.173283736976185693E-04   -0.336207882532454427E+00    0.245582941932689258E+00    0.618039793142437510E+00    0.629856429002414231E+01    0.198827883945844075E+01    0.470068043146529058E+00
    0.761629144379435188E-04   -0.381678449742333648E+01    0.540488905127646385E-01    0.254595981588275663E+03    0.712858263638403145E+01    0.126674720434947252E+01    0.398732113784253772E+00
    0.498094000989882254E-03   -0.725265443325042725E+01    0.704474606419532579E-01    0.704019751583487730E+00    0.824237036705017090E+01    0.171857401728630066E+01    0.272613793611526489E+00
    0.713647726472885408E-03   -0.737616744072625785E+01    0.202871716820169468E+01    0.100485783507385656E+00    0.848521730090287818E+01    0.911923116506634823E+00    0.545772762290926194E+00
    0.105777979076314177E-03   -0.402602423100735418E+01    0.522095904551590184E+01    0.730547141591768309E+03    0.696375780786054843E+01    0.249105247879307479E+01    0.597937367924755714E+00
    0.410567791562293171E-03   -0.642114042128329920E+01    0.468036869392799315E+00    0.630230229910178650E+03    0.807258337560786643E+01    0.125500151414138617E+01    0.213820496323346154E+00
    0.640364537438949067E-03   -0.757429941405119411E+01    0.567289393282496857E+01    0.228915762446994603E+00    0.882736261839178660E+01    0.161241815609140859E+01    0.303940712351978837E+00
    0.733796552856126648E-03   -0.920168901725336319E+01    0.541462184689455697E+02    0.491902057788800917E+01    0.888291316327497427E+01    0.626478710359689717E+00    0.363243104282518048E+00
    0.431067350020683971E-03   -0.662921465678913968E+01    0.229890833639448067E+01    0.122594879890274941E+00    0.836722622544957062E+01    0.114926302914250766E+01    0.403953716985868239E+00
    0.729592943323533372E-03   -0.776610851287841797E+01    0.300126208749134776E+03    0.255915196243630788E+03    0.873059415817260742E+01    0.242809370160102844E+01    0.409608191251754739E+00
    0.212587732347384453E-03   -0.501335859298706055E+01    0.855247537025251290E+03    0.287825662063614998E-01    0.816439378261566162E+01    0.103211253881454468E+00    0.277411359548568770E+00
    0.682942563524774446E-03   -0.702294381868782569E+01    0.260133415138810093E+02    0.431156279490827998E+02    0.814969128575696544E+01    0.773307412505426783E-01    0.560547749886429081E+00
    0.185740792078884951E-03   -0.521028374418648710E+01    0.881377971107808094E+02    0.209297643120686855E+00    0.793112761168468161E+01    0.528596406202561764E+00    0.656723371501593878E+00
    0.485605520057064805E-04   -0.246942465578287917E+01    0.184568163893783392E+02    0.108714077416549046E+03    0.753621777929127656E+01    0.160095859551871422E+01    0.302140220115656555E+00
    0.469891957895122750E-04   -0.185548721051621324E+01    0.845540436870480971E+00    0.773504169012332765E+00    0.684473808002941819E+01    0.209551840540605072E+01    0.645372995251551784E+00
    0.236200135295777615E-03   -0.563038934110351530E+01    0.143702543480117139E-01    0.317675075945978214E+00    0.791376285898821763E+01    0.185211813895042243E+01    0.677046367309767416E+00
    0.191082106251429446E-04   -0.754378829471074597E+00    0.616599366669086657E+00    0.144091890587112643E-01    0.666391084992239335E+01    0.174853278590268246E+01    0.229548822247578638E+00
    0.333345906516155314E-04   -0.159040570259094238E+01    0.195375163830353382E+01    0.552424249884468574E-01    0.693949675559997559E+01    0.154536426067352295E+01    0.672972536087036111E+00
    0.292634416216958364E-03   -0.580145306805697647E+01    0.216752158357461191E+02    0.243109322866580619E+02    0.779595629828558767E+01    0.195351891239215836E+01    0.591619220219502528E+00
    0.427085263259326185E-03   -0.740914950975709630E+01    0.146905763190484755E-01    0.250366550865051522E+03    0.813798152565675714E+01    0.268777760814846223E+00    0.261384895471044376E+00
    0.301834917580701935E-04   -0.199032440826025780E+01    0.176238716306260876E+02    0.214269330054779283E+01    0.768352452332650060E+01    0.233999801171346933E+01    0.142910667675664432E+00
    0.206497758662549244E-03   -0.514939662309126867E+01    0.128799428298386465E+01    0.112578934080411859E+02    0.753404345544545073E+01    0.126748355056271600E+01    0.496581072620970398E+00
    0.306631639601295195E-02   -0.951913881904192749E+01    0.766751688441109414E+00    0.102887367599779241E-01    0.922834763045656992E+01    0.219732861035787419E+01    0.614104491629802740E+00
    0.127477729947449083E-03   -0.425185355919530750E+01    0.812750515627881498E+01    0.185563068778826192E+02    0.811390034444203323E+01    0.971403454769834918E+00    0.197261195798786121E+00
    0.905874642879841085E-04   -0.376716831126719676E+01    0.201267845586447493E+03    0.161050563325931755E+02    0.798918747909544535E+01    0.885831750380678740E+00    0.174939019294836795E+00
    0.218482041248515982E-03   -0.525110432495578117E+01    0.375032274206231683E-01    0.812573634617474205E+01    0.749721333893609643E+01    0.737938181821108374E+00    0.521957205540877434E+00
    0.395669122475999526E-03   -0.679815000243903533E+01    0.275731614828089278E+02    0.131056559226218042E+03    0.870233581707976356E+01    0.212751551444627474E+01    0.261325320305240361E+00
    0.132551269519199603E-02   -0.857446925164591356E+01    0.435552269775225032E+01    0.136181665250145828E+00    0.931482348268760241E+01    0.169041573936951695E+01    0.179659458313051273E+00
    0.257226048834646227E-03   -0.535353153670969828E+01    0.549594021626545004E+01    0.179430081720806447E-01    0.826398170400764798E+01    0.123708021710042160E+01    0.462672321735309033E+00
    0.507178919360188512E-03   -0.728201866149902344E+01    0.800468989781210894E+03    0.127003844296940382E+01    0.849437379837036133E+01    0.679684430360794067E+00    0.627577722072601318E+00
    0.135145613127148328E-02   -0.856698283808944261E+01    0.312948938159194057E+00    0.152955016969740249E-01    0.882995179871445046E+01    0.772333114840878632E+00    0.564845731992866251E+00
    0.117251872377226792E-03   -0.393528163433074951E+01    0.275207793263955169E+01    0.760414010138463947E+01    0.770874333381652832E+01    0.532861053943634033E+00    0.255404901504516613E+00
    0.140730731492903880E-02   -0.846286010484996254E+01    0.197214220156450608E+02    0.587365064249546695E-01    0.890394026569301822E+01    0.748587637894655433E+00    0.633006181868277173E+00
    0.307084828172760949E-03   -0.605479564480090104E+01    0.378383672998638010E+00    0.234817975150392044E+03    0.788011772789043796E+01    0.245838372479234479E+01    0.437085718926631617E+00
    0.588071607522288513E-04   -0.385640501976013184E+01    0.906223658345250704E-01    0.683165526001645418E+02    0.665021693706512451E+01    0.958476215600967407E+00    0.713509392738342241E+00
    0.241444333827575642E-02   -0.999862592095021441E+01    0.535360346031193216E-01    0.112176600638397534E+02    0.889888169286629882E+01    0.758554412725190197E+00    0.371111287376519883E+00
    0.728860463581004975E-03   -0.798470264570650912E+01    0.227932880005114191E+00    0.489657818180044046E+03    0.830436819865538212E+01    0.218619307578521438E+01    0.487651512347495708E+00
    0.415309588447396487E-03   -0.680708987873168425E+01    0.186229704961619125E+01    0.137406606283480048E+02    0.865609579206650004E+01    0.231726749734471982E+01    0.128777468403709627E+00
    0.146524770793100335E-02   -0.809218286210445115E+01    0.310942873384791028E+03    0.503163409300611377E+02    0.877234125165642276E+01    0.953326989541297132E-01    0.525429394728184729E+00
    0.199910597214790530E-02   -0.989048758859518706E+01    0.615842002618228190E-01    0.848548597745143907E+00    0.905641789460879032E+01    0.169282984700802386E+01    0.365111625303319309E+00
    0.381122169553972114E-03   -0.616574192733944759E+01    0.783584191250065870E-01    0.925010696879005057E-01    0.825324255819324115E+01    0.116032081390013753E+01    0.382774861561010704E+00
    0.201207117331042363E-04   -0.124856005657223701E+01    0.130864315647194815E+03    0.262660996007116069E+03    0.724324460490299771E+01    0.452714537037586739E+00    0.327615509514933012E+00
    0.487307240240738085E-03   -0.693277559102328222E+01    0.311822816885909265E-01    0.159877016696260477E+00    0.833906619873984845E+01    0.215498455426680197E+00    0.215663739245965991E+00
    0.458940942569171633E-04   -0.278699707865547897E+01    0.348945818883316861E+03    0.131213574895931586E+02    0.764862492911850111E+01    0.168207400011302943E+01    0.431712967232946498E+00
    0.954038074970146779E-03   -0.861610467814193193E+01    0.197086944276092302E+01    0.159746716376205478E+01    0.868205936275138868E+01    0.174244324214570701E+01    0.622257637106229167E+00
    0.442158295747360904E-03   -0.582623105099300798E+01    0.531174979894238272E-01    0.474229384318242992E+02    0.801210153756569810E+01    0.965098391715703996E+00    0.317764786724343162E+00
    0.555621352441063921E-03   -0.799048430831431933E+01    0.132352700367559670E+02    0.214634193621641003E+03    0.904983529947719489E+01    0.201974406916660509E+01    0.196210593635733233E+00
    0.101749653819214287E-02   -0.829646486204250522E+01    0.166842876234120613E+00    0.775844160417429940E+01    0.860519492860226975E+01    0.505361311858062434E+00    0.265896345831624192E+00
    0.182389607663067534E-04   -0.511187110356502883E+00    0.324797829175279829E-01    0.138968833462097784E-01    0.660786108391788929E+01    0.131895135434718558E+01    0.494108617763600377E+00
    0.282564098542506986E-04   -0.161245188528992189E+01    0.593295996678139090E+03    0.562615269157358475E-01    0.762443821568210645E+01    0.178839410826182554E+01    0.289944939477032815E+00
    0.252299496957165026E-04   -0.645242025775693895E+00    0.361719355736249693E+00    0.352173323134519933E+00    0.665386995627847888E+01    0.101989906168116495E+01    0.389916829988837477E+00
    0.276595386639907459E-04   -0.130862355232238770E+01    0.503606787348574301E+02    0.277765205553896277E+00    0.745182240009307861E+01    0.172762125730514526E+00    0.124779134988784790E+00
    0.139017089377172242E-04   -0.125532113675768753E+01    0.634546046478031144E+03    0.169325303676568950E+02    0.716345643857748637E+01    0.240275213431100498E+01    0.535589407589238120E+00
    0.686808922585360580E-04   -0.423564408785565583E+01    0.133791234416830074E+01    0.212544719333826073E+02    0.735474715059503392E+01    0.228086561747280081E+01    0.535578185174902632E+00
    0.129031272006510731E-03   -0.387224883435380240E+01    0.325102765810831684E+02    0.956537111340542197E+03    0.745203283863944854E+01    0.142520587722554493E+01    0.577010336928682532E+00
    0.985021908475498592E-03   -0.788403955926188527E+01    0.626660205091069261E-01    0.303565067541339939E+01    0.860218721657657781E+01    0.981739689141966632E+00    0.275324959554298476E+00
    0.144670803317430637E-04   -0.225805840049003587E+00    0.388848532306596617E+01    0.116313867161061490E+01    0.694881370911977214E+01    0.615982134335311265E-01    0.230603800125912195E+00
    0.681659089605079718E-04   -0.230828259438459016E+01    0.492633056398532005E+03    0.242711549354790668E+00    0.783240553749510049E+01    0.149849912128045659E+01    0.367709470796198534E+00
    0.546721303496933435E-03   -0.582967216156643353E+01    0.309860795750599327E+00    0.315368178400972496E+02    0.810714957124795177E+01    0.110304213067346635E+01    0.333370808589241785E+00
    0.119784349385080509E-03   -0.440534515105492908E+01    0.123278116961526504E+00    0.122175787217707708E+02    0.744692881507857418E+01    0.242234047527675056E+01    0.512388988508630239E+00
    0.345235395398935487E-03   -0.694918823838950228E+01    0.969638380774168240E+03    0.335196440850843019E-01    0.894478893794232732E+01    0.172191034813341659E+01    0.328041147340335404E+00
    0.347862578462870646E-03   -0.675543681001316010E+01    0.309792716239822097E+01    0.250464296384533867E+03    0.862408987673364891E+01    0.167305246319846823E+01    0.259155398145514693E+00
    0.259228564142564627E-02   -0.893057286739349365E+01    0.984898856079660163E+03    0.349894428782034028E+00    0.960830283164978027E+01    0.208333849906921387E+01    0.445414090156555198E+00
    0.368684468317909879E-03   -0.624781902714742632E+01    0.256603891834948627E+03    0.115554411070223160E-01    0.873224113711740735E+01    0.891752732299467166E+00    0.492186771161172043E+00
    0.502273233903991357E-03   -0.688119131878966339E+01    0.241247141081129911E+03    0.449679301042410162E+00    0.870731312081232289E+01    0.206008318454395711E+01    0.647880399833013043E+00
    0.136810284697195909E-02   -0.935992232354728770E+01    0.182137836280473822E-01    0.449769663386341847E+02    0.880604851766433150E+01    0.207826867771617874E+01    0.461923390323725425E+00
    0.346518032722932428E-04   -0.125397574942539114E+01    0.644534572715280873E+01    0.921692240631807294E+03    0.714692566042567279E+01    0.176642852344335910E+00    0.340065743514150032E+00
    0.264533835989088654E-04   -0.949387546175983643E+00    0.668932238854120442E+03    0.266984075112523726E+03    0.643794494188581545E+01    0.113414130524164602E+01    0.644969273622016170E+00
    0.117689028458185906E-04   -0.122943024886615432E+00    0.260456789738855998E+00    0.674568594324387846E+03    0.648491486150711616E+01    0.182456756202171499E+00    0.170611799188272351E+00
    0.294994207700506399E-03   -0.617837071418762207E+01    0.431927074748793949E+01    0.709196330738994885E+01    0.876229715347290039E+01    0.249870404601097107E+01    0.223125684261322010E+00
    0.100963171663304396E-03   -0.364653587341308594E+01    0.299156377603090062E+01    0.121246193459494744E+01    0.768009197711944580E+01    0.436195731163024902E-01    0.517671543359756514E+00
    0.192173866620541535E-04   -0.543350577354431152E+00    0.134336483136748708E+01    0.275973830022129846E+03    0.655972754955291748E+01    0.321577191352844238E+00    0.362455809116363548E+00
    0.798336494985464774E-04   -0.217098725003465409E+01    0.531244799232332298E+03    0.575827207841253497E+01    0.774074809416854048E+01    0.337442977675853351E+00    0.325262391151631580E+00
    0.181955868491201782E-03   -0.477206352437850079E+01    0.527990534881204265E+01    0.824494734281709043E+03    0.709071557157597621E+01    0.119042732077480551E+01    0.646313202436550216E+00
    0.201333161301463795E-03   -0.602962305339901583E+01    0.795612788583734742E+00    0.207090462284386874E+02    0.821109332571982620E+01    0.655519946388995606E-01    0.233586699069139092E+00
    0.161066249250498548E-02   -0.951622639875624543E+01    0.561272839857316352E+01    0.747494499653210198E+02    0.897557290964502563E+01    0.158605276230524694E+01    0.518757133357586664E+00
    0.340623105887113593E-04   -0.178710235253632743E+01    0.409845846009558699E+02    0.187989480248264951E+00    0.741020571278637874E+01    0.246347204306299572E+01    0.664986405499599753E+00
    0.126004082122640353E-02   -0.948410093784332275E+01    0.594894713667526109E+00    0.301476628447952244E+02    0.888349318504333496E+01    0.186175107955932617E+00    0.375058078765869163E+00
    0.365776162709437872E-04   -0.137489421584460003E+01    0.226851937513123687E+03    0.229030008223889894E+02    0.692434477220906874E+01    0.162264653739507292E+01    0.614578706261937224E+00
    0.135458512042582339E-04   -0.236375436929878557E+00    0.377788632806291332E+03    0.137221527750187029E+02    0.717617187627429320E+01    0.202224802769613676E+01    0.440528173091118469E+00
    0.875920777754122745E-04   -0.323199093341827393E+01    0.120388780768090314E+00    0.233987886740131508E+02    0.749421906471252441E+01    0.187839075922966003E+01    0.261190044879913374E+00
    0.165843769782326339E-02   -0.929431160475397711E+01    0.251374926095518081E+01    0.313308385774583842E+01    0.911224934839291834E+01    0.141496850689115550E+01    0.439830393150902332E+00
    0.112031093594529857E-03   -0.427812438972999232E+01    0.139812772355036316E+03    0.883254827863257708E+00    0.856068129676802059E+01    0.214880155289299202E+01    0.136978828465193769E+00
    0.747445335535075429E-03   -0.827793545714071399E+01    0.224141362402642841E+03    0.140775157792482428E-01    0.922106808434787162E+01    0.191780639008129716E+01    0.576294021747684848E+00
    0.794091687565639105E-03   -0.841052951246372515E+01    0.315217253222586180E+03    0.115345498664934945E+00    0.911188033924132235E+01    0.421255291521292707E+00    0.602737219855995043E+00
    0.231644011438969163E-03   -0.452874552968240973E+01    0.269085546698659783E+02    0.709513760521162939E-01    0.844820066615721466E+01    0.795424647058907253E+00    0.464065166787497652E+00
    0.448776161938124003E-03   -0.651821017265319824E+01    0.742673201752657803E+02    0.517913936925266993E+00    0.884962558746337891E+01    0.716777741909027100E+00    0.472157722711563088E+00
    0.102924199365721138E-02   -0.986206352710723877E+01    0.218844648940855868E+00    0.120950554945655209E-01    0.911389315128326416E+01    0.620163828134536743E+00    0.725879865884780928E+00
    0.356623613090218002E-03   -0.708563131013580971E+01    0.904364633472782344E+02    0.758863894563013559E+03    0.887251557886696673E+01    0.687985457278781798E+00    0.294022850940603098E+00
    0.327963454791785724E-04   -0.138049006462097168E+01    0.306951433823206488E+01    0.146214975432264832E+00    0.725840675830841064E+01    0.155112788081169128E+01    0.571222752332687378E+00
    0.608365547123789993E-03   -0.855507155504338535E+01    0.184595099493050085E+02    0.743782064031672576E+03    0.927579694218404960E+01    0.142217805068985115E+01    0.234595278742703056E+00
    0.874900873533912267E-03   -0.890880763530731201E+01    0.878940134306166687E+00    0.395971183267089202E+03    0.909046471118927002E+01    0.124837398529052734E+01    0.146273154020309465E+00
    0.576716960881321869E-04   -0.300164042286003729E+01    0.462294156554247049E+00    0.225001799437585387E+00    0.757573125840250050E+01    0.573608279293438938E+00    0.229253056962033464E+00
    0.680611287002057095E-04   -0.241542397194144387E+01    0.277519981988821201E+02    0.306397544201628402E-01    0.817012666909443119E+01    0.156261052199679540E+01    0.175483509562808171E+00
    0.152890314859491027E-03   -0.410043587707892598E+01    0.583691030118969962E+02    0.381635434612928037E+02    0.816186909984532605E+01    0.508863880812847058E+00    0.403527420631958456E+00
    0.117037207843235872E-04   -0.272967219352722168E+00    0.663939086060565486E+01    0.116111024473778031E+03    0.729649591445922852E+01    0.130996719002723694E+01    0.259388071298599254E+00
    0.186269433486871373E-02   -0.940966026337657091E+01    0.150689523869259223E+01    0.121680709822425670E+01    0.923622091313781191E+01    0.136754915228244567E+01    0.523640198853038585E+00
    0.748864025111792276E-04   -0.324777219764762126E+01    0.576753473066913935E+00    0.179879059616615478E+01    0.756986155369538682E+01    0.127127486585288746E+00    0.284884734831318931E+00
    0.788215683552938957E-03   -0.725877523422241211E+01    0.257569970593488851E+01    0.287671130022233292E+02    0.841755545139312744E+01    0.457876175642013550E+00    0.501522165536880560E+00
    0.780327055033753852E-03   -0.693269361511282245E+01    0.304298424487501773E+01    0.575982284088121799E+00    0.918014823121279910E+01    0.136307989242453709E+01    0.182406141887793777E+00
    0.350639621350252745E-03   -0.595397830009460449E+01    0.354486408117291489E+03    0.717888191033035916E-01    0.889306199550628662E+01    0.199330851435661316E+01    0.474306058883667059E+00
    0.434920953343113643E-03   -0.631567537784576416E+01    0.171935646990956301E-01    0.211382722502894637E+03    0.791079986095428467E+01    0.173063874244689941E+00    0.583962678909301758E+00
    0.953246844228207782E-03   -0.846478819847106934E+01    0.642338295474352883E+01    0.648350570641575280E-01    0.936645317077636719E+01    0.622716993093490601E+00    0.363739126920700095E+00
    0.283861598177468115E-03   -0.627500593662261963E+01    0.122796136077764544E+03    0.243504657704042756E+03    0.909359896183013916E+01    0.218420177698135376E+01    0.118946921825408947E+00
    0.173291771239064777E-03   -0.553730010986328125E+01    0.673828514396970917E+02    0.590091775166883048E+00    0.864609456062316895E+01    0.996351540088653564E+00    0.442580133676528931E+00
    0.478277110436047556E-03   -0.712419105416802889E+01    0.404242635539695172E+02    0.608439818610406954E-01    0.918232980741957583E+01    0.178644916032597112E+01    0.394345470562064704E+00
    0.402934784629519101E-03   -0.663936417838029236E+01    0.356146180681489444E+01    0.438520486502079407E-01    0.887359080114296894E+01    0.136228582551808808E+01    0.424605417603732160E+00
    0.465512901833228657E-03   -0.665504866924168237E+01    0.100869755508292997E+03    0.204143711541961181E+02    0.907366033172646702E+01    0.570225131344848091E+00    0.163051081774215484E+00
    0.331942457344208363E-04   -0.182805747965224508E+01    0.146927304172547468E+01    0.298475310055391740E+00    0.736267118851126234E+01    0.169978696908143023E+01    0.622816190918750845E+00
    0.416936747685685576E-04   -0.310418500364990857E+01    0.723370003342689870E+03    0.345850717766210707E+02    0.786317123341651047E+01    0.178961681004985440E+01    0.536440956565166660E+00
    0.112719464986499258E-03   -0.355184793472290039E+01    0.349009127720236387E-01    0.707319309482904579E+01    0.743242192268371582E+01    0.143268451094627380E+01    0.525018870830535889E+00
    0.113939408118649715E-02   -0.891621473005968923E+01    0.130006202449922479E-01    0.154305113364992117E+02    0.104004064267681251E+02    0.101107296912493827E+01    0.445286852293455881E+00
    0.101526893049854705E-03   -0.435527448857453958E+01    0.982239148109640553E-01    0.281950232169791259E+00    0.798335247928435621E+01    0.392069718144495843E-01    0.240451285746218629E+00
    0.300638798569809987E-03   -0.611917847549519589E+01    0.780922488706880941E-01    0.974280328670460993E-01    0.853557341253554824E+01    0.186095928273325906E+01    0.336659718280376774E+00
    0.793584657788903598E-04   -0.426598185837519051E+01    0.240242503411640683E+03    0.896933144330757557E+02    0.822626951962646658E+01    0.234927709432972387E+01    0.478440953945847403E+00
    0.341439110564294612E-03   -0.575771212577819824E+01    0.178565623645872797E+02    0.111832340523847535E+03    0.885085475444793701E+01    0.508479475975036621E+00    0.224745595455169700E+00
    0.328554095576425570E-03   -0.627499025700083291E+01    0.513556818975371199E+00    0.468459602890402582E+01    0.835091727395856864E+01    0.180485524557266541E+01    0.433951473271085075E+00
    0.295384792843810572E-04   -0.235588261448600367E+01    0.570316796915953006E+01    0.293954637365358407E+01    0.816013181431579504E+01    0.227601395823509112E+01    0.118990309576750178E+00
    0.398217651458708782E-03   -0.682453731460146074E+01    0.600469613122562307E+00    0.124624132254164994E+02    0.832362406454970660E+01    0.867425069712144614E+00    0.523027231731942654E+00
    0.191805945117640234E-03   -0.486760079860687256E+01    0.139947773486494920E+01    0.970965317220785218E-01    0.837569034099578857E+01    0.209169179201126099E+01    0.556906431913375854E+00
    0.124115782591028399E-04   -0.486972428375414101E+00    0.116136210225551116E-01    0.366448514435500083E+00    0.688931074889790018E+01    0.230545339115875336E+01    0.329618379715563181E+00
    0.178172487919198142E-03   -0.524819543362198182E+01    0.175098163277619512E+00    0.993407567064605018E+03    0.821871957678292375E+01    0.207981114008521795E+01    0.247948930461756673E+00
    0.205680390999664960E-03   -0.527742110898864070E+01    0.109602074438155550E+01    0.111407532432291170E+02    0.821374071881422907E+01    0.160609882718670272E+01    0.351773509040321120E+00
    0.446172425004541810E-03   -0.673000512662104988E+01    0.247281028859146545E+03    0.261789757543072599E+00    0.917877837196414248E+01    0.263260036450280677E+00    0.121662818455689214E+00
    0.117299332792865298E-02   -0.818492122651332821E+01    0.168470506517510366E+02    0.205186983952260604E+01    0.974213264321864081E+01    0.167824896351313635E+01    0.114608474692382972E+00
    0.164389755097112795E-04   -0.178862563681297354E+00    0.512605351067136681E+02    0.803784337300202240E-01    0.734337669677683369E+01    0.161251585667552466E+01    0.592741218381156232E+00
    0.638920786756275541E-04   -0.328149231441045863E+01    0.354525238453258562E+00    0.614533242042793475E+02    0.718278700734959585E+01    0.188836353425836712E+00    0.606445201910762566E+00
    0.294734400183721353E-04   -0.141473528371667734E+01    0.184749259911379422E-01    0.492246291769322170E+03    0.685811245877381026E+01    0.222292831319002282E+01    0.493479999531412195E+00
    0.100564038632323764E-02   -0.727894149676797220E+01    0.623239902114547939E+00    0.151041413511052464E+00    0.905046633938914447E+01    0.884783284525827884E+00    0.537117346852336697E+00
    0.655848236056356644E-04   -0.239916010959976056E+01    0.132914399299262926E-01    0.132990899721426770E+01    0.748369013193099875E+01    0.182914071839582260E+01    0.297212670267756107E+00
    0.717595810260824598E-04   -0.263583622835644515E+01    0.841514271782848433E+00    0.861025725446523715E+01    0.732177905490011494E+01    0.959254260203146858E+00    0.465651445350439452E+00
    0.690980711230754089E-03   -0.759082761052189436E+01    0.491026801859258288E+00    0.143629355402607715E+02    0.839246927708210322E+01    0.181677419441063992E+01    0.632629854573794392E+00
    0.224059862917959910E-03   -0.524467289447784424E+01    0.182535004709887829E+03    0.176013960772484985E+02    0.847663724422454834E+01    0.165112316608428955E-01    0.531788039207458541E+00
    0.290054345812157974E-03   -0.597977418808949945E+01    0.140232557726860628E-01    0.187016670549962569E+02    0.824897400330757691E+01    0.123925227269221927E+01    0.449409629984614978E+00
    0.401380193062614461E-03   -0.629735860786088786E+01    0.144548695727231367E-01    0.130060357652489600E+02    0.853320168241456045E+01    0.111890927072794444E+01    0.265920172545716649E+00
    0.254192601715160914E-03   -0.602808559138085442E+01    0.347350639065189100E+02    0.860172062474179455E+02    0.870646552529276541E+01    0.163384415086984702E+00    0.388224558635469008E+00
    0.843622980444045214E-04   -0.359804451465606689E+01    0.979632080563748531E+01    0.119323820981937301E+01    0.793431508541107178E+01    0.244628190994262695E+00    0.587447619438171365E+00
    0.225625237822663170E-04   -0.610126256942749023E+00    0.108590465568771822E-01    0.121279845028534079E-01    0.708213269710540771E+01    0.249696120619773865E+01    0.370619308948516912E+00
    0.442497570705522610E-04   -0.175187117997719488E+01    0.515215373037127279E+03    0.252817233429290411E+03    0.789918055091402316E+01    0.182088196294125693E+01    0.333601574235396159E+00
    0.255802462225565232E-04   -0.151099324226379395E+01    0.360070303905504208E-01    0.775698092979378089E+02    0.677653658390045166E+01    0.922811031341552734E-01    0.578060305118560769E+00
    0.472526800099123194E-04   -0.211786167346215581E+01    0.760342009228920901E+01    0.114859404020488087E+01    0.814798197602450536E+01    0.218800036558059041E+01    0.278455234751257663E+00
    0.325380613135184719E-03   -0.682808007371125214E+01    0.134252470402716528E+01    0.277786114130074563E-01    0.896277537825753079E+01    0.217993507052504620E+01    0.245326868882961652E+00
    0.832940914422497335E-04   -0.344706211968244913E+01    0.387655081016245184E-01    0.555140502329826258E+00    0.782976711018908844E+01    0.103336598832095583E+01    0.601336324837926095E+00
    0.187483991910917261E-04   -0.481080324535261006E+00    0.717726624793570409E+03    0.196356969861934205E+01    0.734379844557886940E+01    0.238091103186369057E+01    0.597544021639694001E+00
    0.665784386345462127E-03   -0.778446491231997584E+01    0.364408322569006182E+00    0.261300000431583697E-01    0.909509718067189787E+01    0.200177509471485404E+01    0.547670305061181195E+00
    0.983175736662373657E-03   -0.808278645182837963E+01    0.503710578144049492E+01    0.251945436863054810E-01    0.969947714035821740E+01    0.175831389547371852E+01    0.185666441101325796E+00
    0.544346418017362067E-03   -0.694606276524413957E+01    0.152252398680388046E+01    0.136551833551103874E+01    0.886069789997092983E+01    0.498230757568627391E+00    0.308744197582765223E+00
    0.136131621057290730E-04   -0.148983001708984375E+00    0.219477474454471455E+01    0.639039037468774254E+02    0.684763216972351074E+01    0.514516234397888184E-01    0.335654449462890636E+00
    0.744187972051620506E-03   -0.807011675691912700E+01    0.193883452335926876E+02    0.396190384498331216E+01    0.949833907229417207E+01    0.694181286065765346E+00    0.227576125751904945E+00
    0.103242907301613409E-03   -0.359223774486584357E+01    0.500804182566904728E+03    0.296631253378308035E-01    0.864185415022182113E+01    0.173025795576548758E+01    0.174374647310066688E+00
    0.145843543847214868E-03   -0.335291135807200469E+01    0.103414068276052162E-01    0.959950981756376365E+01    0.785275982907212367E+01    0.268824616797502580E+00    0.141054753503953079E+00
    0.529750275783233003E-03   -0.681084326263773221E+01    0.359955310416722463E-01    0.349340486743860090E+01    0.875333170902242941E+01    0.232489010152532138E+01    0.234474413168867940E+00
    0.135942304345152166E-04   -0.680258870124816895E+00    0.224510214582753442E+00    0.373522703425059262E+03    0.643625926971435547E+01    0.505966991186141968E+00    0.613280051946640037E+00
    0.130404523759428495E-03   -0.423352777957916260E+01    0.273828471326717482E+01    0.574236956022129334E+03    0.783963418006896973E+01    0.372222810983657837E+00    0.481885182857513472E+00
    0.201805704807087342E-02   -0.990344898707776089E+01    0.145273023036579616E+03    0.206213044644333772E-01    0.979558262148298908E+01    0.146200970773487676E+00    0.509247928770493519E+00
    0.516598546666572581E-04   -0.340646666486150318E+01    0.169430287017452552E+01    0.444659466226986666E+02    0.804325400978400396E+01    0.362187329260849400E+00    0.144707097014021291E+00
    0.480936705689769415E-04   -0.211548840132948346E+01    0.203882959969339028E+00    0.100455985145039097E+02    0.744684574201214211E+01    0.176965227144814607E+00    0.184515577768592010E+00
    0.314471970566101777E-04   -0.138861967948995768E+01    0.377644645142593716E+00    0.515388925382160608E+02    0.735304854638753902E+01    0.229321276756325743E+01    0.153172918524377172E+00
    0.494911621755675894E-04   -0.274334788322448730E+01    0.386309723332931583E+03    0.336915748882793964E+00    0.817054462432861328E+01    0.169173911213874817E+01    0.530046457052230857E+00
    0.168630459746964864E-02   -0.893402405964399904E+01    0.302762501665625621E+03    0.517496891468778486E+02    0.965269091091884412E+01    0.106598716053118792E+01    0.427346125081624284E+00
    0.550504764938343732E-03   -0.643876915227810898E+01    0.225879288492050234E+01    0.451261222394312364E-01    0.910273867275617476E+01    0.184513608821001851E+01    0.334281184232805728E+00
    0.505114343684794466E-03   -0.651887411371082415E+01    0.107164486170417600E+00    0.107486375562231927E+03    0.881352181076063701E+01    0.151706218084632782E+01    0.121662335689440806E+00
    0.949992405128487704E-03   -0.871066570281982422E+01    0.302091150951591059E+00    0.118660911516385909E+03    0.902273952960968018E+01    0.336960852146148682E+00    0.382853901386260964E+00
    0.891040635360828816E-04   -0.398999154567718506E+01    0.429689449521558231E+01    0.497797575209902865E-01    0.837886047363281250E+01    0.118511021137237549E+01    0.461330783367157049E+00
    0.549385554645684198E-04   -0.303873357986745241E+01    0.782130456748590164E+00    0.295980268715732575E+00    0.794438305809134082E+01    0.823608145332097141E+00    0.123311625254896307E+00
    0.500089800372165898E-03   -0.687013630151239596E+01    0.227127092414832754E+00    0.151960116276423451E+01    0.873782759891346039E+01    0.512849059725942302E+00    0.393818783916466630E+00
    0.158878541053669112E-02   -0.852539560384180639E+01    0.118172305720724864E-01    0.111191407975219335E+03    0.928979836906842493E+01    0.157990829816955047E+01    0.231508862903551271E+00
    0.109413336222766383E-02   -0.850094888709518948E+01    0.117809263066507821E+02    0.188117294653874813E-01    0.944977143672636899E+01    0.527631549579763326E+00    0.601782708601990901E+00
    0.443168974610226314E-03   -0.695661943995718346E+01    0.999180115258428998E+02    0.118907692107230982E+02    0.884733451369730517E+01    0.150538662558597647E+01    0.620741774447857386E+00
    0.876674060412117341E-04   -0.296436214020405231E+01    0.145695338037668144E-01    0.104888204671692037E+03    0.751691838444219051E+01    0.115568902131611906E+01    0.443044029676285867E+00
    0.419404690703803856E-04   -0.225169790301706474E+01    0.249883184454079074E-01    0.102272873194661713E+03    0.743248757289867523E+01    0.981307332485874650E+00    0.317350566214440966E+00
    0.230760540880850721E-04   -0.232859762122424929E+00    0.507012797048767838E-01    0.827435257690974785E-01    0.703899110884482226E+01    0.198829710547783667E+01    0.361034186950552005E+00
    0.424679841403570289E-04   -0.982321631039506649E+00    0.138479702658959813E+01    0.784068802198652719E+02    0.710416230755106071E+01    0.835428031763174372E+00    0.349780272978993390E+00
    0.487479031662156159E-04   -0.260727167129516602E+01    0.242262250897929063E-01    0.109914539035159109E+03    0.772157239913940430E+01    0.208418637514114380E+01    0.111669754981994634E+00
    0.102040346517886005E-03   -0.409347533764143812E+01    0.405281951053667988E+00    0.116963513992230794E+01    0.802191079398598994E+01    0.814763448722914119E-01    0.639210523747063775E+00
    0.123962909941772380E-03   -0.431941059617151168E+01    0.485197159465685459E+02    0.829793287582583048E+03    0.865424822453804765E+01    0.114513423221161226E+01    0.255416238353979586E+00
    0.499518165645496232E-04   -0.212128437104427903E+01    0.812616231234739985E+03    0.407435814199185984E+03    0.782261831376751182E+01    0.217863550318268606E+01    0.528006999278248457E+00
    0.111706037046654024E-03   -0.482432065527724063E+01    0.740773544234470671E-01    0.521057171990357006E+03    0.827990643145459870E+01    0.155597990448334356E+01    0.137676205679483077E+00
    0.164283521707247874E-02   -0.914799627399211346E+01    0.331724249236221735E+00    0.105467553975028008E+00    0.950419697993386592E+01    0.446093766405829317E+00    0.336155761858259294E+00
    0.250058265445868516E-04   -0.534794345552760952E+00    0.630587941008010411E+01    0.672968430155651776E+00    0.761991230068562508E+01    0.249882942602027880E+01    0.409099842630496036E+00
    0.819313970791206978E-03   -0.792468070983886719E+01    0.155576673020617284E+00    0.406027264997200064E+02    0.910808527469635010E+01    0.688659250736236572E+00    0.168844449520111073E+00
    0.258357110119032077E-03   -0.543536317992079265E+01    0.116994945043568555E+01    0.449229716966449644E+02    0.838851948596834696E+01    0.208613455219097599E+01    0.397152303723977917E+00
    0.164139319914647340E-03   -0.502280803014411248E+01    0.455522115113418010E+03    0.110965180297433548E+03    0.795005786688156046E+01    0.356305198745467844E+00    0.671395273428365136E+00
    0.910260933758504602E-04   -0.356634224629121022E+01    0.630435994201685029E-01    0.754107154351339876E-01    0.806619153652368581E+01    0.142856926867127587E+01    0.393468746304089900E+00
    0.100203114073135421E-03   -0.397330156225304076E+01    0.781866557002012570E+02    0.225948911269519570E+01    0.835501473345498979E+01    0.127197291049828798E+00    0.475614148546560811E+00
    0.186075945287146569E-04   -0.547459292953057064E+00    0.116092429331811303E+03    0.220524403603968828E+02    0.777970049715283540E+01    0.786786216910216885E+00    0.238970271926152777E+00
    0.508508718646466707E-04   -0.293637327695281769E+01    0.199204136269343280E+03    0.104590949588283011E+01    0.805343617915346321E+01    0.856733862674634028E+00    0.633360220337624624E+00
    0.552212619952977468E-03   -0.695145130157470703E+01    0.784178662445477292E+00    0.340113569680238273E-01    0.907505631446838379E+01    0.199496746063232422E-02    0.661937779188156106E+00
    0.194214589591053660E-04   -0.295706075523805789E+00    0.628817748395280773E+01    0.134893803453177114E+00    0.788140876077576547E+01    0.152488594316222947E+01    0.173420187662087444E+00
    0.546511114330438047E-04   -0.207727634040952491E+01    0.133869550062549241E+02    0.103298205591886849E+01    0.783498949252352261E+01    0.159580586715280281E+01    0.563721599463067990E+00
    0.432339501389489831E-03   -0.661769923228357193E+01    0.164709788091276718E-01    0.237222301576182844E+02    0.832005195618965132E+01    0.192733599942455625E+01    0.592217422923666192E+00
    0.624720892848376445E-03   -0.650658608301086261E+01    0.725009977116829324E-01    0.165381308192575072E+00    0.899017572708919488E+01    0.222118823544734401E+01    0.322299952068692996E+00
    0.764391222857246878E-03   -0.695822780302248667E+01    0.779517880375963841E+03    0.837513714170591754E+02    0.933541704292684216E+01    0.133049500557235101E+01    0.394130315669905751E+00
    0.245087350195314160E-03   -0.527836441993713379E+01    0.890890755463256273E-01    0.801458122305647835E+00    0.854891276359558105E+01    0.242578804492950439E+01    0.203704512119293218E+00
    0.843583551557021644E-04   -0.389217369309473815E+01    0.141798372743428018E+02    0.512542748693387693E+03    0.882316417408393505E+01    0.199083311118724438E+01    0.112034280877675224E+00
    0.387734493078853340E-04   -0.193562165247670892E+01    0.727099983292509844E+01    0.306464276387601675E+01    0.770782951759126078E+01    0.885410170918133455E+00    0.490287123938139113E+00
    0.356426216974569949E-03   -0.678067624568939209E+01    0.668745140487638878E+03    0.190895448723533767E+01    0.913781142234802246E+01    0.172979384660720825E+00    0.411384409666061379E+00
    0.458411559113389578E-03   -0.796782195568084717E+01    0.167782746846413977E+00    0.106001717142598546E-01    0.914090812206268311E+01    0.122789710760116577E+01    0.404783982038497969E+00
    0.783992486363240465E-04   -0.366172903896412327E+01    0.115768550461923425E+02    0.479546582617227157E+00    0.857567146181157014E+01    0.125105488060100978E+01    0.388115915175079040E+00
    0.759425597923141758E-03   -0.811660528182983398E+01    0.520410470040938193E+02    0.138233826729475116E+02    0.967326593399047852E+01    0.234454572200775146E+01    0.349483197927474953E+00
    0.899048298388887006E-03   -0.841758545926144208E+01    0.650960001640897429E-01    0.592579882697255744E+01    0.920363171073756448E+01    0.192179639237640432E+01    0.303480095488368518E+00
    0.343666909261318920E-03   -0.619150108263602839E+01    0.132220351589322260E+01    0.179649474654320386E-01    0.901747883856099186E+01    0.963899476573993441E+00    0.253296439642348215E+00
    0.343859732858374059E-04   -0.177340354552473745E+01    0.325042712884283480E+01    0.380485168209153642E+03    0.734803098448517034E+01    0.148503211376433941E+01    0.482560692262122726E+00
    0.932859595054466118E-04   -0.390444389705281836E+01    0.942143242514089096E+00    0.423494940212041548E+01    0.798033527207733062E+01    0.456287230237059638E+00    0.414063049471252831E+00
    0.163764986404618820E-03   -0.507318556308746338E+01    0.306341445062716933E+00    0.873437406083075740E+00    0.847993922233581543E+01    0.124848768115043640E+01    0.237451773881912243E+00
    0.168395511399422834E-02   -0.926754982841013231E+01    0.155381130475236148E+03    0.279474561341867741E+03    0.100355534978538969E+02    0.186021297625464621E+01    0.316799775602951972E+00
    0.226012022967440521E-03   -0.517462549754359369E+01    0.200885902186067528E+00    0.301580382052863172E+03    0.820543431425475234E+01    0.312609522572626641E+00    0.464833622735951746E+00
    0.110740163089754953E-02   -0.850962046408982964E+01    0.275659401136344739E+00    0.276138905017377301E+01    0.917881068624569174E+01    0.159193943591822928E+01    0.664437457097210249E+00
    0.222055955553814474E-04   -0.328281916030284782E+00    0.175371632862587248E+02    0.959995872562030058E+03    0.792323927668307704E+01    0.130744415359916122E+01    0.132192205381300942E+00
    0.193154266934848500E-04   -0.121152988774945403E+01    0.934893330683029689E+02    0.764281963325931883E+02    0.775316125297594905E+01    0.514317760718727146E-01    0.314606012881255559E+00
    0.186853272374270856E-02   -0.964535117149353027E+01    0.111595275134111591E+00    0.187875895736078657E+00    0.976341402530670166E+01    0.237305909395217896E+01    0.338184672594070479E+00
    0.244165993674188208E-02   -0.945666551589965820E+01    0.126243193347640847E+01    0.101062540967333945E+03    0.996302223205566406E+01    0.141381606459617615E+01    0.114400690793991094E+00
    0.417673644443303921E-03   -0.718889724199274305E+01    0.299738491414942645E-01    0.294797356000758668E+03    0.813690249018689293E+01    0.159268156816700257E+00    0.694761308570902680E+00
    0.165480321341069227E-03   -0.487674458908166208E+01    0.636278032318975839E+00    0.588371468115607490E-01    0.858209539714452774E+01    0.105705294661466542E+01    0.638245240431002281E+00
    0.185657757974999247E-02   -0.955740956664137720E+01    0.173166211446522694E+00    0.145562700558975577E+00    0.108132002611695572E+02    0.745984050336143678E+00    0.360823312087156234E+00
    0.109206120086760973E-02   -0.897954221765992955E+01    0.434853653361269437E+03    0.121084023645786059E-01    0.964614711599366004E+01    0.101412820169778506E+01    0.700200315564116216E+00
    0.106376258600190970E-03   -0.419374950768504018E+01    0.612039436487237312E-01    0.481111496301589359E+01    0.792657947309197564E+01    0.915198356402475599E+00    0.640835091847479221E+00
    0.113232976601839344E-03   -0.438508714050933257E+01    0.242022826564945348E+03    0.352378095940888841E+03    0.832388141824375261E+01    0.240997621992709732E+01    0.619028115687712766E+00
    0.663926757503900656E-03   -0.767452194067698290E+01    0.162063244005138642E+02    0.799871787312768845E+02    0.956237965396429423E+01    0.220362432071506431E+01    0.373902904489429977E+00
    0.109762525128425086E-02   -0.891696870326995850E+01    0.256094280914341965E+01    0.426463960350921383E+02    0.874017965793609619E+01    0.974804162979125977E-01    0.689833289384841897E+00
    0.142368263585469508E-03   -0.455338797201099599E+01    0.480900912193282366E+02    0.129698837512112388E-01    0.993778962603271410E+01    0.963536085390851449E-01    0.422318575238176397E+00
    0.489087340756207581E-04   -0.170338042396751876E+01    0.109194721315753630E-01    0.125003174144779639E+01    0.747746974228306627E+01    0.749521392511575013E+00    0.571691612070316713E+00
    0.985128319336980082E-03   -0.857702825066973240E+01    0.309769448555445024E+02    0.355019006109345092E+01    0.990822234961468951E+01    0.187746545029989287E+01    0.296978652674034282E+00
    0.227538169670141925E-03   -0.476045727729797363E+01    0.707091994321780817E+03    0.119741629233083117E+03    0.827743291854858398E+01    0.225731402635574341E+01    0.613943469524383501E+00
    0.562662908100620214E-03   -0.733985178362753388E+01    0.483065275692879215E+00    0.260593874715917162E+00    0.925137425256295742E+01    0.182659494467707151E+01    0.203096560677242466E+00
    0.477490035787711835E-04   -0.208047087451634072E+01    0.759090462944155497E+01    0.168306638659598239E-01    0.829227305211894361E+01    0.104733262546166639E+01    0.379780730293401647E+00
    0.191067813741579886E-02   -0.997202892269858765E+01    0.846349769286464770E+01    0.172826251655901308E+01    0.103244275390295766E+02    0.224290740123473054E+01    0.221466688438874237E+00
    0.496514098364379152E-04   -0.223702839731678305E+01    0.185411991879834183E-01    0.304486278451376279E+03    0.752781443532694006E+01    0.378489238633471614E+00    0.371867538136662068E+00
    0.238361109067505024E-04   -0.169222177166150645E+01    0.109598482645776389E+02    0.263365467356976357E+00    0.811288462204189109E+01    0.748516575322389216E-01    0.164976622958472818E+00
    0.687765597554573110E-04   -0.315659105777740479E+01    0.819986001717146173E+01    0.432900713737666809E+00    0.866792500019073486E+01    0.718674510717391968E+00    0.151975703239440929E+00
    0.263485405075905580E-04   -0.901185636908457655E+00    0.132041468660806594E+01    0.339395944585369966E-01    0.756660051585416049E+01    0.738776351592408620E+00    0.370173351508277904E+00
    0.312097258790680078E-03   -0.623252009147076080E+01    0.301055429941043118E-01    0.671139567644709018E+03    0.822016162096356950E+01    0.376340076058738204E+00    0.626895712873199229E+00
    0.584636907718405721E-04   -0.257384922532410076E+01    0.137400192822676992E+02    0.809476557308028699E-01    0.847665121869404459E+01    0.203273197293587327E+01    0.460570403525617178E+00
    0.734912714038006673E-03   -0.728435118582114605E+01    0.735954158393436475E-01    0.459462378153246007E+02    0.921399533760089184E+01    0.233229173467820150E+01    0.189087366748700830E+00
    0.501166984218088640E-04   -0.274236662289311584E+01    0.362870529732361516E-01    0.502255150415515033E+02    0.773348416823692375E+01    0.111512028112910455E+01    0.371404878639672531E+00
    0.180826452113765859E-04   -0.228475803657905735E+00    0.489252880788478506E+00    0.125654245419762733E+01    0.711299249442537818E+01    0.218536787125710497E+01    0.403645479212450642E+00
    0.238045147042290956E-03   -0.580856097971866170E+01    0.297566603496634059E+02    0.714481649493655979E+01    0.930454795572276261E+01    0.117647188974882155E+01    0.208219446829600807E+00
    0.129212944689995730E-02   -0.829624062322518796E+01    0.251484918595021034E+00    0.290684794670721258E+01    0.926634301636601165E+01    0.805767488291915690E+00    0.609220002186966814E+00
    0.112299459976447017E-03   -0.334010526981647882E+01    0.129587794831608232E+02    0.548035731378470587E+03    0.685024398309586324E+01    0.159652896536847910E+01    0.642775757783175861E+00
    0.592080845370454448E-03   -0.717569774378203906E+01    0.432232289919845414E+01    0.489568375634572703E+02    0.923738109250001216E+01    0.788630897742056858E+00    0.367950659813607639E+00
    0.393665748643498301E-04   -0.163008868694305420E+01    0.733640878791484652E+00    0.136285558919414213E+00    0.780781018733978271E+01    0.693568885326385498E+00    0.128107768297195446E+00
    0.142460696424168446E-02   -0.946311221079862008E+01    0.943144527535056953E-01    0.157781407216401508E+02    0.947443403234898085E+01    0.203620039446929679E+01    0.450633938967057834E+00
    0.160038536275209666E-03   -0.507519006729125977E+01    0.254850205385947220E+03    0.780454687610486891E-01    0.914957988262176514E+01    0.733662545680999756E+00    0.259050589799880993E+00
    0.860731940143340886E-03   -0.830366404361133270E+01    0.451495354186921077E+03    0.314103913702468162E+03    0.928241051330831368E+01    0.157679496922514106E+01    0.632996862503255930E+00
    0.699962564216957786E-04   -0.270102112139153849E+01    0.112297612256736574E+02    0.409825122033201467E+03    0.868202944599046944E+01    0.156924225789629812E+01    0.123929852773133314E+00
    0.972241443691207029E-03   -0.733960036273269001E+01    0.325371795792113971E+02    0.127893441579409846E+02    0.955094091818931723E+01    0.245789221826902748E+01    0.483863222851907193E+00
    0.346277379732388144E-03   -0.542658334343679805E+01    0.285509807998415965E+02    0.114408336118954111E+03    0.934994434731224366E+01    0.155641437683386519E+01    0.222233630376049984E+00
    0.172434973313139086E-04   -0.948273474609389710E+00    0.386522385797109450E+03    0.191650863371068340E+03    0.782857518513401107E+01    0.188181867626696064E+01    0.478921198456503494E+00
    0.719814101731393102E-03   -0.781825680115117638E+01    0.377506881624509572E+00    0.207062417883273540E+02    0.939760725145147013E+01    0.204036358280415442E+01    0.164428330630846137E+00
    0.380076495374143315E-03   -0.613301380356519132E+01    0.181355134215370128E+02    0.132275319218046139E+00    0.940489047867047390E+01    0.122600161122347462E+01    0.459648459969595469E+00
    0.202999249704907243E-04   -0.411763787269592285E+00    0.475008223656049495E+03    0.292704910547165440E+02    0.814292132854461670E+01    0.233330771327018738E+01    0.135329872369766235E+00
    0.191057163686188177E-03   -0.463855401136689061E+01    0.234606674761180453E-01    0.446814371577419607E+02    0.826647098939707980E+01    0.173790111388229951E+01    0.452738816173251513E+00
    0.921575526910670584E-03   -0.845949652635796845E+01    0.750455228463693743E+03    0.231015717594532655E+01    0.926497089966606424E+01    0.867050971119503883E-01    0.700667949642529209E+00
    0.102558777942704290E-03   -0.421020912737184982E+01    0.461345251673144130E+01    0.319811069666247338E-01    0.865466769912998757E+01    0.113264958513920022E+01    0.563710947419936326E+00
    0.121656371315767846E-02   -0.892748893826543011E+01    0.731781844642383739E+01    0.449354044782384124E-01    0.101129088455702689E+02    0.499019202893735636E+00    0.180228665716339720E+00
    0.385963284228347392E-04   -0.244540917266759283E+01    0.438899511081055405E+00    0.532006682789798804E-01    0.803825397921010421E+01    0.241224137395596161E+01    0.703361898898447579E+00
    0.552201237793633560E-04   -0.237876026135648200E+01    0.132936198644738512E+01    0.755265620748547667E-01    0.821920765570465228E+01    0.207608456316220735E+01    0.243822781011463152E+00
    0.132039481877461334E-02   -0.881024140790315080E+01    0.254456013749220716E+03    0.141702285431862350E+03    0.102308589273728217E+02    0.200131584955845154E+01    0.120414959806845370E+00
    0.217915337432625512E-04   -0.288797802121950775E+00    0.165778568976133869E+02    0.150043764223477405E+01    0.805812926753354475E+01    0.173859452577202123E+01    0.280671600098963747E+00
    0.314599539017718902E-03   -0.670995050314044850E+01    0.144298264477130567E+00    0.515855075503550281E-01    0.907624726774629487E+01    0.548903590599704172E+00    0.197817233156816596E+00
    0.628692282634058685E-04   -0.354515134634347273E+01    0.161649830124963673E+00    0.313392564492980599E-01    0.832681141994345886E+01    0.225049719639378631E+01    0.642235850235749250E+00
    0.161260546050111860E-02   -0.918208252212888354E+01    0.386110168378139846E+02    0.250811009006703979E-01    0.103183629836515003E+02    0.127690598310657943E+01    0.240819222207221240E+00
    0.129245650215295777E-03   -0.428538386671745108E+01    0.178260066418389215E+03    0.128160678024386021E+00    0.979970790843896289E+01    0.753410318277392022E+00    0.630444616390226753E+00
    0.520563634196641637E-03   -0.612963661155039841E+01    0.591064822052362437E+01    0.299014472233499866E+02    0.855170471000729471E+01    0.880169072538383612E+00    0.561270909039416566E+00
    0.106892714689248809E-02   -0.840648885062310747E+01    0.334166964729960059E+01    0.126911895219851308E-01    0.100603465425898086E+02    0.108383655159120251E+01    0.180630564697040252E+00
    0.884026321363977498E-04   -0.398245503312403093E+01    0.156039229747439410E-01    0.499216767113296171E+02    0.944864038988691846E+01    0.961179986925920909E-01    0.239521472069169461E+00
    0.690101544664636321E-04   -0.251590581014710146E+01    0.798633952820922310E+00    0.121080566121641667E+03    0.719145277666217897E+01    0.118742699774140337E+01    0.611049719724008678E+00
    0.820309635965479032E-04   -0.437592114007985789E+01    0.253009529901936703E+00    0.894681451298474428E+01    0.789838302081760624E+01    0.323090603953742228E+00    0.721324309308772005E+00
    0.503864904938400174E-03   -0.687066662927372995E+01    0.133110448059261394E+00    0.196353587203199655E-01    0.925845409907665839E+01    0.106353061739407928E+01    0.339882782174883102E+00
    0.471397992766177818E-04   -0.147378621208269101E+01    0.792668039761807222E+03    0.200859267425246180E+00    0.839741418071197820E+01    0.134921648403225602E+01    0.343064324948513022E+00
    0.105109023057302722E-02   -0.869323933206282362E+01    0.104797399714529362E+03    0.104492952109971372E-01    0.100463611634963321E+02    0.181858964714331206E+01    0.514900343800700933E+00
    0.270124541571970325E-03   -0.692437068785484033E+01    0.170508158981350945E-01    0.576131520913509192E+02    0.816471387754968703E+01    0.756159527759831640E+00    0.747376555098874795E+00
    0.909056887788603745E-04   -0.292311990924784038E+01    0.676582557535834539E+01    0.206831740372681550E+01    0.891012433816699101E+01    0.202563269195689077E+01    0.128771227167640390E+00
    0.455950301367739300E-03   -0.738245010375976562E+01    0.441530795226372161E-01    0.368921823974766097E-01    0.927601552009582520E+01    0.727643817663192749E+00    0.229536944627761863E+00
    0.643470346571067733E-04   -0.219278395175933838E+01    0.740201492612308698E+02    0.587155470263054298E+02    0.824590015411376953E+01    0.126348495483398438E+01    0.442098778486251898E+00
    0.922706256040014330E-04   -0.363076957003204415E+01    0.657035208919622971E+00    0.106041210908925798E+01    0.824703825748298058E+01    0.112307842106600919E+01    0.666667552695799803E+00
    0.249119018238885518E-04   -0.621326681040062834E+00    0.297882864295139314E+02    0.236781142660267534E+02    0.782437335373653742E+01    0.230493432912394519E+00    0.376332981194210103E+00
    0.601884520921864468E-03   -0.704612118959129585E+01    0.149346109288725835E+02    0.102308105973365812E+03    0.836366436895199605E+01    0.246192722773125272E+01    0.649709531236420168E+00
    0.339800257599381990E-04   -0.127474891873293794E+01    0.950116488848640750E-01    0.319576149609224387E+03    0.704863163752328514E+01    0.187964287120106377E+01    0.569034552983953890E+00
    0.150599611806529686E-03   -0.477686229046903144E+01    0.282922938369334409E+00    0.205440958463651775E+02    0.850296884911938733E+01    0.149787854029397782E+01    0.356849839783142997E+00
    0.400673935041539466E-03   -0.680363895627898074E+01    0.293870933018383411E+02    0.422567778336645148E+02    0.885061359668108594E+01    0.922679379408948841E+00    0.635346981394706023E+00
    0.127373781970314444E-03   -0.465255871752718519E+01    0.136257987707622181E+02    0.376247394023524959E-01    0.930841687497883719E+01    0.240813951325948361E+01    0.212767183402067406E+00
    0.111539035751759250E-03   -0.468207120895385742E+01    0.460992421306211264E+00    0.469141839431128846E-01    0.870431351661682129E+01    0.114492028951644897E+01    0.201813727617263794E+00
    0.262941588162820207E-04   -0.115698775043779700E+01    0.207478458387223702E-01    0.790676389943991476E+00    0.752169013908719020E+01    0.724115389922727171E+00    0.484069261884467750E+00
    0.276062779636672591E-03   -0.646294593811035156E+01    0.306386561339223675E+02    0.300335118533506716E+03    0.904983210563659668E+01    0.687607377767562866E+00    0.563577020168304466E+00
    0.426968468299460688E-03   -0.681286654169866246E+01    0.205430045929295924E+00    0.886596925255715429E-01    0.930290046823501982E+01    0.241839561904354206E+01    0.678502967663211276E+00
    0.505215781920488719E-04   -0.225392121372424326E+01    0.138823820460552083E+00    0.288018367534788808E+03    0.773267029477136791E+01    0.213052701919801768E+01    0.405334107954549938E+00
    0.790095925810358163E-03   -0.799646236593670601E+01    0.122129835366676105E+03    0.398685374388633695E+01    0.969982487492811352E+01    0.262490350658113269E+00    0.464806802538983432E+00
    0.188608979631453414E-02   -0.852008750555519256E+01    0.480911350332475562E+00    0.384453416284736534E+03    0.953136518339644745E+01    0.138965407431258470E+01    0.420570898580825858E+00
    0.133332015002062909E-03   -0.399031227230380559E+01    0.959236095924899390E-01    0.649420736095804614E+02    0.805558844981420208E+01    0.435048163302684365E+00    0.506507197225505301E+00
    0.111772349737231593E-03   -0.445346626393380163E+01    0.843634219956851672E-01    0.657787598987419528E+02    0.810004217038763130E+01    0.766106162972591598E+00    0.569474610140372262E+00
    0.526481435423650996E-03   -0.622421486673741065E+01    0.978844087312664186E+02    0.444921274099227126E+01    0.928131634428168084E+01    0.180999916869340782E+01    0.565117503188483306E+00
    0.853152268445736350E-04   -0.349187240058197235E+01    0.125675666656193474E+01    0.922877010738747039E+01    0.796750448568779746E+01    0.169591524379937164E+01    0.548802438070543741E+00
    0.358386667642651810E-03   -0.561868286768530734E+01    0.984952909973524982E+01    0.660069868912157243E+00    0.912782860746142788E+01    0.202188686042264543E+01    0.586057475449828225E+00
    0.114846492324010923E-03   -0.406657765335883781E+01    0.803666454409660114E+00    0.544892216660225515E+02    0.843672687135681088E+01    0.141423532457061896E+01    0.307135311107653131E+00
    0.723788953171157186E-03   -0.862317723573885075E+01    0.849719281667167953E-01    0.240376831351060929E+03    0.905484551353772815E+01    0.210880253813489649E+01    0.643596489061887600E+00
    0.314687891346770120E-03   -0.545699192173747871E+01    0.798018183433429407E+01    0.293434023129864850E-01    0.101560069950658480E+02    0.285981398129777575E+00    0.429541373661756709E+00
    0.210973966247429088E-03   -0.464047611944690175E+01    0.645104871916220617E+02    0.201467594733568095E+00    0.931211887739082655E+01    0.122825768604227803E+01    0.318362821963147358E+00
    0.467922628571174694E-04   -0.318347381618039904E+01    0.729764343848643554E-01    0.180398351622538117E-01    0.823882967327237381E+01    0.585573760985290459E+00    0.523995917887598361E+00
    0.706113287307820757E-04   -0.275525893629282637E+01    0.208946096301890205E-01    0.130730722495444290E+00    0.819824964371657749E+01    0.983253185371673166E+00    0.573378215208508624E+00
    0.147475407579631258E-02   -0.873085547989048649E+01    0.302262824998280522E+01    0.656711191598199628E-01    0.101805698361083063E+02    0.104352423100137592E+01    0.268760934996951195E+00
    0.355454758483841817E-03   -0.713527622645950110E+01    0.876207904995473075E+00    0.189598692872682548E+02    0.897547677708636371E+01    0.597381337624276365E+00    0.488981756122008004E+00
    0.125831957038656257E-02   -0.917297053075732549E+01    0.101879963744852844E+03    0.113502544140197427E-01    0.102261737474591730E+02    0.934700893697931301E+00    0.454211420951902478E+00
    0.103505355126499556E-03   -0.359787646954619866E+01    0.183039109898784969E+00    0.325877513844120301E+03    0.816574815878063198E+01    0.772330367666072437E+00    0.395991775427079307E+00
    0.161513997113381456E-03   -0.554899527131337411E+01    0.364995026393634181E+00    0.731072330085728361E+00    0.880222727153471141E+01    0.769687222498520063E+00    0.706000218650817302E+00
    0.320076825961997382E-04   -0.107089055088033480E+01    0.223322218642393473E+02    0.270967355325099010E-01    0.822874320831068928E+01    0.235921503136195143E+00    0.365432549548460828E+00
    0.954356432266414241E-03   -0.771787040436502636E+01    0.883234733669603855E+02    0.106119559558783775E-01    0.995404807244272938E+01    0.161452726969787630E+01    0.554734979240464443E+00
    0.140207078115895691E-03   -0.519995868206024170E+01    0.217891727797844625E+01    0.379038961202812164E+00    0.891029703617095947E+01    0.138077870011329651E+01    0.575761878490448020E+00
    0.277840559899845626E-03   -0.630119923624536415E+01    0.148266321527852281E+02    0.396099908363223250E+02    0.965421756061584446E+01    0.190185490136846758E+01    0.217010358815770243E+00
    0.958654009429272196E-04   -0.412955104583622035E+01    0.100436215475208512E+01    0.130061414409457510E+00    0.972643402488498943E+01    0.236819593780352822E+01    0.434711348276456855E+00
    0.750612606929481230E-04   -0.288454122362695209E+01    0.364038899106505776E-01    0.215987338663512940E+01    0.804377141852653565E+01    0.140269282893646086E+01    0.507396556080164651E+00
    0.432113910739897588E-03   -0.661217629909515381E+01    0.105819280098257862E+00    0.130032418463207899E+00    0.101069908142089844E+02    0.277405977249145508E+00    0.657954609394073464E+00
    0.504920950069324127E-04   -0.216451845395466824E+01    0.203778693206274653E+03    0.121564323738064717E+01    0.863372800830256359E+01    0.104612314641917581E+01    0.313948104365712743E+00
    0.536812534146227150E-03   -0.662408948637673234E+01    0.146096570847573382E-01    0.406392063396198044E+00    0.925476024249562279E+01    0.496780453229966668E+00    0.612263260622138095E+00
    0.168012576525320665E-03   -0.467969679187316601E+01    0.199173909525248348E+03    0.237712913698185056E-01    0.904471764676491219E+01    0.138539193125760440E+01    0.636638482108410120E+00
    0.563209214473660898E-03   -0.729700731802916813E+01    0.383933104087279486E+00    0.215602627429790317E+03    0.926168351723143246E+01    0.199702237058074106E+01    0.374359851045658720E+00
    0.116295287697182250E-03   -0.451718027065146988E+01    0.473507490257344656E+02    0.561832517530266795E+01    0.889763422288545058E+01    0.573800258270735331E+00    0.492935449855613328E+00
    0.474557671738342810E-03   -0.629727521761298803E+01    0.387483430458373246E+00    0.676331302531220224E+01    0.926371591410695139E+01    0.901254924436650673E+00    0.116626965164665641E+00
    0.309133441208767122E-04   -0.139392692642843175E+01    0.739329872375173447E-01    0.411138858095490093E+03    0.759883671354819512E+01    0.157369598125367938E+00    0.294107245579622922E+00
    0.355627026619289159E-04   -0.145400357891853793E+01    0.106707229015602284E+00    0.280509282915314850E+01    0.753091913282153236E+01    0.139402300231503440E+01    0.585842180146235680E+00
    0.218496614809125713E-02   -0.881583776824417242E+01    0.239627636548754346E+02    0.360476086696646973E+03    0.106163031016702991E+02    0.211198848562526864E+01    0.116182380042144234E+00
    0.188923083687907597E-04   -0.614769100514662048E+00    0.162110770410541072E+02    0.842828286376400229E+03    0.780140904480427899E+01    0.381785900241786824E+00    0.430451623983292508E+00
    0.209725685263022720E-03   -0.493079275136649375E+01    0.232700431104080829E+01    0.183370833459217010E+03    0.816469476059101495E+01    0.855947334548785799E+00    0.605076553041603793E+00
    0.334930493230628656E-04   -0.152721285820007324E+01    0.858617397583153918E+00    0.380896855919253767E+03    0.698542237281799316E+01    0.172930851578712463E+01    0.634948140382766701E+00
    0.145382493647137787E-03   -0.506939291954040527E+01    0.296889512925855740E+03    0.437220802570594344E+03    0.892637050151824951E+01    0.180948153138160706E+01    0.557184410095214910E+00
    0.153474354559257685E-02   -0.884552403745856530E+01    0.534589861017359567E+03    0.911519343039306705E+03    0.103686425611893291E+02    0.203160992342007418E+01    0.286881750576501005E+00
    0.359344030139764267E-03   -0.569299446763482120E+01    0.159023500795755410E+02    0.212472229180218219E+01    0.103783133171283293E+02    0.104444969495986184E+01    0.221763251062362665E+00
    0.997266247985200777E-04   -0.288105124317455452E+01    0.425884557870592484E+00    0.901651905856017599E+01    0.784144226201462935E+01    0.153484459633848935E+01    0.534251049337071238E+00
    0.404306186349102437E-03   -0.673152754811704490E+01    0.139761303098499525E+03    0.967122098073081166E-01    0.982620529835021372E+01    0.543460273788865078E+00    0.114288117430515507E+00
    0.435656030726844223E-03   -0.691805937138986415E+01    0.151462426941673944E+00    0.390788298579029592E+01    0.902941826471760578E+01    0.191002625968060835E+01    0.669143735439032827E+00
    0.283333159536391563E-03   -0.576363332401991002E+01    0.780448295555633664E+00    0.526467181723886579E+01    0.878767274113048735E+01    0.722299105102324757E+00    0.488136830992137560E+00
    0.218693414998861395E-04   -0.113096189076737552E+01    0.128499576713727066E+03    0.137179036434731616E+01    0.826145153043479397E+01    0.122792944937703652E+01    0.439010390060738831E+00
    0.294551383112334194E-04   -0.156436176744366406E+01    0.383765811239764609E+01    0.932492523207697133E+02    0.811130206499167272E+01    0.230226833373269574E+00    0.252851099267419666E+00
    0.206313408494852770E-02   -0.989892323923115391E+01    0.137065933597717535E+02    0.187727546972083388E+03    0.105708744505278762E+02    0.186361950859727976E+01    0.236741349337673351E+00
    0.226604545853390307E-02   -0.947932956073532296E+01    0.502684690394964750E+01    0.485389761702255385E+02    0.105179474671072661E+02    0.903281500307419161E+00    0.172107669424993115E+00
    0.618116609701636335E-04   -0.291476451818601934E+01    0.204528757875463207E+00    0.161315952267165812E+03    0.827704062114840333E+01    0.143499163110274930E+01    0.132851694880523563E+00
    0.286130846937646913E-03   -0.582013264195564162E+01    0.720766976224225697E+01    0.322895333010427388E+01    0.883747021505800312E+01    0.838042801479597532E+00    0.660058006863990965E+00
    0.824393876802053765E-04   -0.394813740429913107E+01    0.142293669479871300E-01    0.686661194252412344E+01    0.826011727705851762E+01    0.129874481555121868E+01    0.458197147999086618E+00
    0.190575847108673041E-03   -0.398533052891397954E+01    0.146458960660705434E-01    0.140142098655836045E+00    0.869803191086443839E+01    0.147894750999067126E+01    0.578395676298072758E+00
    0.179599261228844775E-03   -0.410305776157489888E+01    0.125013459220986034E+01    0.149275671191625072E+02    0.841589095488211569E+01    0.619047795265242229E+00    0.418135793078919460E+00
    0.246141474924983740E-03   -0.607941998144083229E+01    0.768247990700493433E+00    0.107588182403177024E+01    0.904276070947673460E+01    0.269500999452970069E+00    0.349547368777699818E+00
    0.461511838291014695E-04   -0.188679244157906800E+01    0.621355033213936564E-01    0.854652730751772199E-01    0.800144288593787856E+01    0.675754301489451925E+00    0.337695014706312469E+00
    0.842103922056175631E-03   -0.809292090372930595E+01    0.207987126193816679E-01    0.540089546908503637E+00    0.104499134691620874E+02    0.167751541686277950E+01    0.155906332629893590E+00
    0.122603719341167004E-04   -0.829181910681472956E+00    0.108738061685550499E-01    0.483143547812394615E+03    0.744809529670399062E+01    0.170137731631496480E+01    0.319829730495922226E+00
    0.374765693273418701E-03   -0.638914041957875689E+01    0.380282708779993639E+01    0.118777485875976268E+03    0.890212768360425599E+01    0.376321586897426785E+00    0.523580534141902088E+00
    0.322838655824645866E-04   -0.886604045908671701E+00    0.927417306190835347E+03    0.128949768582693025E+00    0.939903897870049576E+01    0.121095999537975274E+01    0.118993990244453937E+00
    0.177083756802432456E-02   -0.887561989330343515E+01    0.265258005503974346E+03    0.385821756375686609E-01    0.110194060281009971E+02    0.137593625032093292E+01    0.428426537812321540E+00
    0.201349721109211487E-03   -0.484523309930045887E+01    0.178438083346515214E+03    0.113030492019595794E+02    0.948490281833254834E+01    0.602591469992540651E+00    0.104090651839816792E+00
    0.398443957987150714E-04   -0.204057255455818431E+01    0.217517773411423178E+03    0.293937087955311993E+01    0.870224790538055437E+01    0.136006462412056717E+01    0.219347275569792444E+00
    0.205150209093201514E-02   -0.890275923938856195E+01    0.207064367323944537E+00    0.230187020844692913E+01    0.988482709894447886E+01    0.239338141183371711E+01    0.406961887589190052E+00
    0.122569027478279118E-03   -0.513866145976817990E+01    0.214666137810384350E+00    0.719854286691599454E+00    0.886063391607542883E+01    0.242177607009032414E+01    0.247183064329691365E+00
    0.194841359665853266E-04   -0.102852268538122793E+01    0.469344557802402051E+03    0.136273755677888703E-01    0.826773007580212749E+01    0.839620730218484934E+00    0.495599469754636646E+00
    0.299182117249946890E-03   -0.568370976715828569E+01    0.118997129264418833E+01    0.348468022268716027E+02    0.854833280067318668E+01    0.971377182284036245E+00    0.576456035843410319E+00
    0.610319619556595503E-04   -0.296113531247470885E+01    0.183446526722801167E+03    0.216182079282254067E-01    0.973170394391450877E+01    0.807908055331316710E+00    0.186789230624289593E+00
    0.309012965101150257E-03   -0.583947975853985568E+01    0.238319548682806963E-01    0.711134049046985017E-01    0.920193233777852804E+01    0.222132081683918203E+01    0.416940949328402199E+00
    0.342116879707888839E-03   -0.629023719650266155E+01    0.942436482007058818E-01    0.101056863141964939E+03    0.961213744348802557E+01    0.766584189473547895E+00    0.568550228607987096E+00
    0.160950371295731901E-04   -0.404829597052473344E+00    0.272280099191444824E+01    0.232043121655803958E+00    0.806619356295608370E+01    0.168806572746736538E+01    0.218173500134501097E+00
    0.147662540465050355E-03   -0.457270074071553712E+01    0.630522479216527376E+00    0.176157360866746604E-01    0.886406619103168580E+01    0.137164436665558581E+00    0.168634455111092318E+00
    0.838641565890837874E-03   -0.770845082554417083E+01    0.600950683388688178E+00    0.395643957350521394E-01    0.979186163235033291E+01    0.240349689548554046E+01    0.399670993914098993E+00
    0.158543050733269070E-03   -0.416060115634082628E+01    0.222379228669030010E+00    0.149656072148425268E+01    0.858229953908033494E+01    0.103277297341071028E+01    0.434067215979413334E+00
    0.106469962931822438E-02   -0.950339587760880100E+01    0.105895920377852004E+01    0.113529926993459707E+00    0.100245437834872888E+02    0.187457414912529252E+01    0.749959199463573589E+00
    0.175638264266813959E-03   -0.423296986250363982E+01    0.793715915349754368E+02    0.330692935637476204E+00    0.915931050802699964E+01    0.354355232384148400E+00    0.414646632435352380E+00
    0.508170344083277992E-03   -0.729588179088029598E+01    0.570563848401465137E+02    0.854123259131820411E+01    0.965502481332549145E+01    0.747535805498202421E+00    0.502893996450401115E+00
    0.238018392417956064E-03   -0.488110340449941926E+01    0.663073757277826692E+00    0.609220009808053646E+03    0.949224695176555500E+01    0.924937623412850463E+00    0.480735625819460055E+00
    0.182961340138131871E-02   -0.963081657886505127E+01    0.267736739437927473E+00    0.142774297684283447E+02    0.960662138462066650E+01    0.289659500122070312E+00    0.570742285251617409E+00
    0.151875671538155723E-04   -0.820473862292815659E-01    0.354840538607774025E+01    0.280988170805233395E+01    0.712486133838641056E+01    0.159051311454103494E+01    0.687562489328088500E+00
    0.557400611767199395E-03   -0.682561814785003662E+01    0.693835091296004070E+01    0.980483514907232667E+01    0.103329030275344849E+02    0.173295915126800537E+01    0.388506716489791848E+00
    0.392597898870765698E-03   -0.650827086989759973E+01    0.242977511446331960E+03    0.167226093780117706E-01    0.103060104038092710E+02    0.991128489994526296E+00    0.612949851652473954E+00
    0.552096677689565578E-04   -0.243149207856975069E+01    0.132519686177319040E+01    0.662103233844867495E-01    0.852199728531835632E+01    0.170503718353256706E+01    0.152758872826154662E+00
    0.694143343575881109E-03   -0.757512076582849581E+01    0.214181085384198127E+03    0.374643048599059682E+03    0.100737410419747810E+02    0.608002761563623983E+00    0.136374513282504523E+00
    0.590195627181538376E-04   -0.290842750928922822E+01    0.196256817290906480E-01    0.525663918535478203E+02    0.827659028158418231E+01    0.196671311872264276E+01    0.185622031704280183E+00
    0.543659640495522119E-03   -0.771706527730376823E+01    0.570084293679998730E-01    0.540906159511172064E+03    0.948121076025411114E+01    0.225114340253042489E+01    0.289523015708866516E+00
    0.844694151971954552E-03   -0.910095501529723272E+01    0.443685026054678355E+00    0.970688876711569826E+01    0.992330179774197063E+01    0.198598131254177912E+01    0.115753237713071597E+00
    0.991808181496185785E-04   -0.445243588958488345E+01    0.871340131968080689E+00    0.111008898925650374E+02    0.826629373998617467E+01    0.140621314868199643E+01    0.616462635406282877E+00
    0.824543627247521674E-03   -0.661213349494498193E+01    0.123992317852064729E-01    0.150872892236052991E+03    0.922691307018046025E+01    0.870552852439378633E+00    0.376430647474382818E+00
    0.467296966726140538E-04   -0.305725419980932900E+01    0.491663407428803989E+01    0.191188855269267821E-01    0.850563256438266713E+01    0.109110134406531545E+01    0.699753117537461944E+00
    0.872819861917145071E-04   -0.360185503959655762E+01    0.234471857004475410E+02    0.554918796764924060E+01    0.842909359931945801E+01    0.848861783742904663E+00    0.623006623983383134E+00
    0.350670317418055627E-03   -0.622334262279348494E+01    0.360176664008813874E-01    0.213364081588538028E+03    0.888386731715878319E+01    0.339890478356436654E+00    0.481608830185038306E+00
    0.797547062978912490E-04   -0.389234125614166260E+01    0.129620893607747378E+01    0.623937004059752098E+01    0.832872164249420166E+01    0.194556325674057007E+01    0.525897210836410500E+00
    0.707678088957472027E-03   -0.806219840541580446E+01    0.650748165686888029E+02    0.655018727293436768E+03    0.102685129603470191E+02    0.242483568941389294E+01    0.167073227283473541E+00
    0.348194523508394424E-03   -0.578342273767910253E+01    0.454979800553682807E+02    0.174020636925295263E+00    0.103442624553853282E+02    0.205966763637080685E+01    0.435325710439030233E+00
    0.132574782864663173E-03   -0.502851364679538904E+01    0.821729985009771319E-01    0.639294908128444490E+03    0.826753241377679515E+01    0.514929175141760731E+00    0.638724508817170356E+00
    0.284889081343950540E-03   -0.570862164711425901E+01    0.214340961218710362E+02    0.223855062846782848E+01    0.961582035571101024E+01    0.165579839482816493E+01    0.373924386368657102E+00
    0.163461563231424075E-02   -0.894480213643628730E+01    0.624568373014256167E+03    0.178295169086069734E+03    0.951678588567134298E+01    0.242868396288081367E+01    0.646836763525642233E+00
    0.209494160611929854E-03   -0.569548876526443770E+01    0.276757612593638136E+02    0.110364559824581265E+01    0.102319422593924951E+02    0.126378428384490515E+01    0.321196148552155780E+00
    0.194050397440505447E-03   -0.528807843435691449E+01    0.469040959437192395E+01    0.959193870179226721E-01    0.959927394318008353E+01    0.109258836543566740E+01    0.175458000466610864E+00
    0.668841370901639875E-04   -0.249931013397867652E+01    0.433414896671075800E+00    0.544401345718603807E+03    0.830349472456697768E+01    0.162195408737560065E+01    0.150222743001657194E+00
    0.219851777352077130E-04   -0.918410484416095185E+00    0.850472333899799082E+01    0.102502654371035874E-01    0.832809391390373577E+01    0.790708232677856282E+00    0.402673740975300398E+00
    0.295942141422288966E-03   -0.651636070642280529E+01    0.212678463087222847E+01    0.803888501076143625E+00    0.956666968227349734E+01    0.441329855869009802E+00    0.185388095768908134E+00
    0.365232486990336189E-04   -0.166955117263041597E+01    0.384815272877392575E-01    0.114604123007767011E+02    0.795536156341240019E+01    0.653274212345234973E+00    0.102895197329836041E+00
    0.247390946400387042E-03   -0.642915834751549564E+01    0.962179268671035787E-01    0.172023177560885511E-01    0.926794333343315913E+01    0.589091147180303532E+00    0.505514701437618230E+00
    0.478906376894472512E-04   -0.167294081749409429E+01    0.310534323677092404E-01    0.399913292686828242E+03    0.795741446880976167E+01    0.202263167207648031E+01    0.193555652699523184E+00
    0.232579166136904179E-02   -0.989354596338948866E+01    0.851485733936974270E+03    0.647261610781180252E+02    0.101657589832273167E+02    0.679468819179726569E+00    0.585208632894226199E+00
    0.796292858867538923E-04   -0.382746254908875105E+01    0.961009118652046546E+01    0.271051616485054314E+01    0.986130403506650310E+01    0.111659548917644558E+01    0.197217924940239153E+00
    0.564481718538563859E-03   -0.748259012802313173E+01    0.832603637473289249E+00    0.271302084027223174E+02    0.102228930698294942E+02    0.708665596372485163E+00    0.254481414356400260E+00
    0.798169189743943398E-04   -0.423915899005252506E+01    0.762036846545713615E+02    0.264449901922699349E+01    0.997416089729633804E+01    0.248361495380514530E+01    0.256380139895159009E+00
    0.110370515435507014E-02   -0.891494099826753050E+01    0.631492126738447901E+00    0.258879018263168881E+02    0.973430904342342629E+01    0.825012486702116021E+00    0.411436164683121941E+00
    0.983121231168647370E-03   -0.830744372980394452E+01    0.440678334938893634E+01    0.600531684866750197E+03    0.100192871099585687E+02    0.226477260599223407E+00    0.263263413368306110E+00
    0.118457049206167137E-04   -0.769270836795626634E-01    0.707125118065309310E+00    0.412645666623494112E+00    0.873306541763181698E+01    0.219979599500564138E+01    0.232487496289600748E+00
    0.102558022969978296E-02   -0.834121586427496275E+01    0.165039238038873076E-01    0.498374569254104038E+01    0.102107393469796257E+02    0.567596600597002787E+00    0.487242070888129986E+00
    0.178904566490364621E-02   -0.877186260778167615E+01    0.625228530130797111E+01    0.107325900704269106E+01    0.100236790471367403E+02    0.231867546214083897E+00    0.565868906473433353E+00
    0.663653215724893864E-04   -0.344218547191669266E+01    0.106940131832102736E+02    0.127358811316536535E+00    0.888489154556109639E+01    0.318855417331793067E+00    0.463781058783943823E+00
    0.118925331649841261E-03   -0.463804785454953095E+01    0.173939313264766270E+03    0.824476214911053034E+03    0.940938714266883558E+01    0.171707223722939317E+01    0.259126200061923440E+00
    0.220994357880608529E-04   -0.104735425024395523E+01    0.709298785206497797E+02    0.526157396594009522E-01    0.791924263327258871E+01    0.603427821116670968E-01    0.691940123728844725E+00
    0.897699100338003922E-04   -0.276052750142485470E+01    0.587511093782954297E+00    0.726938920709394587E+01    0.827173528855154316E+01    0.105948932404746721E+01    0.290838992628964732E+00
    0.118027962618366309E-02   -0.807903904140570184E+01    0.562827381701653280E+03    0.646833011397904585E+02    0.104527373910761376E+02    0.140254102020380955E+01    0.112462265509159678E+00
    0.312041961953263373E-04   -0.136328722562653293E+01    0.127215483302210774E+02    0.214243706874136830E+01    0.832580470541217821E+01    0.332238487876414038E-01    0.346831140970870033E+00
    0.874147722596813905E-03   -0.838782787322998047E+01    0.566888439498243741E+02    0.154929113257254136E+01    0.103889865875244141E+02    0.761720836162567139E+00    0.105748730897903445E+00
    0.324076491784444079E-02   -0.984840256472217668E+01    0.590613414743683762E+01    0.610746468803515241E+00    0.111267825398567268E+02    0.989402088141055236E+00    0.367069870251529040E+00
    0.127875985828158125E-03   -0.377010619340952813E+01    0.267264435333711035E+02    0.170842267304438300E+01    0.994962743822645557E+01    0.165874344809415786E+01    0.234519234891273576E+00
    0.357612012353375258E-03   -0.670112452058795771E+01    0.292431987205959615E+03    0.495471865532577915E+01    0.966269827512895496E+01    0.832446134148227546E+00    0.477468593545959163E+00
    0.375659486567745434E-03   -0.629924381596449479E+01    0.101151475041880157E+01    0.793124019462254193E+01    0.923731410806523812E+01    0.369899141770261786E+00    0.303457259677703262E+00
    0.639952138820330693E-04   -0.300385062495825839E+01    0.122886862339310937E+03    0.316940352193855052E-01    0.909622175578893177E+01    0.820218741421653297E+00    0.111434988191596140E+00
    0.477855474431831723E-03   -0.616760517183750245E+01    0.753961706223528066E-01    0.320369842064525678E+00    0.933743330467451393E+01    0.310842213492495023E+00    0.211610703201745326E+00
    0.157659476185133870E-02   -0.860456824302673340E+01    0.701399970153212954E-01    0.354828884728467528E+02    0.927029693126678467E+01    0.127191871404647827E+01    0.611794245243072465E+00
    0.318409836154808011E-03   -0.729710594991909112E+01    0.731171414864450924E+02    0.430840780912666865E+00    0.977503185033065414E+01    0.241212855018543326E+01    0.664421016287481958E+00
    0.640828901125142683E-03   -0.645340843872987957E+01    0.243310357353608753E+01    0.102519307417637755E+02    0.985409014724114840E+01    0.233035106522721680E+01    0.536838921829491111E+00
    0.343047057294455554E-03   -0.656274793468202411E+01    0.116306411715477921E+03    0.119589456389769255E+01    0.991232964250146864E+01    0.101519893097743319E+01    0.255600272332731082E+00
    0.236262356600168240E-04   -0.123526091406638994E+01    0.998719083345450542E+02    0.928319127996692223E-01    0.936840801873318796E+01    0.157903291750813857E+01    0.225221211232998542E+00
    0.765335061854538977E-03   -0.759693888785227678E+01    0.588369517495953346E+03    0.279943410352861854E+00    0.107527977385628599E+02    0.161043207545853773E+01    0.249061187620363722E+00
    0.224953042881888862E-03   -0.543190306933344580E+01    0.125217812012682955E+03    0.495090670366892527E-01    0.998880051344544206E+01    0.180352670499149104E+00    0.563887100073604874E+00
    0.185106599552117964E-02   -0.977775722216837728E+01    0.253536168369267614E+02    0.718641297275802344E+03    0.106338913611515959E+02    0.222358503590067924E+00    0.518523899782818654E+00
    0.127818284049793752E-03   -0.482791292175170295E+01    0.150521129872448600E-01    0.636053461021475186E+03    0.870500344515959235E+01    0.640663396350442449E+00    0.348073705010220724E+00
    0.638942290383263858E-04   -0.327611770007673098E+01    0.487395013635661201E+01    0.174595821249849292E+00    0.870056189839269223E+01    0.134224641844057846E+01    0.590808908313028014E+00
    0.392079531076112325E-04   -0.170457494499000384E+01    0.858460087994557952E+01    0.360175733483126329E-01    0.847918607821974568E+01    0.174530182826860447E+00    0.419292371163436872E+00
    0.156502421713496619E-02   -0.929391719723931153E+01    0.285265612592761585E-01    0.687574409561552926E+02    0.100743730252360688E+02    0.103674703571647520E+01    0.174650837034205864E+00
    0.207959161117633740E-02   -0.943093649367563280E+01    0.217069934071656746E+03    0.831822433384852955E+00    0.111910306389549561E+02    0.209400743468461759E+01    0.134964281324656377E+00
    0.615273682715709760E-03   -0.795173890080945522E+01    0.125697705888844144E-01    0.190562576611459283E+00    0.976013736112776087E+01    0.200460673599002837E+01    0.517465237096350728E+00
    0.229655628394566060E-03   -0.433470904827117920E+01    0.574841439216352867E+02    0.469869786510919525E+02    0.884657812118530273E+01    0.143620371818542480E-01    0.543630087375640891E+00
    0.904602511159054927E-04   -0.386991858222937779E+01    0.256417870734973810E-01    0.633915496757872916E+03    0.856405782161351325E+01    0.241624665600072186E+01    0.293557093603429520E+00
    0.213072975911395284E-03   -0.471795093764479123E+01    0.509730429483373257E+03    0.156383053799988488E+03    0.927679572385484974E+01    0.910854667533696372E+00    0.403971152901386743E+00
    0.130959798876992706E-03   -0.426764838466530527E+01    0.139372693961579974E+00    0.136495547588284261E+02    0.944686791240342316E+01    0.198735751882256229E+01    0.389440969843711793E+00
    0.452479055680699759E-04   -0.228229789422802298E+01    0.855733653470422951E+03    0.766714231168489277E+02    0.864897904959111052E+01    0.235533119310000227E+01    0.428622257381329086E+00
    0.139515082043361401E-02   -0.869215561333968978E+01    0.195863971261654085E+00    0.164807203577019348E-01    0.101172563212577078E+02    0.176143074527618326E+01    0.303026765175262280E+00
    0.842785933991452513E-03   -0.874710225078204751E+01    0.252292581864279803E+02    0.478920450188729916E+02    0.912146751401332700E+01    0.214555589571406058E+01    0.713485077415942803E+00
    0.196063363885125991E-02   -0.939251184463500977E+01    0.871611348081479387E-01    0.439387639990344780E+02    0.966979622840881348E+01    0.237240657210350037E+01    0.576797413825988814E+00
    0.786487541324938102E-03   -0.784683373729931688E+01    0.202954150582822805E+02    0.163207822966399370E+02    0.100772360534470256E+02    0.125487441080115802E+01    0.401817886154027915E+00
    0.928940143248638923E-03   -0.869464021880465587E+01    0.148906785693609365E+02    0.187852249080650360E-01    0.103531381048368427E+02    0.134747067458198289E+01    0.490010132763887607E+00
    0.122955487486015047E-03   -0.465165589156230475E+01    0.232003941037129652E+00    0.473602802272088175E+00    0.887026521904078358E+01    0.114863510632877985E+01    0.714310631458443757E+00
    0.795534085650313099E-03   -0.795312309537482243E+01    0.115185446522495070E+03    0.345376833407234074E-01    0.100684876886313699E+02    0.293716462838086945E+00    0.559475880992902685E+00
    0.154984135841716204E-03   -0.514079988002777100E+01    0.356968347876435876E+01    0.325211730283635259E+01    0.935443603992462158E+01    0.191219508647918701E+01    0.277381163835525524E+00
    0.249538058385591864E-02   -0.940365856647820308E+01    0.264170664456741922E+00    0.372663426601276759E+01    0.108026735231796067E+02    0.166110252247101831E+01    0.123217501212508351E+00
    0.101738831569444374E-03   -0.283722398574385259E+01    0.388856397224424805E-01    0.103853861940947628E-01    0.937989573549696587E+01    0.555703208781945013E+00    0.558275182858691266E+00
    0.484751687004687088E-03   -0.657922992358130720E+01    0.856376393324722244E+03    0.246195635748171526E+03    0.997062654906708978E+01    0.410584583271784487E+00    0.562847646697547721E+00
    0.215868339903758921E-02   -0.961872431288891327E+01    0.223088054975071698E+00    0.707156212455544997E-01    0.103589448225113525E+02    0.158224603331428737E+01    0.185898865716046330E+00
    0.236170584930990305E-04   -0.968639968837221144E+00    0.149627466903216821E+00    0.114374535722199511E+01    0.879781974216474438E+01    0.128613514665128839E-01    0.579036826551145523E+00
    0.352429531497429642E-03   -0.702256186013812389E+01    0.149698928167664169E-01    0.129972010763941496E-01    0.950206033947904771E+01    0.709194616927788291E+00    0.137026047305184528E+00
    0.352149186780836788E-03   -0.629863645557972163E+01    0.508395644717266282E+00    0.217270634828550122E+02    0.929033684680615579E+01    0.103487960758291431E+01    0.287083288707495776E+00
    0.123035629280049825E-03   -0.441655193474552910E+01    0.237103649504897124E-01    0.136843682229394489E+03    0.863630205968980746E+01    0.110742314345713666E+01    0.378968105273469358E+00
    0.206921422669209629E-02   -0.948427928878919957E+01    0.266077600444626171E+03    0.122257953689543612E+03    0.106458309395583459E+02    0.422524206260976198E+00    0.237599920861437858E+00
    0.193204425049495182E-03   -0.477595513203740030E+01    0.822963119723250536E+00    0.585592539073216678E-01    0.907282862012380775E+01    0.371614539380409059E+00    0.421301725680065187E+00
    0.651420099090928057E-03   -0.719183853580151577E+01    0.517032589966986080E+02    0.146115814184158394E+00    0.102364129919228759E+02    0.714046963473178753E+00    0.157596220891356248E+00
    0.199275719147844768E-03   -0.553166877601452800E+01    0.677239335276013210E+00    0.293632534098762707E-01    0.923535835260110538E+01    0.765520655715666742E+00    0.415551287359218313E+00
    0.135982466777920041E-03   -0.375083123789985429E+01    0.557855275509174131E+01    0.303294185685214802E-01    0.937743647369065059E+01    0.118903748383939956E+01    0.217969375949875976E+00
    0.694674512797837447E-03   -0.761089253405455057E+01    0.208091533126361185E+03    0.284473766878423540E+01    0.998670595547024931E+01    0.323677138319611646E+00    0.453866743794941185E+00
    0.239942138930262410E-03   -0.530456154208488240E+01    0.109817602337045961E+00    0.303570946236073946E+00    0.914198007896425047E+01    0.861590720820135880E+00    0.367026088003584716E+00
    0.523340668721294011E-03   -0.772095549630788724E+01    0.195532774584453312E-01    0.771814832816678231E-01    0.969722768349879871E+01    0.767572621871192573E+00    0.523250366690137358E+00
    0.248957049342995403E-04   -0.709856840895027208E+00    0.121907911312384085E-01    0.220896581563016989E-01    0.777380100022229747E+01    0.718602397847557750E+00    0.606376739254187891E+00
    0.175335479139274641E-02   -0.980785243562640829E+01    0.125816764277478579E-01    0.164789929619718528E+00    0.103138780821327600E+02    0.228918723595012663E+01    0.317191552344929850E+00
    0.114050838956411443E-03   -0.428981051602956143E+01    0.791893756644985388E+03    0.876839402562418102E+00    0.926283223910772868E+01    0.227207112127136801E+01    0.539720726124858219E+00
    0.107310669321545953E-02   -0.925185058417313755E+01    0.521050198856387592E+01    0.142682099164274656E+00    0.102530516288541289E+02    0.105693099701755688E+01    0.597064414501687124E+00
    0.451664639857448334E-03   -0.594642935001298145E+01    0.809910462279699650E+00    0.146831812028113018E+00    0.958352430245771814E+01    0.144229703449500257E+01    0.112948323382753499E+00
    0.540854547785760527E-04   -0.298133211960050737E+01    0.341843704052996258E-01    0.190007535726407517E+01    0.828357836670917358E+01    0.649498075839456512E+00    0.369022209764334752E+00
    0.633215004152951760E-03   -0.735797168693992010E+01    0.188234005142721617E+01    0.163971740442957503E+01    0.986681924823257894E+01    0.443605918089888918E+00    0.201551635178004035E+00
    0.233724158761664094E-03   -0.469727201479376255E+01    0.626671950793853966E+03    0.127176121556203086E+02    0.952532984197957688E+01    0.608814086001876253E+00    0.246204242265750356E+00
    0.501063456309462055E-03   -0.690250209812915649E+01    0.402362186719133945E+03    0.115737839907250176E+03    0.101425305379658841E+02    0.153055833025442700E+01    0.236502669601033472E+00
    0.562497886294547863E-03   -0.776109963720746254E+01    0.108856761095157523E+03    0.402282889264989649E+03    0.104857079412037173E+02    0.194611314823312398E+01    0.398081036635398178E+00
    0.328171536667111344E-03   -0.593160149340159748E+01    0.309526616614835999E-01    0.976332799040826899E+03    0.913121786372848199E+01    0.187519862339385202E+01    0.367820833231498168E+00
    0.888584150242063570E-03   -0.872167232387887914E+01    0.292655937592783971E+03    0.254545638111416679E+02    0.103466785585726466E+02    0.774846922320498011E+00    0.297788641103368890E+00
    0.932665950933848052E-04   -0.313128509742501482E+01    0.382891843554993894E+00    0.215823451572441627E+01    0.836926363087706626E+01    0.208157906636303247E+01    0.551078163167677659E+00
    0.126385801430846129E-03   -0.436322132121701767E+01    0.322994462646048053E+01    0.136251536339034431E+03    0.797909598882854176E+01    0.246701846755887771E+00    0.660304977018683514E+00
    0.271033212366609665E-02   -0.990816054779852529E+01    0.139077059245569612E+01    0.874662151879655042E-01    0.104887367687219033E+02    0.298242183744347023E+00    0.606860713470418811E+00
    0.318474231345499575E-03   -0.616073930507652712E+01    0.636983923342050562E+00    0.246468087114990597E+01    0.939569991787851677E+01    0.184386762616583044E+01    0.215550527761423194E+00
    0.516757092882729949E-04   -0.288950910744738110E+01    0.179278858330725911E-01    0.245042321163564395E+03    0.817620479133469047E+01    0.203464309408704747E+01    0.435879519106939117E+00
    0.203292483101317860E-02   -0.924400508403778076E+01    0.730261328623834487E+02    0.217528661047018197E+02    0.109245620965957642E+02    0.214425280690193176E+01    0.355256795883178711E+00
    0.246363221953043604E-03   -0.557591912505883602E+01    0.673117814438046524E+00    0.544479131039659947E+00    0.926578237499781210E+01    0.123274609707962601E+01    0.351960654378310700E+00
    0.226192913556198024E-02   -0.954197836927306220E+01    0.157558932614694012E+02    0.599258164201577070E+01    0.110200421090147120E+02    0.164422042229370202E+01    0.131382253260768578E+00
    0.180052116475312485E-03   -0.547589864317853259E+01    0.297308665932395648E+02    0.447618594113336599E+03    0.958643528977545145E+01    0.160673135830992919E+01    0.349997198903935436E+00
    0.468583831902251062E-04   -0.300829439465348791E+01    0.115615762422714695E+03    0.156554702746583757E+03    0.887340671153413751E+01    0.173893985941078877E+01    0.408406566705697971E+00
    0.426621093850746328E-04   -0.175574328936357471E+01    0.196331149839267489E+02    0.347516920799686296E-01    0.878503461010989817E+01    0.138036168440409845E+01    0.405181934614553207E+00
    0.915781306244452058E-03   -0.755103320932671629E+01    0.402696980410469529E+00    0.876727723137846859E+00    0.979416209980696983E+01    0.151138423454299375E+01    0.484600513096745011E+00
    0.176026145628265765E-02   -0.930229906434471410E+01    0.320586580117122988E+00    0.320878800575250742E-01    0.102567361824419816E+02    0.175276246878709352E+00    0.503275505026966274E+00
    0.324276554370648992E-04   -0.134742290959815669E+01    0.753655952721856579E+02    0.167995620401077440E-01    0.848919801797088525E+01    0.200721078533247344E+01    0.603687191420053115E+00
    0.632432229877213014E-03   -0.785272448518734123E+01    0.169363156676167677E+03    0.135460642507045073E+02    0.102347183359068747E+02    0.158186811026378749E+01    0.340666518145193109E+00
    0.137928623328909417E-02   -0.911911846325240560E+01    0.544969102009260041E+03    0.111545115237242101E+03    0.107699781534241552E+02    0.210779689473076637E+01    0.156721951771065821E+00
    0.736988261099088908E-03   -0.731886250263240701E+01    0.151702166183226019E+02    0.308993966552727443E+03    0.104043075052281200E+02    0.203988307095249377E+01    0.131187780320302372E+00
    0.183570450576501848E-02   -0.991757372427075268E+01    0.851886345013014790E+02    0.387230808320515041E-01    0.110082764974833101E+02    0.594102043505492894E+00    0.148734066320924840E+00
    0.956921005876249908E-03   -0.886424306631507974E+01    0.154607172055138363E+03    0.573311456167640565E-01    0.107644837404432074E+02    0.230676310006111285E+01    0.134103689845744389E+00
    0.107902150401411006E-02   -0.807106282271747588E+01    0.552668277761248419E+03    0.311150501397216601E+03    0.973509778957353689E+01    0.204255016047794857E+01    0.613341399424172984E+00
    0.132981325602834062E-03   -0.392625798486311250E+01    0.186372771989132161E+03    0.764448294472316434E+03    0.897398608163271305E+01    0.157017723984800917E+01    0.515933004153146912E+00
    0.702180322552137292E-04   -0.401235610045399227E+01    0.346838164813482441E+01    0.726374444643988482E+00    0.875927600450348187E+01    0.114430145774351644E+01    0.675890159650735511E+00
    0.808211742423500475E-03   -0.811364897391679207E+01    0.979359724231355422E+01    0.319329787022194145E+01    0.107974880119972791E+02    0.241650550918614071E+01    0.148889461626696445E+00
    0.127270949569700223E-02   -0.901043528924262382E+01    0.202192012666590933E-01    0.223241653148821273E+01    0.999404854732863512E+01    0.117119378231108984E+01    0.342817976303187888E+00
    0.160897938184169039E-02   -0.915958311164535388E+01    0.767866462269364831E+02    0.638592927276357329E+02    0.109552851574606027E+02    0.127345901299662634E+01    0.113062500845544894E+00
    0.601252740288039239E-03   -0.779763988432975363E+01    0.605223298618528034E+02    0.831675773291741962E+03    0.106298607994919294E+02    0.181805641485200153E+01    0.227048647680219623E+00
    0.646894954603740528E-04   -0.202968897728369768E+01    0.775300792775485359E+00    0.284377043571427350E+02    0.783945256277652369E+01    0.137133353362502430E+01    0.481987004432339439E+00
    0.999730570016237443E-03   -0.856588912981265338E+01    0.202876367690868163E-01    0.608686628201162705E+01    0.977834452287012290E+01    0.908981636520926228E+00    0.405089194547079923E+00
    0.424128141382937112E-03   -0.712162409022989085E+01    0.406289740928930485E+03    0.575616421539236626E+03    0.104814538481485897E+02    0.487449408119435046E+00    0.150472627621709903E+00
    0.467492366924543283E-03   -0.672442391131017025E+01    0.163598216375297278E+01    0.301902877041332826E-01    0.992287186614980499E+01    0.771814544409527903E+00    0.120037870715324943E+00
    0.809514375207789644E-03   -0.807342115555110773E+01    0.662372370487041806E+01    0.205231982590762280E+00    0.105722859008156114E+02    0.118283518607192062E+01    0.490420940261731997E+00
    0.445947362746892817E-04   -0.322930218829502680E+01    0.170516991832229181E+00    0.963866783748222744E+01    0.818726319385723045E+01    0.414098398256140865E+00    0.485017945782711735E+00
    0.143331575339168617E-02   -0.903946154837959703E+01    0.301981384870138214E+01    0.180201885244844345E-01    0.108164828861978890E+02    0.159608092205483915E+00    0.129368745294010379E+00
    0.497227000762253394E-04   -0.286361802569594470E+01    0.161461523017765063E+00    0.159421541341527773E+01    0.829235381396863858E+01    0.101481355896322745E+01    0.532040644930982576E+00
    0.780078250343001667E-03   -0.727743953449335290E+01    0.114296376051280806E+02    0.304796780367353515E+01    0.102125727477354395E+02    0.200994379550887547E+01    0.375783125516883976E+00
    0.169813982221180297E-02   -0.927606284618377686E+01    0.864737719689412216E+02    0.350286549182522375E-01    0.106168497800827026E+02    0.271375328302383423E+00    0.482804375886917159E+00
    0.123921329795424707E-02   -0.921617166486724670E+01    0.819557014427382228E+03    0.223903578141228486E-01    0.108569552481603058E+02    0.234646909120201430E+01    0.382509838879991904E+00
    0.115755341650936307E-03   -0.278903228621119492E+01    0.111251462906656155E-01    0.393873429427116839E+00    0.851342646529290903E+01    0.862275706465093883E+00    0.196424205870842444E+00
    0.189414313130455278E-02   -0.929633976728615607E+01    0.132918202217504472E+00    0.596566542384150580E+03    0.973014245950754031E+01    0.135164261409244357E+01    0.573575706175463496E+00
    0.164011041408750871E-03   -0.462653465897380212E+01    0.234755003406956604E+03    0.208649341893233330E-01    0.964569589666722393E+01    0.183441737535385152E+01    0.339455509300383595E+00
    0.553195922870599159E-04   -0.188770602284175881E+01    0.629684894729788280E+00    0.548114836981017906E+01    0.806980808736904365E+01    0.170719317277180282E+01    0.333439976780369185E+00
    0.720805053452021544E-04   -0.297662346271492595E+01    0.283208808155675576E-01    0.104659860009662026E+03    0.814258839207597163E+01    0.153391826826509625E+01    0.487629679781342973E+00
    0.133883455464957920E-02   -0.912295057537654763E+01    0.589565588060422954E+02    0.644372291195060232E+00    0.108491615950891500E+02    0.196132311261059833E+01    0.389124723612138679E+00
    0.408681180610525002E-03   -0.648659438779771236E+01    0.142139804929948377E+00    0.991467930773452383E-01    0.949919413382038158E+01    0.193123725245945566E+00    0.148319046119566450E+00
    0.237421304017458400E-03   -0.571509608480064468E+01    0.503759125828517142E+03    0.105164385908940972E+03    0.987553030528242815E+01    0.175280777515615882E+01    0.191384928449105818E+00
    0.400503013267528607E-04   -0.158968493667430755E+01    0.310125784277066607E+01    0.207899469917655795E-01    0.934468754001802537E+01    0.920551059090060519E+00    0.276141938876895920E+00
    0.357720073330018433E-04   -0.228646310213669768E+01    0.921905064585993905E+01    0.509165214335950278E+01    0.904885953272337851E+01    0.212091674870374636E+01    0.161008506194596779E+00
    0.199614379234599266E-03   -0.533497662042164045E+01    0.130680306071799777E-01    0.452872672937262735E+03    0.916156468058713180E+01    0.237352903112085967E+01    0.165498038134549219E+00
    0.182201558593012231E-02   -0.933003255585092006E+01    0.531140265283337154E+01    0.157224069157684443E+00    0.107977222458841595E+02    0.229454749961234361E+01    0.375118473266090491E+00
    0.374060463031935663E-03   -0.667816791497613238E+01    0.146887867546355917E+02    0.487242120406210899E+00    0.100954226798271396E+02    0.851147412164743100E+00    0.222859870830932894E+00
    0.506407847702583291E-04   -0.232465423685553629E+01    0.216708514999599464E-01    0.325972611162326498E+01    0.827627400700566795E+01    0.761616307546087112E+00    0.120012126945845427E+00
    0.384295845343511221E-03   -0.635141909122467041E+01    0.865398430214483483E+02    0.310902463749562337E+02    0.998880469799041748E+01    0.570887327194213867E+00    0.233762568235397344E+00
    0.459140720534202451E-04   -0.265284069634120634E+01    0.450715458654792414E-01    0.711329469859843244E-01    0.839356016847775344E+01    0.373554106688986476E+00    0.157977033228942021E+00
    0.419199693243980812E-03   -0.655926980484441291E+01    0.167868767726379131E+01    0.140506928296261713E+00    0.976331293008560053E+01    0.166549857687887570E+01    0.353371125424239874E+00
    0.861718005329204965E-04   -0.369820571881860705E+01    0.209726208926858931E+03    0.173982595895185952E+02    0.927198436722185804E+01    0.578877962868742935E+00    0.202280779557818674E+00
    0.600304485661794815E-03   -0.710709300759664586E+01    0.118572651686102898E+00    0.238353760697066477E+02    0.988738579805564832E+01    0.148453707409765512E+01    0.508024217036564862E+00
    0.274722341568192706E-04   -0.120996225104139077E+01    0.873658352049149833E+01    0.662175698349765796E+01    0.907493620184158445E+01    0.854694394550906456E+00    0.392179498819684058E+00
    0.456421354519503909E-04   -0.254349392265921548E+01    0.220447261350598666E+03    0.333754664417233869E+03    0.900739856580917930E+01    0.993297816045184967E+00    0.192345577772146142E+00
    0.155094421052604257E-03   -0.441411231451261354E+01    0.170230735449468597E+03    0.232398020907171668E-01    0.977489212389029305E+01    0.210477613310412881E+01    0.104744316871692000E+00
    0.105133025957452079E-02   -0.927203370570204832E+01    0.190054157755681388E+03    0.580003809756921562E+01    0.106621461119368242E+02    0.200890952311194182E+01    0.345405392740589234E+00
    0.506529638182247853E-03   -0.609416408579561164E+01    0.485780148221033073E+03    0.794259263920016423E+01    0.983612708741778263E+01    0.179122578819003120E+00    0.334067146811659277E+00
    0.106445174366780258E-02   -0.842927878519519780E+01    0.687141095663869805E+03    0.969300484879345947E+00    0.107152393772073324E+02    0.756599666305710850E+00    0.196265294259976408E+00
    0.356105611210484033E-03   -0.627658706993014626E+01    0.136091760804795552E+02    0.556885347387116258E+01    0.994215195563425524E+01    0.158931721990626906E+01    0.327271082669615798E+00
    0.997036489208031371E-04   -0.413463626344641799E+01    0.273666545267474207E-01    0.249747581717941008E+00    0.959188091727368075E+01    0.224576621958174716E+01    0.370942793253343894E+00
    0.944102307606681495E-03   -0.799261577622924069E+01    0.613774211721520714E+03    0.146664245592336641E+03    0.998021656647942379E+01    0.217989503030526360E+00    0.499754140652670431E+00
    0.233603760051363317E-04   -0.583938102619538046E+00    0.247488269439392929E-01    0.805246507062324213E+03    0.737206432274980905E+01    0.188290911342921641E+00    0.459874506092034729E+00
    0.245991896640291511E-03   -0.583117108562817243E+01    0.288893069482973552E+00    0.214045187542991400E+00    0.938832575590882534E+01    0.134850438518706728E+01    0.120528826477852416E+00
    0.200608289667365656E-03   -0.459595534438037667E+01    0.231543306985537128E+00    0.107848980999391726E-01    0.911701846907634206E+01    0.930588868667865277E+00    0.230229664650394933E+00
    0.538513290881089627E-03   -0.706768289824004192E+01    0.410119706589105490E+02    0.151301610080893223E+01    0.985283117294099320E+01    0.101446598973013513E+01    0.605285785163376278E+00
    0.776890149463325855E-03   -0.712613541085467350E+01    0.141323536028861724E+03    0.348825303261612929E+00    0.105604817934637385E+02    0.184411454586207624E+01    0.178961555938920797E+00
    0.141665510486537112E-02   -0.921684593222662585E+01    0.305058090839272893E+02    0.119643865070727020E-01    0.107165173255589501E+02    0.922323962560896105E+00    0.496202599334155670E+00
    0.273225154069418994E-03   -0.595101339537926144E+01    0.157244138239561210E+00    0.324357090756326613E+03    0.971653727094804509E+01    0.139437289595592029E+01    0.433654318402604932E+00
    0.187521929665302933E-04   -0.555901081740922454E+00    0.257526957724717009E+01    0.105766014208909506E+00    0.843265943368382764E+01    0.169133503642732963E+01    0.149845273497294484E+00
    0.386024859360514284E-03   -0.625300572958885326E+01    0.113014836007898012E+02    0.878817382022205784E+01    0.989837945140152087E+01    0.178267441286432460E+01    0.352671662181549106E+00
    0.181036509964481348E-03   -0.526082186784865602E+01    0.240303417531823049E+00    0.863316133072994929E-01    0.925573080968362305E+01    0.225297613211198078E+01    0.540142662944648189E+00
    0.212969343918958382E-04   -0.129290246618495197E+01    0.478508823124566263E+02    0.969323484330707998E+02    0.927220001031519736E+01    0.624063652843180106E+00    0.157234824431429748E+00
    0.116151935232021170E-04   -0.472989389689745687E+00    0.318098965214187290E+00    0.131040247286459305E+03    0.765783944150053930E+01    0.201468924079153444E+01    0.256252939335041674E+00
    0.950003722536620966E-03   -0.807386903684458801E+01    0.106589300040143293E-01    0.123327314431032597E+01    0.993685324673981185E+01    0.216707920007692234E+01    0.225980171242510103E+00
    0.381696224871443677E-03   -0.604332111302442243E+01    0.304300482136704742E+00    0.122865648451996518E+00    0.950823724098591150E+01    0.920658720147097820E+00    0.231577293478957169E+00
    0.205499656294930860E-02   -0.941324144503837168E+01    0.112770772749429718E+00    0.592396276103073589E+02    0.993582864950770350E+01    0.213276472316302979E+00    0.499090359095140546E+00
    0.184476143741127202E-02   -0.965309877693491458E+01    0.117016813388461061E+01    0.525626558504076191E-01    0.105653448278718276E+02    0.111909948517720426E+01    0.288866993232279379E+00
    0.307596403299437886E-03   -0.637752933849802162E+01    0.303800523723623828E+01    0.383830165818132457E+03    0.977807961940201587E+01    0.102001387010594202E+01    0.508486866855043074E+00
    0.136358792486084159E-03   -0.437338491094037174E+01    0.128862511624468212E-01    0.285141579555197655E+01    0.963864029399005240E+01    0.240479196718873123E+01    0.114856726459594619E+00
    0.161867488759468163E-02   -0.893608666215138570E+01    0.144323886600007008E+02    0.157866936395393322E-01    0.106977967596961587E+02    0.373281100486736808E-01    0.318019903939801396E+00
    0.184710098892711137E-04   -0.741308824712407888E+00    0.627256120169361338E+03    0.970448802368326966E+02    0.836245531116028751E+01    0.152406113850811042E+01    0.412936584369794080E+00
    0.564557263221976587E-04   -0.242060871467565963E+01    0.534640760670814416E+03    0.142995921183563226E+02    0.888146140899054792E+01    0.139170438584246159E+01    0.378206758883248284E+00
    0.189288615255740712E-02   -0.936201033439498076E+01    0.417484702536990483E+03    0.358777940495718212E+03    0.104933633859566111E+02    0.135066664575548390E+01    0.503241543040564454E+00
    0.187222059596461247E-02   -0.975401668023390656E+01    0.428647047773399459E-01    0.137011277579518786E+02    0.986057864130258821E+01    0.246061712006910138E+01    0.624511410503585274E+00
    0.126786701713095507E-02   -0.855119607298511752E+01    0.633977273290768029E+00    0.164326287068776167E+00    0.102245282300968423E+02    0.133867146643754098E+01    0.480274035525758869E+00
    0.214764392773334530E-02   -0.938980694043201503E+01    0.123313490326645034E+02    0.163484259951171879E+03    0.106714891339581950E+02    0.966380469966455991E+00    0.407959700390718827E+00
    0.272119262255723182E-04   -0.126020948459850946E+01    0.187729311705040658E+02    0.758557847674124486E+00    0.864914333877848662E+01    0.191604001733680662E+01    0.438678940796959460E+00
    0.759519759839539518E-04   -0.322183193320018013E+01    0.147274337050157904E-01    0.378296688828628636E+01    0.833666962410550028E+01    0.305117449094327808E+00    0.443105381912209828E+00
    0.758412476205703318E-03   -0.697580966624479260E+01    0.658068221705349621E+00    0.208376779728871099E+03    0.922068631494230928E+01    0.140590990793176474E+01    0.544073098569848645E+00
    0.405145237544367082E-03   -0.599896124921554552E+01    0.192808019817835752E+01    0.128866720021136310E+02    0.963570324317904614E+01    0.220572392706654341E+01    0.231593620458562660E+00
    0.430808732377842589E-03   -0.676967606043677694E+01    0.292794924629233719E+03    0.511114478875707934E+00    0.101546273930982558E+02    0.241671563973405146E+01    0.465938438254322684E+00
    0.615597224282464083E-03   -0.801026526028460673E+01    0.157007362998398776E+03    0.163244277460428522E+00    0.104849472672365991E+02    0.566927903209307638E+00    0.144780900238376781E+00
    0.218725571565802843E-03   -0.445424809978791991E+01    0.461347345347419378E+02    0.811163401667593598E+00    0.986743846152366721E+01    0.244526757394769545E+01    0.195109369885365425E+00
    0.849787839135514181E-03   -0.843229651451110840E+01    0.439258428262196798E+00    0.880445919208088299E+03    0.995129966735839844E+01    0.988519340753555298E+00    0.262413859367370605E+00
    0.244832313873749585E-03   -0.508084316077809905E+01    0.286695363065698894E+01    0.332599634491879783E+02    0.100621671124711280E+02    0.115525943169616219E+01    0.148886122440321705E+00
    0.132773830565939088E-03   -0.367886163948868283E+01    0.112878413827743537E+00    0.270179222923316198E+01    0.876472861536702297E+01    0.474564338737663793E+00    0.102919692639054386E+00
    0.387432971889075024E-03   -0.683073247907924497E+01    0.712231638121389210E+03    0.307385812411668131E-01    0.100973870795578122E+02    0.191956364782189626E+01    0.523432964849840920E+00
    0.102536470135686339E-02   -0.893876785475205260E+01    0.216317057548340053E+01    0.100856247919076328E-01    0.107094481323610751E+02    0.191923733682021425E+01    0.143445667615299477E+00
    0.853465032528486498E-03   -0.827963238925124756E+01    0.995554411464809306E+02    0.240465059073326781E+01    0.104853843083496958E+02    0.192256091914825245E+01    0.570286908030810058E+00
    0.219172873997417047E-02   -0.971606612205505371E+01    0.357747779034657057E-01    0.271906153316842669E+02    0.977422368526458740E+01    0.167172834277153015E+01    0.619481718540191628E+00
    0.969064153295784111E-04   -0.334384471997902954E+01    0.854993505542502703E+03    0.301262831912131936E+02    0.974006744208307040E+01    0.195394851734469022E+01    0.245571429356385512E+00
    0.147598443767451800E-03   -0.456862612282238967E+01    0.266511401234545864E+00    0.176882453692213382E+02    0.835548570478041164E+01    0.862652227050077047E+00    0.639818238317678256E+00
    0.126124754973045209E-03   -0.380931657868105278E+01    0.701448837971877197E+03    0.135694802065050197E+03    0.968923897447453264E+01    0.733977764113527664E+00    0.326852177585343351E+00
    0.574297437675744043E-03   -0.715666055679321289E+01    0.344754952981534829E-01    0.156892584417390929E+00    0.976809036731719971E+01    0.110161155462265015E+01    0.561377173662185647E+00
    0.411801539643635005E-03   -0.610818225834598660E+01    0.414316855816698837E+01    0.525251329164136138E-01    0.964033227676875804E+01    0.339675378901970138E+00    0.564294189831993642E+00
    0.236278519803097941E-04   -0.121990903925776023E+00    0.163805652994660877E+00    0.445439998487625189E+03    0.735198119308321196E+01    0.272345830903352626E+00    0.372152750214862049E+00
    0.497739371406888140E-04   -0.305591223375100451E+01    0.672272275222555209E+03    0.496613641525210085E+03    0.896146149048052187E+01    0.584636406049479120E-02    0.277463837651539036E+00
    0.114835622431415566E-03   -0.358142535255621830E+01    0.123324056990152926E+03    0.421460156735853317E+02    0.934704009208779141E+01    0.120362923402203847E+01    0.223833128170043527E+00
    0.283303340967324485E-04   -0.469847917556762695E+00    0.140819695731057171E+01    0.446385357175264064E+00    0.785185408592224121E+01    0.196655899286270142E+01    0.571442115306854292E+00
    0.349215541532061851E-04   -0.174120232660408081E+01    0.817919219433253630E+01    0.436344100533890764E-01    0.912644345578833871E+01    0.295453753676367281E+00    0.611737925353451284E+00
    0.571355418900197415E-04   -0.292337408427739032E+01    0.430945742929383755E+03    0.190833333651687687E+01    0.918704356177258319E+01    0.205400517296156648E+01    0.323729944375804823E+00
    0.767252735598473795E-03   -0.825741350650787354E+01    0.185171113190540304E+00    0.967377409841644749E+03    0.103706058263778687E+02    0.147532388567924500E+01    0.108099555969238287E+00
    0.104330572123291301E-03   -0.469801459300976720E+01    0.312885353169160226E+03    0.573286937388195952E+03    0.915211562513156807E+01    0.203904078253207910E+01    0.564587450993151108E+00
    0.696479899485056219E-04   -0.297226411601539242E+01    0.198961932438119171E+01    0.177999836442008175E+00    0.874637849008417056E+01    0.147237740891879820E+01    0.491258738651058846E+00
    0.267110036418933606E-03   -0.575777649879455566E+01    0.171427359531898604E+01    0.191840487121284764E-01    0.948227441310882568E+01    0.447750538587570190E+00    0.533200132846832320E+00
    0.206928462953691761E-03   -0.456188645883010491E+01    0.113963032956794112E+02    0.561126931292118840E+02    0.937269949295608384E+01    0.121066914165813744E+01    0.374047907225499965E+00
    0.513852881032546803E-03   -0.751105842641650234E+01    0.458878995261594202E+00    0.261469665000573538E-01    0.987944085953701823E+01    0.173900420530886321E-01    0.116127231115761259E+00
    0.162752882292452459E-04   -0.733993009007884445E+00    0.326741704294710587E+03    0.169329931443742652E+03    0.841492652694378407E+01    0.838579482580324553E+00    0.349184816030354950E+00
    0.979135018235411319E-04   -0.421821239653746094E+01    0.130460341827942301E+02    0.818998507295443101E-01    0.949875103938736309E+01    0.616842072351453941E+00    0.194818187008893945E+00
    0.177096254479213767E-02   -0.893459627584772775E+01    0.107585278109627502E+01    0.479522255664658985E+03    0.999335451586450141E+01    0.454073418218935487E+00    0.443634203853355724E+00
    0.580470346938443839E-04   -0.293338011510154884E+01    0.130708879503431641E+01    0.161080841281161753E+02    0.821272258865344540E+01    0.477947102609319607E+00    0.485858950373921239E+00
    0.127462845361143540E-02   -0.868813682716092117E+01    0.442803833947139763E-01    0.123585979055346989E+00    0.105694914026819262E+02    0.244002648888117424E+01    0.252116504241520101E+00
    0.930815981187893180E-03   -0.772960782051086426E+01    0.674036255229383308E+01    0.602342502849765182E+01    0.103903659582138062E+02    0.577258169651031494E+00    0.375315630435943626E+00
    0.199494492180504046E-03   -0.408274410800789589E+01    0.132039225384660853E+03    0.100095609163215187E+03    0.858077920042279629E+01    0.135036487577007014E+01    0.595168826109805815E+00
    0.609495304321577098E-03   -0.742169557087827858E+01    0.550568870764345206E+03    0.185786207866118964E+02    0.104391954801196380E+02    0.100653813099205136E+01    0.264766426059293347E+00
    0.224975736353797990E-02   -0.997395826815765751E+01    0.506091339912095650E+00    0.412937910524935614E-01    0.107854524068042821E+02    0.188947267937858432E+01    0.414060250363534554E+00
    0.969118256293075345E-03   -0.764276665717888459E+01    0.819744486012236280E+02    0.357934382758524280E-01    0.104988393911240827E+02    0.192368800150980324E+01    0.543379967429256094E+00
    0.167051502544960084E-03   -0.461156432009038397E+01    0.782180380506937722E-01    0.356707956632514652E+03    0.861808880386417364E+01    0.123765379326900926E+01    0.523699784498439236E+00
    0.223886132573116158E-03   -0.487600142980920204E+01    0.242220380401652585E+00    0.269496352786393402E+03    0.908994633122062190E+01    0.407544767168201483E+00    0.181920464112981323E+00
    0.225778294891658421E-03   -0.465717855598736818E+01    0.172742061141646843E+03    0.670716784221391138E+00    0.983068321914025312E+01    0.105459180324135193E+01    0.164810149704321673E+00
    0.122237575927489159E-02   -0.835798677064738804E+01    0.185699091369514633E+03    0.385757771005996233E+03    0.104923997418616661E+02    0.170390680319811816E+01    0.441335467171615647E+00
    0.508537853954637675E-03   -0.695382806020731614E+01    0.294014178358667500E-01    0.393526332892329435E+03    0.965137650722187956E+01    0.175834028630225703E+01    0.198487852496324835E+00
    0.836289755768347687E-03   -0.770238214446824276E+01    0.545025627139603941E+01    0.527199793252082882E+00    0.103814641605453257E+02    0.676061184888568478E+00    0.521260299518392145E+00
    0.379247721103034038E-03   -0.641726058641008734E+01    0.109313125807264441E+03    0.447786034216254236E+00    0.998135035335520548E+01    0.522881798865501235E+00    0.443108830272312071E+00
    0.857193515330230519E-04   -0.358746998140057816E+01    0.404624387751086374E+02    0.157651645884686019E-01    0.930268691250205393E+01    0.873360365983477660E+00    0.416892103109249068E+00
    0.232148434025004631E-03   -0.666480775797324121E+01    0.546524286668441235E+02    0.774229852995706125E+00    0.102258608348408160E+02    0.504936274507335803E+00    0.254543865384319112E+00
    0.463584078401024210E-04   -0.113222500640699142E+01    0.152491021171280408E+03    0.213785960148600088E-01    0.920951297452853801E+01    0.331964803713551360E+00    0.410925525503342604E+00
    0.371698851744273260E-03   -0.698860878364826732E+01    0.128018034302138144E+02    0.207695274654654038E+00    0.103802110212319594E+02    0.148022203154875731E+01    0.179441577554012188E+00
    0.103165145176447562E-02   -0.726673547017443777E+01    0.137764188783466857E+02    0.279430997343165757E+02    0.102736603361396206E+02    0.131360071690327906E+01    0.464580603925004665E+00
    0.111275841800647914E-03   -0.416865319692816616E+01    0.158468076001223693E+03    0.278509437089571676E+01    0.943400977977789523E+01    0.101477526883316238E+00    0.140643074952610136E+00
    0.135907628415314814E-02   -0.909677519365575726E+01    0.120713040454858665E-01    0.694150485536638606E+00    0.102353798835753640E+02    0.204134461096846609E+01    0.673019453615019247E+00
    0.258461692801967378E-02   -0.992745470017208653E+01    0.350794416626894423E+00    0.167189059076666013E+03    0.106883890810868660E+02    0.162527131533444780E+01    0.227871657456675675E+00
    0.142437377670450447E-03   -0.476354221388966259E+01    0.118793741137909294E+03    0.104272981408137099E+03    0.930697551515482857E+01    0.164378354153247752E+01    0.496449408061913511E+00
    0.185865496574544840E-02   -0.948249815801047014E+01    0.470980925559850494E+00    0.287877136975029035E+01    0.102698815442653384E+02    0.126575514126315314E+01    0.390828129197606344E+00
    0.230082103008998741E-04   -0.601935505660797232E+00    0.157701783763063304E+03    0.277822839017933809E+01    0.909803367416464681E+01    0.589126806174309348E+00    0.245643293113131433E+00
    0.107331302047529830E-03   -0.370906089820787077E+01    0.409276869121527014E+02    0.137898731017025789E+01    0.942874382995010052E+01    0.111634464110635911E+01    0.278881539913764076E+00
    0.250898434254552465E-04   -0.105804388510655367E+01    0.885114974303519153E-01    0.110231568375213970E-01    0.802888258038348290E+01    0.141522962133551888E+01    0.195527891871351278E+00
    0.489433427292227156E-03   -0.777116419602150366E+01    0.265579435617678827E-01    0.314382562291878997E+02    0.974811377491655762E+01    0.202880061115174826E+01    0.260778698875460235E+00
    0.121267006985400724E-02   -0.893929767444938861E+01    0.974619062937493730E-01    0.220021014739826569E+03    0.976701014731881223E+01    0.201494795586523434E+01    0.560639446480033499E+00
    0.839812888903480664E-03   -0.839653947126628353E+01    0.106107291190433884E+03    0.400852495875218262E-01    0.103288594976354631E+02    0.150693280932848922E+00    0.709049578867772312E+00
    0.763294799194869544E-03   -0.711290789816591573E+01    0.385282530523314080E+02    0.440314275727930582E+00    0.103504418096706754E+02    0.197032159868987078E+01    0.504936202402270329E+00
    0.346623086514040782E-04   -0.107032117468671650E+01    0.169458760267266939E+01    0.167117362463087922E+02    0.755354926849829500E+01    0.170609748906089598E+01    0.520450996420914302E+00
    0.636314162332537949E-03   -0.764906095283067078E+01    0.256997545576461448E+02    0.162719920095391074E+00    0.999289123389188383E+01    0.768131723394842036E+00    0.675543238677830948E+00
    0.137237112288033930E-04   -0.546109994747608241E+00    0.294960976687253584E+02    0.118445330203175492E+01    0.847572392706361910E+01    0.175159957661050325E+01    0.416890239312747157E+00
    0.557983260200847658E-04   -0.149214609247754870E+01    0.142518316287742749E+03    0.180498469859160481E-01    0.897754325930384312E+01    0.111097226103592939E+01    0.237243140061749458E+00
    0.156306400678362300E-02   -0.862273891262728576E+01    0.508792158501958852E+03    0.378407441333621861E+02    0.101353945854954617E+02    0.146215298748334632E+01    0.594741089169408821E+00
    0.718414588188539226E-03   -0.780876732328328682E+01    0.329077484111175017E-01    0.954671311081002614E+03    0.101500174209495704E+02    0.637340860771406947E+00    0.270425137436193785E+00
    0.298230126703761472E-04   -0.150307365979205620E+01    0.918408889610849499E+01    0.561689194752241105E+00    0.884773608915447696E+01    0.932399406936906705E+00    0.232004281748669106E+00
    0.165662133451210396E-04   -0.317898110633750702E-01    0.197056371331538679E-01    0.160544565921973481E+01    0.757241789335109949E+01    0.119062281336988685E+01    0.131728933983901925E+00
    0.240153055894577842E-03   -0.512406593496478546E+01    0.150471097316128692E+03    0.300798677203167273E+02    0.980955323781484978E+01    0.147912663185832782E+01    0.248096007340911973E+00
    0.199373679108480025E-04   -0.584368939934674203E+00    0.144180655836919289E-01    0.150785542450393262E+02    0.729640369734252214E+01    0.176249524391407708E+01    0.556151947480340247E+00
    0.256991085705024112E-03   -0.599990348164879617E+01    0.321982579948912473E+03    0.399556329111779940E+01    0.101227196909228763E+02    0.224496075317015231E+01    0.246919950680752953E+00
    0.649263065021942983E-03   -0.778079909760736399E+01    0.260071717726540530E+00    0.917020345485811683E-01    0.996081249595947860E+01    0.560237415415969914E-01    0.259176272263646701E+00
    0.189843374234285330E-03   -0.456747641193729148E+01    0.216263359985374243E+00    0.244498086117393720E+01    0.960065524763837175E+01    0.132327338498640557E+01    0.299227321145208558E+00
    0.415469103794413388E-04   -0.181828230795232781E+01    0.681944878652641223E-01    0.445671057559536621E+03    0.821885522244154387E+01    0.121862185954700042E+01    0.129543859368737163E+00
    0.115298695405175225E-02   -0.876009523868560791E+01    0.692439067285477172E+01    0.382072159362709274E+00    0.102702071666717529E+02    0.506314188241958618E+00    0.659791219234466597E+00
    0.318558513192475964E-03   -0.710296014279148924E+01    0.163409511936225442E+03    0.237491543464573573E+00    0.102667321972582197E+02    0.102684622024643257E+01    0.475947997994143557E+00
    0.348440340078718595E-03   -0.622815262281177695E+01    0.453602424656968495E+02    0.187284389673768118E+03    0.101221928685380878E+02    0.576883527687570008E+00    0.176968680212767460E+00
    0.338279170492439751E-03   -0.523794652860459742E+01    0.695935717824052773E+02    0.138546935527595148E-01    0.943635566018242145E+01    0.141073261025576463E-01    0.632330543561869685E+00
    0.212641264155982637E-04   -0.306476205465872953E+00    0.557940368099905193E+01    0.189715522890230059E+01    0.820032648966715882E+01    0.361302977151533367E+00    0.318216473701551039E+00
    0.114939184606690495E-02   -0.818531050585301756E+01    0.276864930782503051E-01    0.148563140771738453E+02    0.103327885374034398E+02    0.220828687528965606E+01    0.284002108206134918E+00
    0.229367839881090126E-04   -0.643940926669380853E+00    0.271174724197222474E+03    0.484118303627747368E-01    0.908335492937772315E+01    0.157785973929594647E+00    0.228628827044009802E+00
    0.536413174195519773E-04   -0.235942932270748740E+01    0.311935113654471365E+02    0.249024777196267983E+02    0.876058131497014436E+01    0.736015349321425427E+00    0.420401481091474016E+00
    0.178485897137113962E-02   -0.898539282474030543E+01    0.272574760245239855E+00    0.554604271652965775E+00    0.103731049519863401E+02    0.865092028732845075E+00    0.337178196391076990E+00
    0.130558446047108557E-03   -0.419476872794130617E+01    0.191416833395884312E+01    0.111567063623142972E-01    0.907791383742066493E+01    0.266976783975450438E+00    0.581660497204246951E+00
    0.243302576067669921E-03   -0.679840269769523076E+01    0.151563499855778772E+00    0.425844496279835198E+03    0.977510999474297293E+01    0.117851789337210389E+01    0.450641575458667898E+00
    0.117372111300028271E-02   -0.867730966288538674E+01    0.275051479385408949E-01    0.887743961675021431E+01    0.102198667346951826E+02    0.226847501083586511E+01    0.128932217945033956E+00
    0.759820061105090849E-03   -0.793626785278320312E+01    0.231050359371938741E-01    0.615982740207046291E+02    0.976175427436828613E+01    0.954602360725402832E+00    0.387385922670364424E+00
    0.196699197482083876E-03   -0.443065104238257934E+01    0.946685987721389982E-01    0.217820105202889096E+03    0.969884193114900839E+01    0.208524437037591781E+01    0.116883050166573493E+00
    0.136483748394404406E-03   -0.454074644912372793E+01    0.680144157700960095E-01    0.522594778403230098E+00    0.903379054980977259E+01    0.171600290974140091E+01    0.535221856715803357E+00
    0.163710628027849224E-03   -0.468010028961097824E+01    0.100184286292119236E+02    0.335521398717558150E-01    0.970673951482080710E+01    0.605882394528138302E+00    0.278922065273033259E+00
    0.103619029917959018E-03   -0.363323808444168339E+01    0.403613971357130341E+00    0.530168046337639751E+02    0.860214288382852388E+01    0.357619253248304014E+00    0.665420348711812881E+00
    0.161828183568814510E-03   -0.416014493013549291E+01    0.508169217615626167E+03    0.616213782879706358E+02    0.974035023579477865E+01    0.170619222419391736E+01    0.178751109380544004E+00
    0.521376670985865750E-04   -0.209121616781402508E+01    0.311604880939260305E+02    0.593553063001780767E+01    0.869273822643974015E+01    0.152399660921622965E+00    0.405191730822514806E+00
    0.246431862793459967E-03   -0.584533349062499141E+01    0.833653291663584014E+03    0.893698866639560151E+03    0.922267756762872182E+01    0.140472493626094730E+01    0.645467381218879477E+00
    0.339560905568985123E-03   -0.622471319814650226E+01    0.748581630943040977E-01    0.203812859070182469E+03    0.906516965261261376E+01    0.292195653956374646E+00    0.535920856606916352E+00
    0.107287469989918855E-03   -0.319147293770527751E+01    0.325027069561736104E+01    0.586425522533232197E+03    0.859614360683541534E+01    0.233467432187513024E+01    0.422167135742504196E+00
    0.221463519799652245E-03   -0.519649680286540150E+01    0.628770651951036008E+01    0.111870185024533040E+02    0.999978107050390008E+01    0.116361866288327120E+01    0.104716216392879577E+00
    0.482917058892585007E-03   -0.625073903258849839E+01    0.218799468970615552E+01    0.115526330847348504E+03    0.971405634377649463E+01    0.115428698750853753E+01    0.267517900708208856E+00
    0.850154364728732993E-03   -0.772230793824787654E+01    0.372020651540180580E+01    0.117359543957995485E+00    0.103322925375130428E+02    0.144418538742532077E+00    0.447119771801614885E+00
    0.156082812902835766E-02   -0.868144112654976041E+01    0.929316328519920049E-01    0.230486050789970476E+00    0.105337363808065501E+02    0.183535599880672717E+01    0.453930552769480911E+00
    0.208642583579330733E-03   -0.479109846407145579E+01    0.204577445241017411E-01    0.841120965437808792E+02    0.897898103304709139E+01    0.169264351669158808E+01    0.350300937378068888E+00
    0.130074606390013088E-03   -0.484353189599293277E+01    0.202079481028914182E+00    0.162565730849866092E+02    0.899065543224001296E+01    0.378626716453758339E+00    0.250500047545284710E+00
    0.771786538012348566E-04   -0.355415833150312022E+01    0.115120775585064963E+00    0.103931563075393890E+00    0.946438526962502458E+01    0.162466633210571487E+01    0.359898155844864287E+00
    0.368974558588571714E-03   -0.634074459986818262E+01    0.624132101107948589E+01    0.157337599985590117E+03    0.971775221825789792E+01    0.132989176435861389E+01    0.396597712036191652E+00
    0.212366849258636227E-04   -0.650288462638854980E+00    0.208645294925801466E+02    0.311473994836456047E+00    0.858912730216979980E+01    0.294828116893768311E+00    0.214699304103851324E+00
    0.251918172183688107E-03   -0.554255473360828965E+01    0.120230819645275488E+01    0.178177242953295942E-01    0.998255161578290284E+01    0.637173826602845716E+00    0.162461045508113078E+00
    0.221090362452938959E-03   -0.543204131775963361E+01    0.495775144708404725E+00    0.181064983707171834E+00    0.942443043663983104E+01    0.195374050908791297E+01    0.376748860357273618E+00
    0.130353029737640389E-02   -0.880945559265046008E+01    0.367920200926283802E+00    0.297142732039393453E+00    0.103682036216821558E+02    0.113395898871079703E+01    0.418902034514050059E+00
    0.690981748642826785E-03   -0.828514121832556860E+01    0.628515390553777281E-01    0.315857366337856220E+02    0.100137585756838252E+02    0.861992779875367932E+00    0.148427683478318445E+00
    0.292674980037502686E-03   -0.606693530418042304E+01    0.805729881469027376E+01    0.177312479946528684E+00    0.100626135763059299E+02    0.330491159115151589E+00    0.363428142783626451E+00
    0.592363638864887472E-03   -0.692635993161109820E+01    0.152693130089395848E-01    0.951845986472090004E+02    0.956549670836543342E+01    0.168726542325434381E+00    0.344039491724437874E+00
    0.153183485176380429E-04   -0.200457819846425411E+00    0.222926197165692486E+01    0.760970675964501311E+02    0.782055261285611181E+01    0.304358687156198238E+00    0.265227234917789323E+00
    0.287732454404581632E-03   -0.557428514270077446E+01    0.184110027453241835E-01    0.272530189911269538E+02    0.902698236776085672E+01    0.226230248073860896E+01    0.491386881789897867E+00
    0.720200184693686502E-03   -0.735842810495089594E+01    0.109144317039152408E-01    0.183143685510204990E+01    0.101193108536883685E+02    0.157980950745341464E+00    0.129761187529194522E+00
    0.100190544459731031E-03   -0.322972319153957876E+01    0.178142506374648271E+02    0.266411502468480062E-01    0.931442110367857268E+01    0.661476452555071481E-01    0.132715068125315139E+00
    0.157687828777618687E-03   -0.524693868422426668E+01    0.165705534058403998E+02    0.439954251066707602E+00    0.976414701448456768E+01    0.136321225107162580E+01    0.441605129165280053E+00
    0.423119841361715011E-03   -0.662066949811720651E+01    0.226717688427472837E+03    0.161889533510935649E+03    0.988620540917978197E+01    0.178860270770249685E+01    0.613671466201424209E+00
    0.206609316856880265E-04   -0.503884113710942771E+00    0.227061146576497674E-01    0.268181888605717056E+01    0.753939258618442221E+01    0.179616115599114279E+00    0.501677947900398991E+00
    0.441739473741031762E-04   -0.122047373522549818E+01    0.214138743385887729E+02    0.796835345007532823E+02    0.921712670748787311E+01    0.237735848533068417E+01    0.341564634338500928E+00
    0.556967675297211605E-03   -0.696990497283904364E+01    0.975444599823084291E-01    0.111399261903431910E+02    0.965911212755817949E+01    0.156138544613900554E+01    0.299678392335655075E+00
    0.719132623641103100E-04   -0.318655132941014108E+01    0.470087866610787675E+01    0.742217166459150121E+03    0.942917413951081151E+01    0.142273288523293595E+01    0.345995666941828817E+00
    0.488863760824733833E-04   -0.251497234080621901E+01    0.663784960862848266E+03    0.595543291063910146E+03    0.932709346959169494E+01    0.229387408679220783E+01    0.430099265391621688E+00
    0.125427357880537004E-03   -0.419264106478561338E+01    0.520877615794187250E+03    0.109795635019371285E-01    0.978769223714458292E+01    0.171882641288579863E+01    0.549700867268101967E+00
    0.360583000581911946E-03   -0.647908374966078604E+01    0.620839636743289347E+00    0.531172825103634838E+00    0.100698383018606403E+02    0.193426633586310626E+01    0.276651925639051166E+00
    0.109183952278866028E-02   -0.850154801571344620E+01    0.251674922538662124E-01    0.308264953749566040E+02    0.101741702568938095E+02    0.130547165726014036E+01    0.182762274140119307E+00
    0.335113956718805119E-04   -0.164230384945381713E+01    0.423468365299969687E-01    0.583718652512499325E+00    0.817022952487509535E+01    0.149091490636548585E+01    0.437530122259169429E+00
    0.306061422428176541E-04   -0.112194953529281416E+01    0.157736268329203799E+02    0.300096743832670043E+00    0.938703756028931835E+01    0.223240197657946782E+01    0.137134417099394113E+00
    0.512010850272360141E-03   -0.592752978971253430E+01    0.553784272507787459E-01    0.916234814767314560E+02    0.941802311598055830E+01    0.234329493366908359E+01    0.321182928279863167E+00
    0.652717394986557708E-04   -0.296360066504779063E+01    0.225268971775221483E+00    0.107538518083453294E+01    0.856791021015648013E+01    0.997368227239623151E+00    0.276834656733839168E+00
    0.221089163315289755E-03   -0.485667190820469141E+01    0.499209100403534212E+01    0.598936095426451676E+01    0.910962393076902366E+01    0.143540635657256566E+01    0.491461106704995765E+00
    0.123240276581984169E-03   -0.449398352661115208E+01    0.237483301767796272E-01    0.517890434221125795E+00    0.955323671677008157E+01    0.751450375701482876E-01    0.424890762285990542E+00
    0.434057678645179124E-03   -0.608609866578535463E+01    0.759611585048992760E-01    0.671735648522784913E+03    0.988501422422027076E+01    0.245947272065746514E+01    0.330324064102831105E+00
    0.117878606141210676E-02   -0.875537657529212687E+01    0.204370510001886732E-01    0.170894064380708137E+02    0.956143178669650062E+01    0.189182662036255800E+01    0.683455359345777169E+00
    0.172822786989118641E-03   -0.482124178441981144E+01    0.893478209368294141E-01    0.422142567513584055E+02    0.879655595093151632E+01    0.136037708063682272E+01    0.498279601215026124E+00
    0.191916451701064285E-03   -0.528323056093799792E+01    0.152403065804051234E+02    0.113946915408299817E-01    0.985224213044720543E+01    0.885239971395179182E+00    0.667497772384802457E+00
    0.124851722384166578E-03   -0.461120268443911741E+01    0.343745382023753626E-01    0.347328467501203590E+02    0.937554733773290927E+01    0.420458304720651266E+00    0.397002355400301821E+00
    0.113619283535073981E-02   -0.879226867191271033E+01    0.848877130419884579E-01    0.862477738509810443E+01    0.101086975278558135E+02    0.548261284632168611E+00    0.328358543606541708E+00
    0.148187597216064534E-03   -0.420470370913321911E+01    0.897493042170127922E+02    0.799876958232853497E+02    0.805679696105991994E+01    0.506497861333890076E+00    0.655314253123823520E+00
    0.587355584269271964E-04   -0.328141871214778513E+01    0.572897144315434161E+03    0.115208580212879212E+03    0.968050536873026424E+01    0.972872977600206412E+00    0.104491284792483277E+00
    0.112835169195581915E-03   -0.381996916646202411E+01    0.425771062567052127E+03    0.772126361740587130E+00    0.971582294428941040E+01    0.183436444887148342E+01    0.471795898888077603E+00
    0.560828643834575813E-04   -0.158909777893243542E+01    0.980417834449190062E+00    0.424234526189973415E+01    0.797594313156665446E+01    0.216550861670347006E+01    0.476066642087956904E+00
    0.443481945840950610E-03   -0.632482794480271160E+01    0.202005862510410061E+01    0.186298757899400064E-01    0.100047245297411056E+02    0.127883908963269755E+01    0.264240605189397404E+00
    0.447064573351553789E-03   -0.753441742620387078E+01    0.669026548792330394E-01    0.978138015915874515E-01    0.989537389904922193E+01    0.131669425487293124E+01    0.553877008882173505E+00
    0.878030585023918274E-04   -0.360656017850989663E+01    0.173932525424393027E+02    0.169882976524324304E-01    0.946270746953733877E+01    0.652431900515015983E+00    0.285376906955833176E+00
    0.165609301845576955E-03   -0.549572852117885180E+01    0.176279679378364210E-01    0.732420323257627487E-01    0.934568142543581182E+01    0.120024118503832544E-01    0.614436557321266452E+00
    0.161445032485892028E-02   -0.922497621418479596E+01    0.235320597253686348E+01    0.138146936813022478E+03    0.991637007895232614E+01    0.214601447415581248E+01    0.584264560452874782E+00
    0.254479791631697370E-03   -0.610638816048601818E+01    0.951740846111790802E+03    0.522851120876992582E+03    0.879332267907379617E+01    0.508876584490522976E+00    0.699410169178876884E+00
    0.910844463066922002E-03   -0.716217434038163514E+01    0.208777384762453722E+00    0.124830542734953864E-01    0.100697607190632059E+02    0.191566361010209008E+01    0.189374089355764885E+00
    0.734977077403081388E-03   -0.768383428727986306E+01    0.340375207499253296E+01    0.205686015838903646E+01    0.102889404340193291E+02    0.236200440045229954E+01    0.369628954126905773E+00
    0.412658586286991522E-04   -0.144693563051808471E+01    0.105038958272772764E+00    0.216256914983059279E+01    0.793948052539790172E+01    0.964353442943792549E+00    0.566694031472402493E+00
    0.175263797358378887E-04   -0.170099083558264419E+00    0.615958419529861885E+03    0.924194073567606722E+01    0.794492705350754136E+01    0.202792807682206000E+01    0.591277285665183450E+00
    0.442286433396959055E-04   -0.263524738844502293E+01    0.354302071412615547E+02    0.338520919093362682E+00    0.938637725034847037E+01    0.225313667778940285E+01    0.119168280232611085E+00
    0.100431366291530832E-02   -0.794077240949675556E+01    0.109245449465070935E+00    0.372252282608944256E+02    0.100331632835434519E+02    0.113616112939021718E+01    0.248785557824645953E+00
    0.129871129077342913E-02   -0.849221830950958001E+01    0.443958350033959115E+00    0.291537397026004967E+02    0.101957512183264800E+02    0.249499730439656453E+01    0.312667849103907491E+00
    0.185597849651781188E-03   -0.535861620707980180E+01    0.607765938866496991E+00    0.667849658501311616E-01    0.938780277800010410E+01    0.864989226302736114E+00    0.684494029803548010E+00
    0.189580023055552392E-04   -0.119437433560473472E+01    0.346679168059903077E+03    0.124670205636387777E+03    0.826910898581140685E+01    0.554800157166876695E+00    0.546169781676435706E+00
    0.402497087757015690E-04   -0.265450436070080853E+01    0.601421750072382899E+01    0.135630547213954188E-01    0.954208003107936698E+01    0.904668284682045076E+00    0.134968157682601092E+00
    0.131523930898893568E-03   -0.355817647265680881E+01    0.217253510114883897E+01    0.148093547424880279E+01    0.905042512480406458E+01    0.929932816576290011E+00    0.274562437287622974E+00
    0.471879569527781557E-04   -0.255451443717016691E+01    0.768158063142151946E+02    0.211591685787158301E+01    0.908079082990118103E+01    0.857052767688609995E-01    0.146551950367158845E+00
    0.253150163783059381E-03   -0.558396906086950651E+01    0.747828002166579342E+01    0.114819676750389718E+00    0.990640426860055356E+01    0.532134143629420131E+00    0.410633049814498774E+00
    0.132202843883227287E-03   -0.518601993568694386E+01    0.146490490254990113E+00    0.473118939926696069E-01    0.923086655225057306E+01    0.472891965737207931E+00    0.215106732135790402E+00
    0.182359469716279364E-02   -0.962832332400800972E+01    0.771281286064176230E+00    0.374636489138990640E+02    0.101095312612082964E+02    0.136352958081063425E+01    0.589944596435611590E+00
    0.342444091725530305E-04   -0.151692233209831695E+01    0.198204684553938526E+00    0.204701504510917554E+01    0.795622415644975511E+01    0.143754425846017808E+01    0.673905489031531912E+00
    0.710216675440857276E-03   -0.773436142043836039E+01    0.352606693624725520E+00    0.118446406830859416E+03    0.102531910744367920E+02    0.226000451493830301E+01    0.175895170102096682E+00
    0.109649266168827586E-03   -0.466824234151778583E+01    0.910107295945810435E+01    0.645375688327931130E+00    0.922722289659118822E+01    0.211448814713398470E+01    0.662682349416642280E+00
    0.794904937186558425E-04   -0.419947790024362622E+01    0.685004442036263872E+00    0.194599239248279190E+03    0.932859746861074157E+01    0.188043075174697938E+01    0.445475839334084300E+00
    0.826282772606000567E-03   -0.821546101867460976E+01    0.332919594553766185E+00    0.272278274496045292E+02    0.102874808762733636E+02    0.210966336603273952E+01    0.196363629478436552E+00
    0.492200626273230592E-04   -0.179047564648637758E+01    0.126707721657686734E+00    0.322523398020980387E-01    0.839114463089806151E+01    0.238429541758614594E+01    0.220638864658712797E+00
    0.787931322635188167E-03   -0.838815491689975801E+01    0.771088456994588722E+00    0.700857652710014545E+01    0.102475093588051234E+02    0.248834319909520385E+01    0.331760514685535468E+00
    0.103652517244780663E-02   -0.763430132340432621E+01    0.218253610174749223E-01    0.232202731806799676E+03    0.102855916057312164E+02    0.153358724675608382E+01    0.129454572972732607E+00
    0.427934107483663774E-03   -0.606545224966755558E+01    0.221666188012693866E+01    0.305699388537798877E+00    0.975634573641940683E+01    0.238977612888976809E+01    0.566894843156010353E+00
    0.314047993498990294E-03   -0.658490446425837117E+01    0.200089049912345364E-01    0.440141744368009835E+01    0.980628533344752107E+01    0.100171946004481649E+01    0.396559515263129159E+00
    0.488256905353581393E-03   -0.742734859700754768E+01    0.452582785587007219E+01    0.110647439100740570E+02    0.986063697115207738E+01    0.187347332915342557E+01    0.605897064080461512E+00
    0.115079316150612946E-03   -0.386878569169152797E+01    0.845516280665238241E+03    0.181140816199693830E+02    0.975601240331722153E+01    0.866255740617090653E+00    0.130735737540123520E+00
    0.146596811512200330E-02   -0.839118859987620169E+01    0.469767746864004701E-01    0.117239373087945467E+03    0.103858913123247198E+02    0.223130895589728695E+01    0.164735982208036480E+00
    0.584805478345645939E-04   -0.269031034550551551E+01    0.475534916273683507E+03    0.607441202441159867E+01    0.916559641530946223E+01    0.114025306590718634E+01    0.309449732192527915E+00
    0.719179671606013011E-03   -0.704684781685234896E+01    0.158010788353578152E+00    0.143846041263040481E+01    0.976956564074983902E+01    0.130133482106015141E+01    0.550086955958226209E+00
    0.822075687636776749E-03   -0.796396226657854367E+01    0.949260318347373455E+00    0.619610717851412502E+02    0.101667738163429640E+02    0.128351563709723915E+01    0.226642226674681924E+00
    0.254609662060817832E-03   -0.549742509829760984E+01    0.451870405369589057E-01    0.802872413678821886E+02    0.914158908966126127E+01    0.202458648668836183E+01    0.420438665821980972E+00
    0.700225913231699421E-04   -0.396940045074139913E+01    0.184280901173750032E-01    0.584047573805874620E+02    0.902392854046449067E+01    0.782810340406808192E+00    0.601865512448007567E+00
    0.451894943288610031E-03   -0.603389036209986962E+01    0.153006506995797276E+01    0.698977741383173395E-01    0.101597855083741972E+02    0.155145968392871136E+01    0.283828078544686002E+00
    0.764811485333426015E-03   -0.764015274685626800E+01    0.123785436482485717E-01    0.636659508002685309E-01    0.101853681738057844E+02    0.506509819613335299E+00    0.492419428877199361E+00
    0.182926795831977345E-02   -0.812961191364417601E+01    0.376736877344967658E+01    0.592573527511114140E+01    0.102425335873808869E+02    0.893775491422881707E+00    0.467805984355574522E+00
    0.117334410078435373E-02   -0.838526084913351966E+01    0.257888149111903386E+00    0.120212453722602031E+01    0.102898478638236774E+02    0.150090343080258615E+01    0.416330949114465554E+00
    0.216492851154419901E-04   -0.118861955695233812E+01    0.464205080771175477E-01    0.838407289722448013E+03    0.688623178850003725E+01    0.169969153261876338E+01    0.698224360201789462E+00
    0.837993968440099935E-04   -0.361135881706304396E+01    0.531999717179513922E+02    0.632954221346028021E+02    0.972487808727700020E+01    0.217654319922927053E+01    0.148158678976090613E+00
    0.522753433242549950E-04   -0.227604176010486370E+01    0.591740878704896200E+01    0.264305768897759974E+00    0.952266643766538046E+01    0.210718974450202312E+01    0.270559613371569363E+00
    0.105981289417795806E-02   -0.822090048659664774E+01    0.175600216660609411E-01    0.706075498838903481E+01    0.102317931395514634E+02    0.113591348720401242E+01    0.156454074420209505E+00
    0.520843849833215302E-03   -0.751194618247731505E+01    0.124702012321605216E+00    0.336034458921838223E+03    0.989738340662711025E+01    0.168008976186285020E+00    0.117859855984773415E+00
    0.139681846619274476E-03   -0.501757898548164682E+01    0.149732588041826506E+02    0.273753477936734901E+01    0.976920030687690044E+01    0.206665821666695670E+00    0.269688028077468334E+00
    0.103088904229475692E-03   -0.336014924616422572E+01    0.495658753638252676E+03    0.252403637945661397E+00    0.970427463438373472E+01    0.202244033294463987E+01    0.230096432443154642E+00
    0.518351462447194157E-03   -0.768559396012193385E+01    0.103962032201708361E-01    0.266610020935606030E+03    0.968318459619606386E+01    0.786458808873489179E+00    0.431837898557101085E+00
    0.940257995610871883E-04   -0.299151889916412106E+01    0.608942217481667143E+02    0.782974488219930626E-01    0.950552367247539109E+01    0.273130258109959723E+00    0.427900732434325137E+00
    0.199758893059839364E-04   -0.925443768501281738E+00    0.146593813109603954E+01    0.392723118959511268E+02    0.721497786045074463E+01    0.281180590391159058E+00    0.646174728870391846E+00
    0.734951590388113632E-04   -0.345730900764465332E+01    0.491624370471783134E+01    0.249052974387897414E+02    0.881260704994201660E+01    0.632476806640625000E+00    0.415664207935333319E+00
    0.434987086148024547E-03   -0.576064993088214550E+01    0.257648243916544306E+01    0.400850112173660250E+03    0.989680207101649323E+01    0.343020863675027710E+00    0.281874368859599989E+00
    0.579400119250419532E-03   -0.774602529170312248E+01    0.139943752922864673E+01    0.293475244002637226E+03    0.100448632969285629E+02    0.774495698802052601E+00    0.362069371750449065E+00
    0.152164652472891107E-03   -0.471139283024059985E+01    0.260967138022465139E+01    0.837959443196772213E+03    0.943966774101069639E+01    0.153509232670842088E+01    0.226454841500592002E+00
    0.138940225746815170E-03   -0.500692419950988743E+01    0.261553742018892763E+03    0.234969290798049291E+00    0.982032112424155912E+01    0.218885735035928120E+01    0.604001349140185884E+00
    0.799912607929482452E-04   -0.305066420844837483E+01    0.387080318423371927E+00    0.169832815750013055E+01    0.859081254012598805E+01    0.715557310333061580E+00    0.329256117891018829E+00
    0.510435141486737692E-04   -0.257361531193820925E+01    0.151796537942934778E-01    0.360867023573712364E+01    0.833747554126037649E+01    0.238192127078632021E+01    0.390664655838478980E+00
    0.989249432197537837E-04   -0.365271657697755359E+01    0.583810631599019416E+02    0.215094253517133377E+00    0.966030778732556783E+01    0.486970083540683718E+00    0.243557362705187769E+00
    0.124544479098710791E-02   -0.909793531612161388E+01    0.339394578312913930E+01    0.257122156261058649E+03    0.979293156238303197E+01    0.284136702362267179E+00    0.634316402474962460E+00
    0.116518598924476933E-03   -0.473126566914575353E+01    0.155875386437204749E+00    0.142059329968455272E-01    0.913357963170520115E+01    0.194505338973937736E+00    0.109767021056410979E+00
    0.126870467198843126E-03   -0.499928429537017038E+01    0.240428267828822761E+02    0.234660565148194635E+02    0.942664471726978093E+01    0.109631438818469462E+01    0.513069315621478506E+00
    0.648441610313846045E-03   -0.683915502702494571E+01    0.169396062141704724E-01    0.753085794270405118E+00    0.101106983483044282E+02    0.178572094959738115E+01    0.362781257323520179E+00
    0.370264214820258130E-03   -0.571970946569972849E+01    0.104629436962351031E-01    0.227223261506610719E+02    0.924989231954445579E+01    0.190860204002945899E+01    0.412612056682041151E+00
    0.166189829539675060E-03   -0.430518264483269775E+01    0.118034459440889394E+01    0.119952011139294896E-01    0.926237399568988806E+01    0.114921249912421530E+00    0.289784442056668645E+00
    0.108026566255861400E-03   -0.435934141049032942E+01    0.431352039427472453E-01    0.804092467924433091E-01    0.958051023166884974E+01    0.120319491487318442E+01    0.549743237618308678E+00
    0.144203991145616482E-03   -0.424851827090921930E+01    0.365344891720856140E+03    0.807081119058314016E+02    0.968036216818612338E+01    0.221283817963744500E+01    0.370469247268594759E+00
    0.600995918004526930E-04   -0.302427069713913621E+01    0.155732656000949532E+03    0.489228852504355549E+00    0.945512244148708447E+01    0.313832795328180869E+00    0.379254429926988657E+00
    0.786525721185405769E-04   -0.315754190668558632E+01    0.811721308692535781E+00    0.749902580476433855E+03    0.848114526181541351E+01    0.234700640478662514E+00    0.393622107624957418E+00
    0.182915038698475542E-03   -0.518557364196897730E+01    0.153827188668320769E+02    0.234511008871508039E+03    0.865587283630369697E+01    0.937915030428999152E+00    0.645549504723821777E+00
    0.296839286772041574E-03   -0.573053600589787671E+01    0.196086558376521669E+00    0.123234028321006672E+01    0.942197737037612804E+01    0.141580683327945334E+01    0.368301374485242250E+00
    0.261820593827692813E-03   -0.623339868496812777E+01    0.766963423390824017E+00    0.202600642558643657E-01    0.968226087739625463E+01    0.936710973248214174E+00    0.634722456409240632E+00
    0.402253215171211780E-03   -0.621384917173660600E+01    0.673884323318149541E+02    0.122426941487390550E+03    0.985423465976115942E+01    0.231663318666728557E+01    0.537567809776485883E+00
    0.331189595551180925E-04   -0.124070715600242765E+01    0.243098495268861257E+02    0.813149007885757558E-01    0.897578754507270204E+01    0.206659492373451759E+01    0.329621034923480105E+00
    0.850641665641177448E-03   -0.738029215422560547E+01    0.318596602300024526E-01    0.115037795211392305E+00    0.101187972426553774E+02    0.384830670798705088E+00    0.610847525763324239E+00
    0.502228107571579211E-03   -0.691229663571145370E+01    0.200996806196695532E+01    0.129512040821137143E-01    0.100206506317796009E+02    0.105157151099536028E+01    0.666150567918697423E+00
    0.186620369105469549E-03   -0.480588020465417642E+01    0.396858952585666599E-01    0.585034321979089000E+02    0.894524250835041812E+01    0.330908549676615205E+00    0.393965227192881740E+00
    0.369530183820898140E-03   -0.693601645677220979E+01    0.137999839904960648E+02    0.446038992702473625E+01    0.949544212327010939E+01    0.186344046734928570E+01    0.696591232192748211E+00
    0.136373585679056594E-03   -0.398420734868203574E+01    0.346203394715100032E+00    0.555620294628967137E+01    0.887998498179181794E+01    0.693605604309610602E+00    0.269874014517162863E+00
    0.259142305111046637E-02   -0.994125961993701601E+01    0.135784838670028396E+01    0.752532345905870983E+02    0.977298320167673751E+01    0.171026985248219465E+01    0.652670899586297204E+00
    0.206263676863052498E-04   -0.715538300747433631E+00    0.125307937533313961E+03    0.375393487444133714E-01    0.872078181487333914E+01    0.370501770237670114E+00    0.171422716672332054E+00
    0.263651182209349361E-04   -0.150114145242244890E+01    0.190367935605602625E+02    0.121580272046661955E-01    0.880957925760858984E+01    0.152534324128147247E+01    0.518933278104234508E+00
    0.287297919625543736E-03   -0.569308514105125152E+01    0.120419699574045039E+00    0.963630487544054290E+03    0.938642493123971811E+01    0.490785591791800480E+00    0.222468053843522112E+00
    0.234358107105811072E-04   -0.468115972475812658E+00    0.856996848763095045E+03    0.284184968372867843E+03    0.843292003141566227E+01    0.782501248258864246E+00    0.340763959148634998E+00
    0.873485155670270500E-04   -0.396799366807309983E+01    0.776580369513318214E+01    0.196437429425797179E-01    0.968999909408948312E+01    0.131759348884112937E+01    0.350466918186918663E+00
    0.108545302618844801E-02   -0.860925532217463285E+01    0.203633571508075040E+01    0.266578319676886046E+02    0.982161143933424974E+01    0.116978880682302711E+01    0.639035724859251641E+00
    0.462714477296899705E-04   -0.175462705537782448E+01    0.141403109059118407E+03    0.597177876826292975E+00    0.840952109011932514E+01    0.110916902613565363E+00    0.640182781437728776E+00
    0.876878093133144740E-04   -0.296276770206660833E+01    0.866318118286173018E+02    0.361803264136240399E+01    0.940593862340605824E+01    0.603127432957418885E+00    0.222370386705330603E+00
    0.494426566231620239E-04   -0.208984803724519175E+01    0.396630899075618046E+02    0.980369580385277439E-01    0.923583048420464436E+01    0.140251700481069297E+01    0.248016005274914630E+00
    0.187283199683581711E-03   -0.515252398720962645E+01    0.180332919896993338E+01    0.508336073047089059E+02    0.986977542551755427E+01    0.912371450088279468E+00    0.130825100296238228E+00
    0.330630909470378941E-03   -0.592102599207547176E+01    0.145179886757584375E+01    0.404078753217247622E+00    0.996253659125266822E+01    0.144997335055206834E-01    0.416596509665667525E+00
    0.184031159603491610E-03   -0.425694427112228091E+01    0.751414112657800786E+02    0.392972533589329132E+02    0.922362040914682879E+01    0.309176636410377514E+00    0.498367071051037835E+00
    0.127499193616003621E-03   -0.378633234201168056E+01    0.504541220630367562E+02    0.503342981078013395E+03    0.936692090559896506E+01    0.172028914502293118E+01    0.424817374428529959E+00
    0.150189182529036409E-03   -0.598264308445607540E+01    0.225981882070706916E+03    0.437385061769584098E+02    0.983031179355862506E+01    0.376423175801461687E-01    0.290328829719411929E+00
    0.106918978076954099E-03   -0.485216491300336639E+01    0.113510524040088345E+02    0.716472827653782485E+01    0.952818085621229827E+01    0.190949632508407546E+00    0.362036289098308650E+00
    0.332818681985935522E-04   -0.218870452681378458E+01    0.696551440597782062E+03    0.444461157311849142E+01    0.916519877870973332E+01    0.171649322254893555E+01    0.228152075728505876E+00
    0.645628778211573395E-04   -0.262172639369964600E+01    0.944826333849987918E+03    0.867670297248110123E-01    0.954689621925354004E+01    0.150379613041877747E+01    0.123116594552993786E+00
    0.874373238304164445E-04   -0.304047088933592047E+01    0.305984066381004816E+02    0.206301013292661373E+00    0.888677437395002379E+01    0.961218609140959246E+00    0.638174015526552618E+00
    0.316409807230596846E-03   -0.646316471089050193E+01    0.637588128661310760E+00    0.171366674964155523E-01    0.100770675291932825E+02    0.236122664893333223E+01    0.187505200659618010E+00
    0.328689948693796600E-03   -0.579043037330372989E+01    0.250186205583666155E+01    0.140326983809125245E+02    0.960689769481653677E+01    0.795047943233023968E+00    0.508897788606129886E+00
    0.246590484198609913E-04   -0.834219182479409627E+00    0.719133949945765932E-01    0.592595065935517737E-01    0.806134798635919125E+01    0.200732512188166945E+01    0.499508319201243611E+00
    0.332627280699316599E-03   -0.591584221979838176E+01    0.124553861344728605E-01    0.946968931513285028E+01    0.954832952897870157E+01    0.228213583115288543E+01    0.175864720980291045E+00
    0.131603478744409842E-02   -0.808311869570514396E+01    0.102612274605485415E-01    0.973741195433099627E+01    0.100290239502991394E+02    0.125496328302199034E+01    0.425213408365353041E+00
    0.267011332746985397E-03   -0.634074517687197048E+01    0.380547022955147396E+01    0.303019228666294227E+01    0.995084881143162825E+01    0.187147969598958586E+01    0.396596065541013454E+00
    0.397688900782454911E-03   -0.654904731297343368E+01    0.386313599194588608E+01    0.152220404648848029E+01    0.994083104248638172E+01    0.192729523638979905E+01    0.446322432193436036E+00
    0.902434989093229547E-03   -0.758443523105019324E+01    0.183878737084435077E-01    0.111580426516727704E+01    0.101076331040650871E+02    0.143803480917585391E+01    0.285140861108910348E+00
    0.107594894482677679E-03   -0.412986964708795323E+01    0.101768461141696825E+00    0.383296922722355930E+03    0.869425034075038106E+01    0.178361847649429139E+00    0.445728560694643838E+00
    0.338174248989393954E-04   -0.162144545563378362E+01    0.120157544959738836E+02    0.101408098432573945E+01    0.942452372341936062E+01    0.242374354729425567E+01    0.115629509343447040E+00
    0.551910134879864621E-03   -0.721473941762400095E+01    0.570029451707066634E-01    0.635584255528735764E+00    0.994562431416454551E+01    0.181716028311099009E+01    0.364164402723092140E+00
    0.162397525390553245E-03   -0.439740127874221365E+01    0.777167265882933634E+03    0.133086793470868336E+01    0.897056368411441696E+01    0.221706356544290450E+01    0.666243557801573294E+00
    0.885455372505409709E-03   -0.744797824409781040E+01    0.380587350039906028E-01    0.107655775819227295E+01    0.100262447547047095E+02    0.105305935735509459E+01    0.613100796225302447E+00
    0.843077401477957045E-04   -0.426654544597116470E+01    0.618124942894888640E+01    0.101184901475511416E+00    0.966680249722200280E+01    0.139628805654291677E+01    0.551424863593718340E+00
    0.997162008248283788E-03   -0.725168375742305216E+01    0.455868134612287122E+03    0.177810857877942652E+03    0.989582347628613057E+01    0.194012036445859115E+01    0.588948674212757317E+00
    0.551201933863172620E-04   -0.209724483177935417E+01    0.973306139720137253E+03    0.223231479639431640E+01    0.946562210785864089E+01    0.212401314700240640E+01    0.143336078768478009E+00
    0.229069851844558154E-04   -0.117547004310180325E+01    0.972458445086005895E+03    0.241306803569937528E+00    0.864501143609630063E+01    0.106775237291079317E+01    0.564178462699067129E+00
    0.186503843674273577E-04   -0.298703915704175260E+00    0.178608354207962293E+03    0.515764117837096521E+02    0.801413713601870903E+01    0.393797849879911066E+00    0.520958775147660647E+00
    0.469299961542270428E-04   -0.214927265980491855E+01    0.432615844076231397E+02    0.219867738988572398E+03    0.934336629195053447E+01    0.233206242747035519E+01    0.156575207763911622E+00
    0.153648200928445177E-03   -0.475217138153803376E+01    0.253329503477087536E+01    0.937565609851524068E-01    0.950171790481237366E+01    0.726664645412151589E+00    0.382860148237006426E+00
    0.496065799848493388E-03   -0.728230710660956682E+01    0.115272108168969253E+00    0.163878690341483377E+02    0.998004576293881840E+01    0.171370699241405733E+01    0.177781408403540342E+00
    0.564278456935837726E-04   -0.298299045082789815E+01    0.139486576309416466E+00    0.217727004281975596E+02    0.837807016599057519E+01    0.430988235463413583E+00    0.428395394253385464E+00
    0.205986022669639890E-03   -0.479483054337013748E+01    0.109838698774749541E+00    0.224687619204848126E+02    0.909275468531876285E+01    0.867559956852987924E+00    0.322878286171245255E+00
    0.107654581857222868E-03   -0.480603098869323730E+01    0.113120108384096169E+00    0.139856953387793603E+01    0.916154026985168457E+01    0.221565663814544678E+01    0.182001787424087513E+00
    0.521547983468973061E-03   -0.809819368592061473E+01    0.160304935566206813E+00    0.490486551606430226E+02    0.968198883028029300E+01    0.166762405810052838E+01    0.578023267379321526E+00
    0.943489301605230312E-03   -0.811833794871933456E+01    0.256788764879441224E-01    0.693912495228577768E+02    0.943672774082805077E+01    0.108980793459780267E+01    0.675162855846797139E+00
    0.479381549939697740E-04   -0.232733406123613973E+01    0.440453128745956857E+01    0.610685702244971367E+02    0.915330730554382477E+01    0.172571849178155401E+01    0.177662313923071857E+00
    0.319577196361697389E-04   -0.124512451031637972E+01    0.374787448630477229E+02    0.111558115228195831E+02    0.849975647029845405E+01    0.122040533689810649E+01    0.494885949544411896E+00
    0.487307969274073548E-04   -0.238840142586616189E+01    0.985470430009494407E+03    0.428229640821435609E+00    0.939581619585557881E+01    0.922881971935875622E+00    0.142624882833484706E+00
    0.219399037569788458E-03   -0.559003039893091191E+01    0.295086735908815623E+00    0.292344683278437913E+03    0.862282021393410503E+01    0.596768997180021188E+00    0.656738210898218377E+00
    0.166071051015613571E-04   -0.314956130130598588E+00    0.175493744267133968E-01    0.372879879344439246E+03    0.710965000938859415E+01    0.174344895203795103E+01    0.613001023105669174E+00
    0.138675671197218949E-03   -0.478363544780042727E+01    0.403293444885904648E+03    0.676784812450597073E+00    0.965678250902200297E+01    0.148744128602711800E+01    0.637246839021282985E+00
    0.296258167662742232E-03   -0.636189511732747093E+01    0.109124489370491595E+01    0.217057997008121457E-01    0.100115834163629049E+02    0.196783391376825656E+01    0.423547142352970751E+00
    0.430656147121916054E-04   -0.163780004306988092E+01    0.633192526953096831E+03    0.866556715004393709E+03    0.930645664104962833E+01    0.209051883049519960E+01    0.293514513989463377E+00
    0.354938840558758240E-03   -0.650443620571509129E+01    0.298778946455081684E+00    0.133326770067002331E+01    0.974627944960974446E+01    0.242657000049725957E+00    0.125446824212310737E+00
    0.203592937485412107E-04   -0.722409200442979627E+00    0.246793046700381034E+02    0.211603407542177817E-01    0.895881414524064823E+01    0.188510947772960424E+01    0.146725983444631863E+00
    0.233539760337426159E-03   -0.615502871978321853E+01    0.333301560398927732E+01    0.151735221461274023E+03    0.934818131069344105E+01    0.165041809800296702E+00    0.642685168272401963E+00
    0.266456403172862708E-04   -0.813331917045523545E+00    0.426376844880623634E-01    0.217353674291924259E+00    0.805270289911676329E+01    0.218553988064764182E+01    0.367491173232851076E+00
    0.360259218881848391E-03   -0.658542876936919264E+01    0.185524621155027485E-01    0.339225439689701869E+00    0.995873756739063509E+01    0.165246772472455117E+01    0.564777682410521731E+00
    0.283812194843310796E-03   -0.651465566965168819E+01    0.597237495286379455E-01    0.621997207235247451E+01    0.977159864832697522E+01    0.564221021543246173E-01    0.349353775248388121E+00
    0.544772018117616465E-03   -0.662669020130778286E+01    0.488572376361580615E-01    0.248256925890278576E-01    0.998809063733951596E+01    0.624881448670921547E+00    0.218365952571643346E+00
    0.436147959453675170E-04   -0.228986712424980743E+01    0.150031056363661008E+02    0.855762916735340329E+00    0.919060279107611855E+01    0.211842877364238946E+01    0.404953055810122753E+00
    0.193482768420897207E-04   -0.961062258110242595E+00    0.745663945282421423E+02    0.203209167239945572E+03    0.843224391681315666E+01    0.924410761868193931E+00    0.468489582726204223E+00
    0.594143931411026980E-04   -0.296222090721130371E+01    0.203287741433486691E+01    0.546539638247410942E+01    0.869577777385711670E+01    0.148906663060188293E+01    0.358215975761413619E+00
    0.455000217800599076E-04   -0.174123181098467028E+01    0.119247481090655263E+00    0.180780424902353043E+01    0.820741423775847068E+01    0.148914152945458333E+01    0.339356300865326754E+00
    0.972102217868583686E-04   -0.467620611190795898E+01    0.938364648084474284E+00    0.964746753497508353E-01    0.958545100688934326E+01    0.223172456026077271E+00    0.162680083513259910E+00
    0.492688700040369121E-03   -0.667689543510413408E+01    0.430151275737431921E-01    0.134444922882555105E+02    0.981048789038137947E+01    0.134360740496792053E+01    0.180908841014965960E+00
    0.216171200854424754E-03   -0.556397864418155308E+01    0.559545058915591614E-01    0.745880007473431472E-01    0.982402135990742131E+01    0.183583147019982684E+01    0.645911680856186887E+00
    0.489306920872157399E-03   -0.649466674514519671E+01    0.812861701464777098E+00    0.331475042732005468E-01    0.100873724894714183E+02    0.217828122805121449E+01    0.408003112063702655E+00
    0.174787205329568308E-04   -0.877228767952258459E+00    0.192160478407655518E+03    0.841910829779191339E+01    0.847279354935889373E+01    0.190258820540315554E+01    0.518951687069438505E+00
    0.135030923824758892E-03   -0.402361755953115363E+01    0.302197511082365011E+02    0.288972483580638055E+02    0.947159225039505870E+01    0.915909584145894073E+00    0.517258014519285325E+00
    0.299825076672645043E-04   -0.132419563785770822E+01    0.102742733065235931E+00    0.775616130050830144E+01    0.789394816265344090E+01    0.205675249268427729E+01    0.433194160040976883E+00
    0.961324276508756159E-04   -0.383428620010191779E+01    0.356133738943261093E+02    0.209066469190293930E+03    0.875909651811612733E+01    0.224437731205366653E+01    0.615704384959260387E+00
    0.443755710236392426E-03   -0.737324970670168511E+01    0.407088815970986367E-01    0.575248483193282027E+03    0.963945512297525298E+01    0.910160775786639120E+00    0.489681226844174700E+00
    0.208411508011617521E-04   -0.781939969458940176E+00    0.169247138654984077E+02    0.134845965658648193E+01    0.836590586123575441E+01    0.136746375499573580E+01    0.558549271841765282E+00
    0.399521175952167603E-04   -0.160310332600520722E+01    0.249192694973698586E+00    0.405657844522908562E+01    0.883771732167913626E+01    0.995563278390131590E+00    0.361933600274019329E+00
    0.950419778684790132E-03   -0.745997701895707443E+01    0.826296859533227734E+00    0.809094932762416441E+01    0.961077995071973845E+01    0.106612757572726013E+01    0.638821089157184274E+00
    0.475004931105575434E-04   -0.196571869676051403E+01    0.254838000493552830E+01    0.643983499939235848E+01    0.849424876119374872E+01    0.903295227942490619E+00    0.314571945538401065E+00
    0.361545517508642962E-04   -0.932947818790368810E+00    0.246504943090977702E-01    0.478187794132112654E+01    0.771767368095746242E+01    0.121932210657487139E+01    0.496395495944563558E+00
    0.939913974466804542E-04   -0.366559121165358048E+01    0.104032381529138860E+03    0.115955744655306860E-01    0.941066024036036097E+01    0.261139810715842191E-01    0.427237617884192344E+00
    0.200504569568354262E-03   -0.543757438511882008E+01    0.569057402826732145E-01    0.625335541753365760E+03    0.960056662605012257E+01    0.146811116895574001E+01    0.358855970256562462E+00
    0.302484768294995006E-03   -0.600282926646453685E+01    0.451878054780645932E+01    0.323465208748062338E+00    0.980309454692624449E+01    0.750591736797805997E+00    0.611126463946921050E+00
    0.168167554573203404E-03   -0.478070440397409868E+01    0.279916695900267349E+02    0.366519571248243059E+01    0.953992304877565722E+01    0.616796198105159954E+00    0.560470429236939127E+00
    0.301963230390757398E-03   -0.618719311701373620E+01    0.267262681042260641E+00    0.621690604063610208E+00    0.973272273993100789E+01    0.213974778054035891E+00    0.642784598088926740E+00
    0.146505625856856487E-04   -0.109896343912243077E+01    0.983330796184047173E+01    0.376745148188985385E-01    0.898757572932439963E+01    0.209880373630837846E+01    0.740333304248540047E+00
    0.608532195099855346E-04   -0.319733572508894426E+01    0.100023299177797838E+03    0.493728024878449574E+02    0.934071252959512499E+01    0.172626455566860715E+01    0.404764774209587563E+00
    0.126713766940573743E-03   -0.451192301407816387E+01    0.237718277706535294E-01    0.146221856762746261E+01    0.911455671772548648E+01    0.227408433681671784E+01    0.228314513882562492E+00
    0.173876934571319449E-03   -0.497360129253431182E+01    0.206941057759328517E+01    0.383503935416179415E-01    0.964704361767101837E+01    0.483406007586923203E+00    0.291136866456569776E+00
    0.179677403213643478E-04   -0.446277564082739275E+00    0.401091010690182586E+02    0.112102052859601375E+01    0.901283225290191581E+01    0.159791971636592622E+01    0.364828604481313379E+00
    0.357629660945479554E-04   -0.237934595855189235E+01    0.161597339290043385E+00    0.220945231456730166E-01    0.858877492831244282E+01    0.194325444963834282E+01    0.177645316551909960E+00
    0.412368968537876629E-04   -0.174547647674646189E+01    0.622816561278132924E-01    0.490684126233106710E+01    0.813381717690675998E+01    0.413435525627330672E-01    0.369733594956955791E+00
    0.104098032074189365E-03   -0.326845544874299776E+01    0.185803145961597579E+03    0.366928123997257383E+00    0.948157909657501108E+01    0.148728491136842034E+01    0.502767727899660510E+00
    0.364375921069176828E-03   -0.715813462813885337E+01    0.472896004835456213E-01    0.262623093484629333E+01    0.968813376705941742E+01    0.137771210058020122E+00    0.699989686875578832E+00
    0.741730975010068710E-04   -0.324137072300509388E+01    0.223181195321976702E+02    0.437144213294235973E+00    0.934265232360971254E+01    0.280999404742741488E+00    0.465382757003782399E+00
    0.457674784124031218E-04   -0.188192285325050701E+01    0.195031862458891099E-01    0.671272206613663242E-01    0.909657102901216419E+01    0.469830936748792047E-01    0.526077204948582788E+00
    0.156933316308640355E-03   -0.531429543812257066E+01    0.133969928377547358E+02    0.607631390142509645E+03    0.951197716488109890E+01    0.200741617833905650E+01    0.525655226306231849E+00
    0.820936907742965025E-04   -0.286546763187524789E+01    0.200836409457818483E+02    0.838892141106071421E+01    0.939527157250949863E+01    0.875250304739657148E+00    0.328322637786184646E+00
    0.337013207771556626E-03   -0.708368866257378382E+01    0.174462740521253989E+00    0.906309483220356697E+03    0.967153244220195596E+01    0.163778210675731839E+01    0.553376228270263337E+00
    0.666726327783754105E-03   -0.594030378713202634E+01    0.455533384204499861E-01    0.259251539829947353E+01    0.981466121211448694E+01    0.985904372160452125E+00    0.525533495132550876E+00
    0.430533605694447403E-04   -0.145805340976736386E+01    0.845508777440169581E+02    0.501662049272030242E+01    0.876072786008278293E+01    0.276098455313096736E+00    0.376349909496077051E+00
    0.557834104362414217E-03   -0.655328916253449467E+01    0.325877700782833263E-01    0.100049740853568370E+01    0.997022517028591082E+01    0.189463222883538140E+01    0.356319821218879063E+00
    0.527242428672457087E-04   -0.252462335962074214E+01    0.613482860672932895E+00    0.771297211751201530E+03    0.852379021975621498E+01    0.694830000389511815E+00    0.248493004566731540E+00
    0.857009807321086332E-03   -0.741044218850407788E+01    0.208107373292272302E+00    0.722272730364361450E+02    0.958563194826650644E+01    0.804773594926284086E-01    0.564772732218117635E+00
    0.118392712199891638E-02   -0.815083609265951203E+01    0.233148379509161519E+01    0.586304154501657564E+02    0.932537614305853602E+01    0.752409385478220560E+00    0.649714174021316926E+00
    0.297448160834524100E-03   -0.617413689705567315E+01    0.330500260142852359E-01    0.181196744084457823E+00    0.990889602757267340E+01    0.231391779562910171E+01    0.598152150132010840E+00
    0.778392339821284431E-04   -0.248789691933037371E+01    0.104231645616004998E+01    0.174029345334163671E+00    0.930238592467388159E+01    0.597788439381720105E+00    0.358594126247135048E+00
    0.387279229063874046E-04   -0.167079638898005789E+01    0.210537399912656070E+03    0.855341745987015512E-01    0.921220225923660507E+01    0.124389439859514450E+01    0.258713913140549923E+00
    0.445113564369117797E-04   -0.253986456620649159E+01    0.100826071913865334E+03    0.263940426950131517E+02    0.918515649625778252E+01    0.459349808564312678E+00    0.310334819841915854E+00
    0.482183261495682138E-04   -0.246623629694147573E+01    0.982544433687567789E+03    0.203207644759874562E+01    0.916380716481865853E+01    0.317549523984194726E+00    0.357858034726836749E+00
    0.731241708764823972E-04   -0.324725043353278009E+01    0.438006395692967999E+03    0.101217345221952950E+02    0.918473432879765994E+01    0.227987962527975840E+01    0.651692440620987190E+00
    0.236577727683507792E-03   -0.540661933384837035E+01    0.126753997650049577E+00    0.277304720484420286E+00    0.978533093399740572E+01    0.171843935916808888E+01    0.602955012577954363E+00
    0.374954225235451860E-03   -0.689255101171772289E+01    0.130434848713781248E+00    0.366967662799317338E+03    0.980612339438569336E+01    0.224635233888145880E+01    0.322970356204138609E+00
    0.227101158739312093E-04   -0.157488644142210976E+01    0.630796794293778174E+01    0.455228961551979410E+02    0.780786831553863880E+01    0.154694264008229654E+01    0.621117030418649851E+00
    0.175636519205708439E-03   -0.473164324272981140E+01    0.115541055447533139E+00    0.151335016020882548E-01    0.929690684727460592E+01    0.223237593590477623E+00    0.291643501378216707E+00
    0.526471646353160740E-04   -0.221286755452622774E+01    0.604652181374839586E+02    0.297005745928252516E+02    0.928131896808601198E+01    0.205793527534449261E+01    0.352705078200564404E+00
    0.425474833236446433E-03   -0.611457478717488900E+01    0.363114482297305230E+01    0.320689154565066929E+03    0.937805025782664892E+01    0.284687106644755328E+00    0.587043842521596471E+00
    0.618697264952872958E-04   -0.292731113235064511E+01    0.297722794425413162E+00    0.118608008688786271E+02    0.928429903354792962E+01    0.135363014477298127E+01    0.132347459325667105E+00
    0.347377226014242211E-03   -0.557425283663340565E+01    0.475563256973627224E+00    0.330686000025004816E+02    0.969603806845973004E+01    0.128328030591116482E+01    0.101107559285018439E+00
    0.750792791734586194E-04   -0.387492673984493274E+01    0.151050927225137229E+03    0.771250564425924101E+00    0.910260693918307950E+01    0.308970879011288613E+00    0.689387446189883790E+00
    0.270432849471475138E-04   -0.817928321387311086E+00    0.585843285225662726E+03    0.876901361516406963E+00    0.916804460122543396E+01    0.140240972917345919E+01    0.174842152188487504E+00
    0.560174924307935319E-04   -0.311278241667421529E+01    0.247718776688098385E+01    0.368922653619764462E+01    0.951369796792465827E+01    0.100833748505688137E+01    0.113435751991877776E+00
    0.147405102880206337E-03   -0.397262520778292139E+01    0.146260951191031211E+03    0.193411850859923073E+00    0.961002505912016503E+01    0.168913093318064789E+01    0.623261685235016683E+00
    0.376744658487026025E-04   -0.201256369969687476E+01    0.392612722163497962E+00    0.969865547337903536E+03    0.822309103928708041E+01    0.215484292965930546E+01    0.392927033017470673E+00
    0.136372394389454825E-03   -0.491219783465353022E+01    0.230721945328236713E-01    0.308696721197332700E+02    0.902036723622783754E+01    0.139753425042612212E+01    0.435118042495594604E+00
    0.539422633484671105E-04   -0.234930310806651876E+01    0.330843465801937270E-01    0.163678446377110848E-01    0.860237984698621716E+01    0.135572631939588262E+01    0.475021015912793110E+00
    0.852821297123453444E-04   -0.376182552289057881E+01    0.957921550962908208E+00    0.456716413173135632E-01    0.920544932562078522E+01    0.937947669269212470E+00    0.119002817046680281E+00
    0.666929576728807530E-04   -0.246086119737793352E+01    0.239592975422921945E+02    0.175886009261797871E+01    0.931030540282099572E+01    0.140978654814288884E+01    0.383123652795621661E+00
    0.320278344184713186E-03   -0.548515957992721503E+01    0.306047438718585085E+00    0.395334954211019191E-01    0.967186783966893238E+01    0.159229542587361328E+01    0.341363792112945097E+00
    0.851784295356646762E-04   -0.315240880435788373E+01    0.106877229089246772E+01    0.106325245712178584E+01    0.889018614327482837E+01    0.658521503746346437E+00    0.234578819414911155E+00
    0.194102723296373857E-04   -0.687799155760305925E+00    0.683001228708298158E-01    0.190799994081353813E+00    0.799148697370923333E+01    0.817737575091183722E+00    0.433957967851948845E+00
    0.857092643971005426E-04   -0.320667382170794157E+01    0.182119869095064141E-01    0.110852719980490363E+03    0.865597161864710074E+01    0.201727004978147706E+01    0.330789089462872943E+00
    0.186928436556066006E-04   -0.854695964224967519E+00    0.346393709545348982E-01    0.127910568453434806E+03    0.754795421759404306E+01    0.802106073392337970E+00    0.548238246464210266E+00
    0.123933474163682311E-04   -0.603891934043048861E+00    0.168730881843245717E+01    0.211071617678476320E+00    0.806842323925748595E+01    0.150275910719766315E+01    0.645464082342275036E+00
    0.189328585477597204E-03   -0.474112436149547989E+01    0.143463083532108282E+01    0.631992423242166979E-01    0.967209416394607224E+01    0.245154662622486696E+00    0.247616847803953849E+00
    0.914473595017207852E-04   -0.362277750761013184E+01    0.156416198000931104E+02    0.335778225943898848E-01    0.943026111929741617E+01    0.125253194407610957E+01    0.568108639819801420E+00
    0.279247200417933109E-03   -0.645164844557690742E+01    0.379780057867038084E-01    0.142236120454754143E+03    0.967015864276428516E+01    0.203327851474726140E+01    0.287637578889779644E+00
    0.465712876529699032E-04   -0.159159016550718646E+01    0.117468765353119892E+03    0.246128676265644941E+01    0.925196642868124108E+01    0.139319011581876429E+01    0.279030840931545454E+00
    0.324375761278407999E-03   -0.606233073899503960E+01    0.464269542200243246E+00    0.130780899686035834E+01    0.968492505656534775E+01    0.544667842737222130E+00    0.317728639831487802E+00
    0.467614856771768290E-04   -0.271592807323749019E+01    0.267766038366164061E+02    0.646256385717433879E-01    0.897796245950526739E+01    0.129113894718008071E+01    0.655936037985420550E+00
    0.118448967221208495E-03   -0.461612272878329488E+01    0.716036260450557016E+01    0.339940534610291833E-01    0.961402585788651898E+01    0.109033827516250970E+01    0.581605109591887270E+00
    0.663921382780383089E-04   -0.364172984904338426E+01    0.798732550227292254E-01    0.830048248848051229E-01    0.894802392925685730E+01    0.109154154027887262E+01    0.541502110478515930E+00
    0.684595795218303208E-04   -0.307678239079877835E+01    0.328517696980760582E-01    0.694115949105931773E-01    0.880628118674921723E+01    0.939615192424693046E+00    0.521824167744153966E+00
    0.168349151728423903E-04   -0.856378565282965298E-01    0.410590041800979522E+00    0.251853127200987459E+00    0.786986467239900822E+01    0.169104080790050593E+01    0.264715850206085068E+00
    0.257019325937745577E-04   -0.108088235494923279E+01    0.244148667713194129E+00    0.335455368380347618E+01    0.809119362871894054E+01    0.792092064433841281E+00    0.165279556759422408E+00
    0.797181944077964320E-04   -0.298893287582216738E+01    0.967991329692715567E+03    0.159288184176106284E+02    0.913773891879499445E+01    0.553058364199412122E+00    0.453560725614887916E+00
    0.192448467614346080E-04   -0.609937603754715396E+00    0.326563697680874611E+03    0.216585562950308308E+01    0.857548995511098866E+01    0.118027284145980138E+01    0.452846516049293601E+00
    0.523622643568213771E-04   -0.213357686996459961E+01    0.922358044624622408E+01    0.850684349851877869E+03    0.703415846824645996E+01    0.189715310931205750E+01    0.663572788238525391E+00
    0.224870017293651998E-04   -0.124195895590082372E+01    0.542680934460704645E+01    0.119892508326203242E+03    0.915986815603659998E+01    0.202528853274564424E+01    0.140109125795870648E+00
    0.153660423323332567E-03   -0.455553313952358252E+01    0.822035945728864306E+02    0.138998303171394749E+00    0.966024217860398338E+01    0.215395643767321632E+01    0.665488573311961762E+00
    0.133579238305140042E-03   -0.485524095560131652E+01    0.173135813879593259E-01    0.595471407337371944E-01    0.933170286737331445E+01    0.113236178575660529E+01    0.363380572745386599E+00
    0.177991877168299649E-04   -0.573685898851745979E-02    0.312500663543142307E-01    0.594292149251328965E+03    0.674402497684832980E+01    0.319588482406203633E+00    0.635674375425289040E+00
    0.900062441854735637E-04   -0.279522702493957276E+01    0.236726417752407656E+03    0.474944874202924347E-01    0.942490473454649624E+01    0.983478893387703779E+00    0.549213307588646615E+00
    0.351487417548221860E-04   -0.191669958573194488E+01    0.151926616692705441E+01    0.421268459156145636E+00    0.876661956005012222E+01    0.100078883401054330E+01    0.135997556148594351E+00
    0.123169264410014133E-03   -0.391275853827203024E+01    0.397144448552907758E+00    0.111958409187963696E+03    0.911588727730729609E+01    0.892327284039342361E+00    0.108708869574192124E+00
    0.181198038167710117E-04   -0.846555677022881148E+00    0.981592418342580508E+01    0.227476143692360265E-01    0.908462782348360953E+01    0.165581248883857990E+01    0.319911771820235669E+00
    0.122616494351288373E-03   -0.435178843939485116E+01    0.714476173585533503E+00    0.250005896748807288E+01    0.894064957603698574E+01    0.104802848975034735E+01    0.596901809374529413E+00
    0.253311628029096136E-04   -0.136095069511719258E+01    0.325999396086187176E+03    0.225125462879946156E-01    0.877156238188016424E+01    0.589277618592133234E+00    0.554915127312031964E+00
    0.289961502987541941E-04   -0.183658104013996848E+01    0.192100184540890895E+00    0.103748485214600561E+00    0.844045083896413928E+01    0.199708841190750941E+01    0.619234525518551737E+00
    0.285047746881924549E-03   -0.603517705283452344E+01    0.500180430240014240E-01    0.714926131433402219E+02    0.971186868565949801E+01    0.116057468776285111E+01    0.264891410448792608E+00
    0.289396374391141873E-03   -0.542202876003574730E+01    0.649996404880208600E+00    0.515388686397825091E+00    0.979572866457950298E+01    0.122297435641045071E+01    0.364859788377773442E+00
    0.145276102155466513E-04   -0.212978817123072067E+00    0.230698684008894972E+01    0.142673211297320606E+02    0.710131292937263847E+01    0.158092283722626159E+01    0.683649968638805450E+00
    0.429324907108681706E-03   -0.656399254643052465E+01    0.242439918427228340E+00    0.214901175929244289E+03    0.955680323306744128E+01    0.952393194623578743E+00    0.467796421130235673E+00
    0.140204915433276764E-03   -0.481225602417202758E+01    0.731978863007429620E-01    0.326819619090182589E-01    0.936840361369278263E+01    0.190120720177078062E+01    0.535886666206621842E+00
    0.679398390463997563E-04   -0.324666753081434711E+01    0.311797977704135788E-01    0.619674898060608470E+01    0.879560850351173862E+01    0.657247621448722619E+00    0.100127020664086339E+00
    0.841380731267125031E-04   -0.385035171629094775E+01    0.609626486183649448E+02    0.127027572612301370E+03    0.919829671020467643E+01    0.387276762927563689E+00    0.531993440765972214E+00
    0.302685635762564088E-03   -0.513396536565454653E+01    0.851676240065956103E-01    0.119550561373674338E-01    0.969211206814314252E+01    0.244214412247021173E+00    0.526347100765070519E+00
    0.315066519001791964E-04   -0.159619796603892938E+01    0.179794908609270891E+03    0.153909507015717910E+02    0.907904437421169419E+01    0.227842303386624945E+01    0.355492896122450719E+00
    0.912898864632202383E-04   -0.439976190469986062E+01    0.436231423161696341E+01    0.137953938960220803E+02    0.947344172163493425E+01    0.228171919185526395E+01    0.348035979001210083E+00
    0.114949738283580416E-03   -0.374073253203811085E+01    0.461288236241691130E+00    0.613164799211652969E-01    0.913506914435460793E+01    0.212999550491200962E+01    0.623113077410654581E+00
    0.646828616007596936E-04   -0.371434971886164877E+01    0.189549757295424577E+02    0.115646213272731924E+01    0.925261084217305196E+01    0.342140584896216959E+00    0.590084986068917905E+00
    0.338450243083823321E-04   -0.175299046657961766E+01    0.919279228201043992E+02    0.738945866745875378E+03    0.916773587652147803E+01    0.864157411818842758E-01    0.120174984222012227E+00
    0.437407069387663673E-04   -0.264221872578542349E+01    0.436013932703875540E+01    0.237977805750507354E+01    0.891895015171699335E+01    0.106051384356301104E+01    0.376040774696745461E+00
    0.439288683411655039E-03   -0.632524646934721524E+01    0.275845485036013471E+00    0.227481566406532831E+01    0.976360982563648783E+01    0.172906013688708526E+01    0.627859894692346154E+00
    0.203241988678801447E-04   -0.521952144784254696E-01    0.121244891174760454E+03    0.116631735821555338E+00    0.886023499878644216E+01    0.170174786347471541E+01    0.176554174815011011E+00
    0.262782616894131046E-04   -0.142046269307658113E+01    0.698436551452109029E+02    0.666769776768637826E+03    0.892765415621699709E+01    0.131737936414698642E+01    0.524517334902979138E+00
    0.300797865499743774E-04   -0.419840534041287017E+00    0.250223514671158576E+02    0.452404402916735893E+00    0.892783238167774229E+01    0.121181099880287113E+01    0.198263170313523973E+00
    0.979593788378297741E-04   -0.403799070589031039E+01    0.111866291380609717E+00    0.393072346122326569E-01    0.944498123060636630E+01    0.564447893432399206E+00    0.361112338863359139E+00
    0.329498837857677398E-03   -0.557200232529502149E+01    0.162771543698491117E+01    0.174563880847285589E+02    0.959058493085393415E+01    0.110145296201689877E+00    0.432165697834264728E+00
    0.392231185102795185E-04   -0.233418098892319614E+01    0.279586440532717390E-01    0.384368500680003251E+03    0.845832110258370662E+01    0.332814861723912336E+00    0.162750515271267326E+00
    0.266406334538795168E-03   -0.532843706769144099E+01    0.381447689829498837E-01    0.926517123145827570E+00    0.944703386420044389E+01    0.718509765611269557E+00    0.499752275508976163E+00
    0.344972425403493685E-04   -0.132273981416829467E+01    0.106761576597072825E+02    0.154322608392807563E+02    0.909967563410360114E+01    0.201312849222281054E+01    0.263580828200187911E+00
    0.288842626692633033E-04   -0.148031458090483992E+01    0.204582043985970508E+01    0.731301155511442785E-01    0.885410481894232149E+01    0.159035123192770023E+01    0.141726027310315750E+00
    0.297526686642100109E-03   -0.556694857640232676E+01    0.112304883423933966E+00    0.228588251874825914E+03    0.953262457548353126E+01    0.411463351459092186E+00    0.232200636903487856E+00
    0.464751106454675854E-04   -0.195092013653359952E+01    0.183792938802727576E+03    0.772382902157807383E+01    0.899239720465466164E+01    0.243927070206981389E+01    0.489393070560488752E+00
    0.339662663171919033E-03   -0.596176237578919022E+01    0.375779363011357892E-01    0.174866578941279172E+01    0.957891942499333204E+01    0.642991175780507129E+00    0.603602986478166903E+00
    0.163303537649595714E-04   -0.194682188619800661E+00    0.232954376810149142E+03    0.205251676567235307E+03    0.887488647964765853E+01    0.222271715410199588E+01    0.177293442122646833E+00
    0.197617298894197264E-04   -0.899376159273072018E+00    0.798588731143587722E+02    0.355839096864274951E-01    0.891582796032008140E+01    0.223163347041020865E+00    0.148827980900276657E+00
    0.187702015744726879E-04   -0.917370319366455078E+00    0.583803352223437738E-01    0.183156246157952936E+02    0.751218259334564209E+01    0.103170573711395264E+00    0.607757788896560625E+00
    0.157547533533946828E-03   -0.497716161932175627E+01    0.126168318869234390E+02    0.110214086103716173E+02    0.920817021392847401E+01    0.754778773004802644E-01    0.597717748324594456E+00
    0.144091629477584769E-04   -0.262663762194465245E+00    0.516547195199868611E+03    0.558354505304016698E+03    0.893818319060506461E+01    0.206760037653461692E+01    0.186360989962282397E+00
    0.114118972497868903E-03   -0.330176933997072908E+01    0.130445023785371681E-01    0.864456454890372470E+02    0.892077414615940967E+01    0.238160179293964402E+01    0.134603423531021060E+00
    0.200924012261704296E-03   -0.482104338149672795E+01    0.138959427586724197E-01    0.390087565221136703E-01    0.966850563913837391E+01    0.112679334562314915E+01    0.178946750966570700E+00
    0.143461975675503640E-04   -0.719371600798091038E+00    0.122247398105992048E+03    0.865764329670332131E+03    0.891140863393041371E+01    0.579225166256499335E+00    0.113142161284181156E+00
    0.202121345395341754E-04   -0.120112347225270555E+01    0.427400311320059872E-01    0.219393279879487757E+01    0.794818422072597475E+01    0.782351676021550091E+00    0.533743211739556300E+00
    0.119168363440452858E-03   -0.331938525481886959E+01    0.513893918620819609E-01    0.789907259239661474E+01    0.942906060499695897E+01    0.249761704666508821E+01    0.103278853527694531E+00
    0.299327377755976309E-04   -0.775488521718226576E+00    0.224568408047001955E+00    0.773613823251438248E+03    0.769565986061252438E+01    0.120363135109139741E+01    0.457184865536118812E+00
    0.282931000059913099E-04   -0.144781441215087181E+01    0.434007126186565895E+01    0.642654334627660205E+03    0.889524442688375139E+01    0.101844898861067579E+01    0.197996344876057634E+00
    0.101275055113705492E-03   -0.388819717626191341E+01    0.188436737271966692E-01    0.687080890065939476E-01    0.913381865715989250E+01    0.228324895824295293E+01    0.516690066869638698E+00
    0.175424551405793238E-03   -0.516742563013110967E+01    0.222678242115084586E-01    0.330218549347524970E+02    0.963712883094698114E+01    0.188002476048333533E+01    0.133663005826928305E+00
    0.386271268468264399E-04   -0.129624690274052856E+01    0.110286486889943980E+02    0.236307225138671953E+03    0.885814688893746549E+01    0.176602357992644388E+01    0.329166725814350802E+00
    0.319328878814577170E-03   -0.575124809196141129E+01    0.644135803637242710E-01    0.270857650955104319E+02    0.966942586309966678E+01    0.177705252542797809E+01    0.231566147273387590E+00
    0.357302691245082741E-04   -0.188255719857969162E+01    0.321112817845359100E+01    0.687865139526013802E-01    0.915402598922286614E+01    0.558318801549671617E+00    0.168243724636688075E+00
    0.368768888823044967E-04   -0.119045615196228027E+01    0.264664284475637942E+03    0.434608941524379844E+00    0.910814535617828369E+01    0.188039630651473999E+01    0.422463572025299050E+00
    0.722811523470404815E-04   -0.289263895294136431E+01    0.669293442798579008E+01    0.189426998602078123E+01    0.920167166995726227E+01    0.124993644566404738E+01    0.602185438743278456E+00
    0.290448183510126753E-03   -0.563790784227084885E+01    0.139131881076698140E-01    0.241898057206376706E+03    0.917827972443536844E+01    0.162636437340810591E+01    0.525206637228768480E+00
    0.138891028329027338E-03   -0.492735954793944231E+01    0.338653559708026075E+00    0.406886525095007926E+03    0.878609454324504746E+01    0.691007954306375627E+00    0.602004695743514895E+00
    0.170312497710956316E-04   -0.716387570999122314E+00    0.379678680777253703E+02    0.920740506469893560E+01    0.865306580734593211E+01    0.721162708296600896E+00    0.374380165644545793E+00
    0.434483717553698230E-04   -0.219757660190155457E+01    0.114385757945654177E+03    0.138271891395267055E+02    0.888444031609382634E+01    0.236931079449502624E+01    0.554191155775463740E+00
    0.301742824946578630E-03   -0.564868649695204983E+01    0.170390817288189778E+00    0.263770231999262794E+01    0.940445578376142777E+01    0.188225850621202717E+01    0.640775981129646621E+00
    0.755139197957191839E-04   -0.327478595736935674E+01    0.725758634640956801E+00    0.354256725414420631E-01    0.909573257707609883E+01    0.244842977527015027E+01    0.195406405730629534E+00
    0.129304098270226220E-03   -0.397901497385283909E+01    0.107580642644772029E+01    0.454794849844345830E-01    0.931142823865449998E+01    0.128635428848832145E+01    0.417662036415059834E+00
    0.156811942090710910E-04   -0.166763206328069985E+00    0.987452755521228369E+03    0.634239586796545154E+03    0.796521945194435688E+01    0.229083516905755946E+01    0.593674890706421321E+00
    0.592799165546983688E-04   -0.181331661562266611E+01    0.223191355650041931E-01    0.126566194928340128E+02    0.812295641669207669E+01    0.186544096108174373E+01    0.422331848473580518E+00
    0.134903555457345368E-03   -0.469363984102238874E+01    0.313242010779188132E-01    0.249329569092248349E+00    0.935827560777500977E+01    0.244843744129165453E+01    0.535047975061438863E+00
    0.495181830223590303E-04   -0.208868235373545730E+01    0.974085983509059977E-01    0.145341565951543261E+01    0.896689877516189604E+01    0.769314108081201820E+00    0.492371726703825785E+00
    0.142151121938343200E-04   -0.200694560451939008E+00    0.228464062939675028E+01    0.126969868799085816E+03    0.734207585789103412E+01    0.181793832243162501E+01    0.582762277782217897E+00
    0.164190285198439800E-03   -0.370245730460643596E+01    0.193146245282551838E+02    0.902048304697614656E-01    0.958061497476397861E+01    0.199800928581358783E+01    0.572527065760999099E+00
    0.252315803754863981E-04   -0.807026885922070281E+00    0.186803328685992739E+03    0.763683290323153713E-01    0.852973035054749928E+01    0.124856612042153059E+01    0.625329413193212780E+00
    0.577459808935163539E-03   -0.685725907896550346E+01    0.119665817464696997E+00    0.430547113421364429E+02    0.945504601375463949E+01    0.173835978769094046E+01    0.592516288383100220E+00
    0.162536010585922564E-04   -0.519118363801920224E+00    0.103794618637350453E+03    0.294535593387469241E+02    0.852816963341022927E+01    0.212016396872101742E+01    0.476469224526264723E+00
    0.641351262118557266E-04   -0.283480661252778043E+01    0.443490495201368240E+00    0.524884426416186216E+03    0.867273843946525780E+01    0.686371400185802782E+00    0.248557004940239301E+00
    0.356541231227371248E-04   -0.156016119018966282E+01    0.363635787841204206E+03    0.495073780158202737E+03    0.900012221998731121E+01    0.643472083229229774E+00    0.349596965957032935E+00
    0.227314841826508173E-04   -0.954548742301325026E+00    0.559630223209779842E+00    0.189112121323904532E+02    0.831044753679517889E+01    0.247757577441228749E+01    0.586761663035154979E+00
    0.236925569826008894E-04   -0.329663522790946573E+00    0.117425878483334102E+03    0.845404996986235346E+01    0.740861825981523658E+01    0.231026512414504737E+01    0.649651122150886495E+00
    0.155348490436477227E-04   -0.292824969953558056E+00    0.114761587736393292E+00    0.182698830355187414E+00    0.788405172817160960E+01    0.173487573930365818E+00    0.180244709504788381E+00
    0.271986111871186388E-04   -0.114191526069347127E+01    0.142693439004295697E+01    0.896351905379422931E+01    0.802482519150260387E+01    0.220347423477000381E+01    0.423971429418180890E+00
    0.161796721611802072E-03   -0.471032293480985231E+01    0.467822844351508838E+00    0.480946599621874388E-01    0.951954732997285902E+01    0.741063087256843139E-01    0.356293524731810085E+00
    0.758142839670676095E-04   -0.287523610031063015E+01    0.115975717543112449E+02    0.394127467932880364E+02    0.893092875656854446E+01    0.188033412438461456E+01    0.472744797837707176E+00
    0.144598664961075332E-04   -0.919211953533885961E+00    0.311596065046769525E+03    0.100836317798905662E-01    0.882617370294908277E+01    0.121014983945748333E+00    0.130706934466150337E+00
    0.113618369708419839E-03   -0.418735357857075119E+01    0.804048648208466972E+02    0.149626751084270526E+01    0.933300642650516465E+01    0.608747676149165362E+00    0.674241276324951788E+00
    0.590712975340971973E-04   -0.236163884695468296E+01    0.303910025951097289E+02    0.124823640245269887E+00    0.919322809654435957E+01    0.113094719364675211E+01    0.559051563605749813E+00
    0.562482750506305336E-04   -0.287242657289735615E+01    0.100197830163911809E-01    0.132370729676080962E+00    0.877757278195086954E+01    0.993851873851870793E+00    0.492199440496804974E+00
    0.118413965723632294E-03   -0.414909578516476607E+01    0.158259868634793750E-01    0.620048774241351452E+03    0.863244622032154574E+01    0.954112062944269951E-01    0.578419791464240940E+00
    0.274639041767651143E-04   -0.138527619610903541E+01    0.415498140437033703E+00    0.915852967477988955E+03    0.813672555100583139E+01    0.118612345407813891E+01    0.322356464958347855E+00
    0.815104825193017305E-03   -0.742771453648957980E+01    0.613233429613139980E+00    0.384707394053204496E+03    0.923241336920015243E+01    0.643652992973135496E+00    0.655324864593052947E+00
    0.160935379983686053E-03   -0.479172528802283537E+01    0.273646605753323446E+00    0.307813431034348866E+03    0.939286501376983551E+01    0.133736709575383284E+01    0.172142508533607824E+00
    0.212382818291533898E-03   -0.547294724591644766E+01    0.524550521179941276E+00    0.424894290946222153E+01    0.919952259830188801E+01    0.406219339763249199E+00    0.662125969375150003E+00
    0.159671679389700540E-03   -0.532393347819558649E+01    0.901804322056085716E+01    0.149103871132668331E+03    0.891079362148183307E+01    0.147766669302869214E+01    0.650548363386606820E+00
    0.103011770089276466E-03   -0.340431340150152995E+01    0.964384673627901590E+00    0.647828442876306632E+01    0.879419803229131425E+01    0.420876563771713341E+00    0.357503171875584558E+00
    0.257582034604686061E-04   -0.154837443259586571E+01    0.147983549199785870E+03    0.589565400333682890E-01    0.878050354527400501E+01    0.761914445364043208E-01    0.561516143932389244E+00
    0.155603098995370421E-03   -0.494383676483358148E+01    0.947570719151850649E-01    0.864100931958302453E+03    0.942115642841903522E+01    0.683892323175792183E+00    0.141426951166423287E+00
    0.232741380790205045E-03   -0.498384721574771294E+01    0.929180251258179766E+02    0.815588750048717230E+02    0.924303715438235152E+01    0.156208889326694544E+01    0.613537023210463772E+00
    0.184679883769433108E-03   -0.512385896353043613E+01    0.892391715369789296E+01    0.466005321041262999E+01    0.925551797567645451E+01    0.768836199446994994E+00    0.626345582773927378E+00
    0.335926072622116527E-04   -0.152600516383429019E+01    0.196781603633248494E+02    0.119200420058279107E+03    0.891312583127049862E+01    0.751107629265936216E+00    0.367677372942750602E+00
    0.189223203989132749E-04   -0.102115663739258156E+01    0.342743763235176715E+02    0.782278888336445655E-01    0.869437074394877207E+01    0.132020678668595348E+01    0.613915028309324207E+00
    0.128443635412367176E-03   -0.468944907188415527E+01    0.191945042141092419E-01    0.763221531302896439E-01    0.938382339477539062E+01    0.111869931221008301E+01    0.617542976140975974E+00
    0.170702063658570582E-04   -0.554058316364908876E+00    0.132271867009966968E+02    0.244490735814767296E-01    0.884770063029537646E+01    0.226969339954207427E+00    0.470608342254063006E+00
    0.672644573894485800E-04   -0.236960787241311310E+01    0.293030070921987885E+03    0.129222545734071281E+01    0.910054243192481138E+01    0.861847146268511555E+00    0.540012155809041605E+00
    0.489133646361433866E-04   -0.282379756088240175E+01    0.805517203480172195E+00    0.559984297713579959E+01    0.923863875692789094E+01    0.168316708394509051E+01    0.199967519219185208E+00
    0.309034327397200736E-04   -0.135345889764215066E+01    0.541367147831828035E+02    0.109360423617800184E+01    0.894367265996508998E+01    0.231962122897291442E-01    0.639058830198064753E+00
    0.141939271929310203E-03   -0.405003938707203570E+01    0.125417035433720048E+01    0.112480772157294937E-01    0.966411099831846876E+01    0.207982182218139267E+01    0.200850364496781231E+00
    0.279772071987083955E-03   -0.465796923781635730E+01    0.147782476405842601E+03    0.954923623320578372E+02    0.883126684422767383E+01    0.162012578315934830E+01    0.602461966847923747E+00
    0.334289455855971403E-04   -0.146466717196399832E+01    0.531390494226721757E-01    0.169247025703139570E+03    0.738064159634230599E+01    0.163713359531821867E+01    0.642225722871411664E+00
    0.141529827395091425E-03   -0.449122466929800801E+01    0.127041500343694587E+02    0.111698421217474475E+03    0.891211036270438761E+01    0.237227597503717647E+01    0.596470980724895350E+00
    0.226562890184923635E-03   -0.489398192416908451E+01    0.298288392146793743E-01    0.115234043024235386E-01    0.958316067892658729E+01    0.200876311372700611E+01    0.402716952351054092E+00
    0.542162039020294338E-04   -0.321925111897945548E+01    0.582895321048602644E+00    0.583213845643981640E-01    0.896172883119509223E+01    0.292738710892220394E-01    0.286659743026276170E+00
    0.244509443710756173E-04   -0.153609936824891746E+01    0.410578607957227248E+02    0.298381830389868263E+00    0.863034238750735483E+01    0.580733888119023711E+00    0.662495161682941647E+00
    0.227800185456419496E-04   -0.107255615856612874E+01    0.478833384139949700E+02    0.176659747930726326E+03    0.877005047580111174E+01    0.839885350041324141E+00    0.382622758798407903E+00
    0.566857466624328407E-04   -0.300957768057837205E+01    0.358964146654076555E+00    0.148984491384170897E-01    0.932443851509380828E+01    0.174687903509454090E+01    0.453122635026886100E+00
    0.216541897712642239E-04   -0.554363054480438211E+00    0.470124032038096232E+03    0.209326827102469025E+03    0.883401501866523198E+01    0.125882878762899808E+01    0.257280572623845960E+00
    0.545114743034510140E-04   -0.261579661927090967E+01    0.436811709375489299E+00    0.749866739670354576E+02    0.904417619297056774E+01    0.110013770758390006E+01    0.344402115889401339E+00
    0.190734883344802572E-03   -0.495958557775412068E+01    0.824445695368262399E+00    0.148202033504731617E+03    0.944375868389262507E+01    0.160670101213522054E+01    0.308796346305543312E+00
    0.479292322487534064E-04   -0.255982411840558033E+01    0.305839461077980657E+01    0.157741249522778677E+02    0.908442075396913218E+01    0.235714353202394777E+01    0.242501253429051516E+00
    0.208214694587972827E-03   -0.518424162713026160E+01    0.575458004618932040E+00    0.239010535223049843E+02    0.931259926601562782E+01    0.657990127764580768E+00    0.416178146726867704E+00
    0.171733350375130849E-03   -0.524311857438620343E+01    0.158953148004160577E+00    0.115447205339788354E+03    0.928267949225377009E+01    0.114462705089662298E+01    0.551860378962306330E+00
    0.621503640667125202E-04   -0.286059262708018114E+01    0.174090461759370840E+01    0.377536370366370164E+02    0.887748448967320769E+01    0.168170645918344785E+01    0.277615304033184573E+00
    0.101006047342323057E-03   -0.330230989777079298E+01    0.263568558627520266E+01    0.910736636213711898E-01    0.914835930212492521E+01    0.908778010392588209E+00    0.575856027750839106E+00
    0.325565737488100364E-04   -0.162386356520174324E+01    0.342446651453522691E+03    0.451996966348325259E+03    0.866373941819668048E+01    0.166303389798129908E+01    0.529576180343311331E+00
    0.111239725486403886E-03   -0.451697900018752563E+01    0.443990883698199001E-01    0.513995009951071946E+01    0.949683795310927614E+01    0.226236808116338484E+01    0.120675673226487021E+00
    0.316281433323590934E-04   -0.197869725083949577E+01    0.115879107018313050E+02    0.839089724359243583E+01    0.896620973419458878E+01    0.216952509924099779E+01    0.569572931532811522E+00
    0.110506267265968406E-03   -0.449933404142637805E+01    0.200073790616080924E-01    0.961546599494245591E+01    0.927169900628139132E+01    0.148812868463385678E+00    0.140214532415169901E+00
    0.282393471094087329E-04   -0.102446039240584397E+01    0.396162950308870023E+02    0.550531504836892395E+03    0.883606166727457421E+01    0.171205670718867475E+01    0.386931294630699973E+00
    0.820912692545538850E-04   -0.302981862968740634E+01    0.287072272443828282E+02    0.164827014802170421E-01    0.922904294748838439E+01    0.200222656513960384E+01    0.630469271487750449E+00
    0.124535012268460888E-04   -0.627685860354742164E+00    0.974768474956797804E-01    0.144943893106101507E+00    0.800315264767443679E+01    0.264757058352523167E+00    0.199858465106597216E+00
    0.636330743287138843E-04   -0.297053768988748468E+01    0.252987961075722145E+01    0.130407143730946984E+03    0.918793612576982888E+01    0.522664975099137341E+00    0.198070257301303565E+00
    0.242857961737119219E-03   -0.553389767212473682E+01    0.855703545630026735E-01    0.657888265086974933E+01    0.917625783935629791E+01    0.164996431108037966E+01    0.668824962935208878E+00
    0.156983080392837621E-03   -0.530981197069532396E+01    0.912034362770067553E+01    0.115185718939175086E+02    0.927678425841973286E+01    0.159554948806925401E+01    0.627472975103692931E+00
    0.375983565076221582E-04   -0.213803141836691202E+01    0.172464176952044135E+00    0.157990346516018482E+00    0.862447855182878165E+01    0.224570487160333210E+01    0.237105509667588421E+00
    0.704574460312701523E-04   -0.306934393979022335E+01    0.116020119330776073E+02    0.251780498558663254E+03    0.916715748296090815E+01    0.164804694758219106E+01    0.506626912550018571E+00
    0.132112020875617300E-03   -0.418346844013645391E+01    0.237760962978924711E-01    0.278009539478729328E+01    0.936367401268519828E+01    0.876679390823121296E+00    0.273489845435129109E+00
    0.302996685647897139E-04   -0.147097217889913878E+01    0.333612160311924356E+03    0.302418523029876205E+02    0.870651564013146562E+01    0.161677008789170329E+01    0.521736244416453054E+00
    0.215615711772437757E-03   -0.413977146148681641E+01    0.733144149916912347E+00    0.549302680698640870E+03    0.904566395282745361E+01    0.149898111820220947E+01    0.391449910402298040E+00
    0.106396085771607077E-03   -0.419848227766138304E+01    0.226969363800887169E+00    0.447771099912691151E+00    0.950195978529013985E+01    0.247184509696954935E+01    0.137702474617908271E+00
    0.275276660027514927E-03   -0.603310170618517816E+01    0.365674642960937379E+00    0.285254508549956611E+02    0.915410023455489430E+01    0.680599089071573404E+00    0.656168053771229665E+00
    0.227769603100183706E-03   -0.488431795654059453E+01    0.132471190857745679E-01    0.656576297184172475E+01    0.947736562098905466E+01    0.993411119617191973E+00    0.212416919377878710E+00
    0.111849351031655694E-03   -0.441462031306080771E+01    0.109224370070151089E+01    0.157664383626989674E+00    0.949165022551169280E+01    0.206404728576950269E+01    0.694863204247294308E+00
    0.381649788620671564E-04   -0.181579581433224502E+01    0.204695265113120292E-01    0.221880536505299686E+01    0.829449728470697423E+01    0.197097840083967712E+01    0.398149243924954543E+00
    0.159252574365666925E-03   -0.449470368202637882E+01    0.183779325715409426E-01    0.340084885660832015E+02    0.892120471765882250E+01    0.223992201820006925E+00    0.620012927769299060E+00
    0.326225175879064216E-03   -0.576885030293717715E+01    0.498057386386456713E+02    0.686315330600878752E+02    0.917340150413976119E+01    0.132696926928962755E+01    0.642363089506008955E+00
    0.912391719407018142E-04   -0.273603858725377469E+01    0.411988101948424212E+01    0.133573667904192100E-01    0.945633491825944184E+01    0.167267361125570746E+01    0.420090347972038924E+00
    0.164875271966298694E-03   -0.532394440787925216E+01    0.817816459742365942E-01    0.552920103422287298E+03    0.931663731021712316E+01    0.150118627014206285E+01    0.491039173831505082E+00
    0.164994057145533029E-03   -0.466589290531657319E+01    0.129038489214995433E+01    0.208520195724356894E+01    0.947064453755935887E+01    0.190346756199670208E+01    0.454311060755875462E+00
    0.283832068566202110E-04   -0.447275061028206966E+00    0.340569798387501330E-01    0.963521204257379082E+01    0.761355420990675569E+01    0.651982007947957243E+00    0.450447659601736716E+00
    0.282676730375815778E-04   -0.601257731777153498E-01    0.112954155684939668E-01    0.714127393755988882E-01    0.865720271361286819E+01    0.200799243052089604E+01    0.502248480050732193E+00
    0.157780639327897945E-04   -0.951509475708007812E+00    0.203167722407878934E-01    0.156093224199737165E+03    0.803913640975952148E+01    0.168913513422012329E+01    0.263385450839996316E+00
    0.138460186368841748E-04   -0.737924164246759107E+00    0.764459941080120444E+02    0.435617023088457900E-01    0.853330261844120841E+01    0.647209234607689421E+00    0.662975483303900437E+00
    0.353220506853528654E-04   -0.194472908623798535E+01    0.911907061492659210E+01    0.296187946995477773E+03    0.899627033479595362E+01    0.151417265606318407E+01    0.389752261664315425E+00
    0.144286144491031885E-03   -0.463807735371069541E+01    0.799894591563376167E+01    0.312660186648795275E+03    0.907966402828483865E+01    0.397691988073693770E+00    0.558566337603143781E+00
    0.753719911535101033E-04   -0.273272126131237014E+01    0.100497049777622340E+02    0.254848037184247033E+03    0.895936912984725708E+01    0.114540237341865891E+01    0.441122543422351909E+00
    0.300707589684999031E-04   -0.265416289749910994E+00    0.402607182972115674E+00    0.263688908102864916E+01    0.775179408297994943E+01    0.107052880961296104E+01    0.421797781905003277E+00
    0.151567219529089766E-04   -0.136833215785440721E+00    0.274788420915982385E+03    0.895126824384642532E+03    0.836136898055694822E+01    0.219256887578124049E+01    0.501734202423884001E+00
    0.774876841161926353E-04   -0.284558065552291284E+01    0.120241549732919140E+01    0.538152829613942799E+03    0.879741190327846745E+01    0.791439542826336662E+00    0.282652139643385092E+00
    0.268110325948562079E-04   -0.625319207373406849E+00    0.241047576477433564E-01    0.422101161496000188E+02    0.844738292586592543E+01    0.652964271728186718E+00    0.406265234305370315E+00
    0.110047893190011508E-03   -0.398943366873312666E+01    0.364808910217618498E+01    0.459082788624731908E+01    0.906659972009775217E+01    0.118016259610832633E+00    0.496632236718854259E+00
    0.104423510950463295E-03   -0.372247930073445232E+01    0.481370804400145680E+01    0.992431319867960156E+02    0.930556287259448389E+01    0.102366802707389493E+01    0.400699491621818837E+00
    0.905611225303637875E-04   -0.344136249055634780E+01    0.221800306964782834E+01    0.118136668326987344E+02    0.847671386388495307E+01    0.157895404676379170E+01    0.603741975133808118E+00
    0.147319893846072791E-03   -0.491992948024755528E+01    0.715172783758495217E-01    0.134855068286612351E+03    0.877437565609059078E+01    0.154077390855581142E+01    0.685508174439051987E+00
    0.109101258913691157E-03   -0.372620342840404684E+01    0.107550744478783974E+00    0.433326691199025220E+03    0.908910058593209413E+01    0.954938619690114177E+00    0.146990369361558876E+00
    0.428369302312893107E-04   -0.183225304545529166E+01    0.926680385919641386E-01    0.225558131270969975E+01    0.822380097585254610E+01    0.234391049979567168E+00    0.531694659383748380E+00
    0.964180017554892112E-04   -0.369842455212437660E+01    0.251651286762786079E-01    0.553398300347491157E+00    0.908912298324318968E+01    0.165905139836959892E+01    0.173485490952449695E+00
    0.604389217900063989E-04   -0.315902307614511546E+01    0.904408692908883793E+01    0.254240615220194321E+01    0.918302112990566144E+01    0.973135436018745970E+00    0.529433449714072690E+00
    0.282556260812665352E-04   -0.125410477035300416E+01    0.326759189366161662E+00    0.212685218150962335E+00    0.830708958730603264E+01    0.387586965246164705E+00    0.216053009040870964E+00
    0.132302930981817762E-04   -0.276095827747350371E-01    0.133862810951822723E+03    0.291312435132550831E+03    0.873314768336314273E+01    0.134352816006981657E+01    0.289066366389732987E+00
    0.419852884014795954E-03   -0.481443952507477135E+01    0.145020240175133680E+00    0.182863577013781828E+02    0.938088923807073094E+01    0.302774736121387777E+00    0.380199742790956918E+00
    0.430561965317578910E-04   -0.211391791806785889E+01    0.120286406625646936E+01    0.566569426952074878E+03    0.887283191553351180E+01    0.241361963088606002E+01    0.116148060060919225E+00
    0.792660350223364812E-04   -0.324576831548734646E+01    0.277267265078797065E+00    0.681847231556090699E-01    0.902606466618109771E+01    0.944214812006558324E+00    0.242918622690276226E+00
    0.242937672222572415E-04   -0.125688470832447363E+01    0.541536346002793254E-01    0.516973742197559399E-01    0.827454499545246591E+01    0.379236641862567003E+00    0.675292459839097803E+00
    0.972844283372159015E-04   -0.430891328764577519E+01    0.456150881698433944E-01    0.371680809708931505E+02    0.871057929674913112E+01    0.692583274470719990E+00    0.586570581953513526E+00
    0.378367678851303138E-04   -0.104686785775371738E+01    0.581992267842396416E+01    0.906661974804686999E+01    0.897579753803418612E+01    0.507280279401897904E+00    0.319705036236047180E+00
    0.396877783157260927E-04   -0.164007128810042024E+01    0.271013044729604019E+03    0.114086696874092872E-01    0.889544357850148693E+01    0.133747284743248240E+01    0.626225120941021784E+00
    0.226724501231543690E-03   -0.493948526187286152E+01    0.594548092539850437E+01    0.944076927657657023E+02    0.908892744228258742E+01    0.763413018235718388E+00    0.553567054594185093E+00
    0.165488549708635584E-03   -0.468361382212799171E+01    0.186095889595450543E-01    0.213768525865065673E+01    0.928364412723514754E+01    0.998976435884176173E+00    0.398441906126365097E+00
    0.116445420360999211E-03   -0.402816116809844971E+01    0.121472580940694425E-01    0.861482752131538243E+00    0.920918238162994385E+01    0.232941612601280212E+01    0.157657825946807884E+00
    0.601871810295091371E-04   -0.258562210665123704E+01    0.157160516776457572E-01    0.209321469214732446E+03    0.835439590023880818E+01    0.485217308890123711E+00    0.461778280248277162E+00
    0.520029528703976247E-04   -0.318924511429912005E+01    0.579688279520925789E+03    0.918072004692005947E+02    0.882337617181914169E+01    0.185377904146284167E+01    0.665254821672512153E+00
    0.326744768096225852E-03   -0.572020232187880229E+01    0.634326172662915966E-01    0.455291922363793802E+02    0.899038857595320984E+01    0.844114460959478841E+00    0.657832140169055890E+00
    0.444968080965887924E-04   -0.175503808051554344E+01    0.368414216121699167E+00    0.150445090208780857E+00    0.855554804334038899E+01    0.170120418518281835E+01    0.473282066364825615E+00
    0.389727642323811128E-04   -0.141809892076004673E+01    0.172265413207396190E+01    0.687010075888632059E+02    0.872602223123190512E+01    0.107606780456006978E+01    0.123466179015310082E+00
    0.119961892398455410E-03   -0.426166504993511808E+01    0.694699751635719509E-01    0.649895729404655640E+02    0.917947500155435669E+01    0.259149330038632109E+00    0.281503628331459366E+00
    0.133059454923310673E-04   -0.230198723371504710E-01    0.518129971163679244E+02    0.450283203550632949E-01    0.859636591043839005E+01    0.136082808048270353E-01    0.160766293996391252E+00
    0.120698183628175262E-03   -0.389794074414561864E+01    0.253265779277302566E-01    0.632842521886702798E+02    0.923046984734416043E+01    0.264217622978606015E+00    0.259090066745769620E+00
    0.229473313711548360E-04   -0.740296456745533793E+00    0.301753374497871485E+00    0.219523857722758997E+01    0.788725338656222164E+01    0.100393602793113201E+01    0.554303196725593472E+00
    0.482127681995309361E-04   -0.205774825005811612E+01    0.746495645801087515E+00    0.143186829100902996E+00    0.868583761157424661E+01    0.126487831312737131E+01    0.484783376653972864E+00
    0.175573109842080961E-04   -0.261348840225004916E-01    0.863611604275939548E+01    0.125423822003154356E-01    0.883882239495465782E+01    0.934461641330466164E+00    0.337837883901766112E+00
    0.102690587287954793E-03   -0.412431033078062192E+01    0.323299216581036775E+00    0.973228666011997916E+02    0.930977098969724004E+01    0.240700813982481820E+01    0.153708455876249567E+00
    0.611845744384523200E-04   -0.196606728618235849E+01    0.402092034311863980E-01    0.181744523345408950E+02    0.905626992192609492E+01    0.177105739016687447E+01    0.161091779117511658E+00
    0.360031802634617104E-04   -0.140931422298918441E+01    0.765533516529327471E+02    0.211445839661085188E+03    0.881499742977330847E+01    0.181461189785629667E+00    0.431250656383840525E+00
    0.245967741761032952E-03   -0.571143154092825789E+01    0.161375804793042338E+00    0.267177406547956082E+03    0.916432605676224910E+01    0.190287451751391901E+01    0.618171065320357926E+00
    0.889077797971470692E-04   -0.402632444621675667E+01    0.416118260823245767E+00    0.211237092865865297E-01    0.940382976597595288E+01    0.159538572898918085E+01    0.639902306532055265E+00
    0.289336572592409687E-04   -0.125951097940322909E+01    0.220475365735406514E+01    0.216666627081352203E+00    0.841707712948443287E+01    0.429746612600254263E+00    0.561747960806106561E+00
    0.134377066741928666E-03   -0.343456437298887085E+01    0.514773492180298886E+00    0.100878660436699477E+03    0.868881077645072963E+01    0.509120154502131703E-01    0.481508892524217913E+00
    0.392086657689347549E-04   -0.258454877587162102E+01    0.135269843855154708E-01    0.187567336277902008E+00    0.876437465344063860E+01    0.247662001113208463E+01    0.120475622255424741E+00
    0.101516409721065854E-03   -0.432963644451782681E+01    0.304913816363838528E+02    0.118161174072916655E+02    0.885755917663426473E+01    0.124807857905088171E+01    0.687224267401350120E+00
    0.188963761812983627E-03   -0.434786989629108866E+01    0.131801673511388971E-01    0.300233371943448013E+01    0.913819105568485668E+01    0.229515263301467126E+00    0.429525453126091250E+00
    0.419724379498232218E-03   -0.526763058924888661E+01    0.532467967766339800E+01    0.289031614979320523E+03    0.929998979227881684E+01    0.232501404527633326E+01    0.519827488868971122E+00
    0.621030921800904767E-04   -0.279761615053841295E+01    0.219140228508026919E+00    0.234291154504658863E+03    0.915575772348527295E+01    0.538671100456785124E+00    0.127899013201211442E+00
    0.136906162920048688E-03   -0.424135087461541538E+01    0.732011664137304785E-01    0.420569887483452476E+00    0.933479061732003501E+01    0.109363400790442222E+01    0.663425037876350987E+00
    0.122360917509479079E-03   -0.416283485718212365E+01    0.102063183251414480E+01    0.260886376864596103E+01    0.903042108205880290E+01    0.203005703968079088E+01    0.649798375216750657E+00
    0.612340260620936082E-04   -0.352262024749312630E+01    0.243749082844916740E-01    0.788222042705634451E+00    0.893612017302706363E+01    0.115370782406094677E+00    0.392070759441007999E+00
    0.196920649975631218E-04   -0.318523489248747960E+00    0.410163270963990689E+00    0.150634994551191670E+00    0.800361066593613302E+01    0.216119095537100320E+00    0.428443178876496411E+00
    0.312696440453755312E-04   -0.165215934536752340E+01    0.282674879232546472E-01    0.163646953625499748E+03    0.827974675217063094E+01    0.143796669985392334E+01    0.297746670842252315E+00
    0.125807255190029071E-03   -0.395626110266491304E+01    0.183732713788799761E-01    0.193279664839672316E+01    0.912389747304046494E+01    0.244511939112638421E+01    0.300718028060598941E+00
    0.113734506867968000E-03   -0.357468892931577553E+01    0.345882790035740018E+00    0.842968411882964652E+01    0.904120397193713288E+01    0.203259185733933290E+01    0.552623657715161420E+00
    0.897843823095168279E-04   -0.392138710092053255E+01    0.564390858593227573E+00    0.402821717863952808E-01    0.941057471079309771E+01    0.214241429253123350E+01    0.622514104963867387E+00
    0.139801438827469397E-03   -0.464788846256172494E+01    0.127467644969361839E-01    0.833242682238543608E+02    0.920273365258313980E+01    0.768128111292833315E+00    0.438017978167206334E+00
    0.683800310077806590E-04   -0.327402977500590664E+01    0.156313630536192641E-01    0.295719105078200473E+01    0.883573205429823183E+01    0.218668044750846846E+01    0.306262112884135684E+00
    0.100432661759103749E-03   -0.287158549913944849E+01    0.158252417460712530E+00    0.537241221937828750E+00    0.890196121643428029E+01    0.184814778543183045E+01    0.322215390226524345E+00
    0.656184918612917888E-04   -0.289993179199495632E+01    0.232521095428652913E+01    0.105741725669959749E+03    0.863437811786371689E+01    0.175496795264632632E+00    0.443890923521229053E+00
    0.976231914754341514E-04   -0.335379922492384619E+01    0.778223985286336415E+03    0.450443270917160987E+03    0.851105726976251020E+01    0.266956261400518813E+00    0.637468540893982749E+00
    0.401004803191773546E-04   -0.217957724020871879E+01    0.686422157575932834E+00    0.405731035910906535E+00    0.908333569524605799E+01    0.113701058158978263E+01    0.633297272794223765E+00
    0.177492217716543674E-04   -0.669873770956903036E+00    0.993949806232216702E+02    0.165730486832030408E+02    0.866987511430965618E+01    0.243966345991884559E+01    0.530343402272286046E+00
    0.134438999740820608E-03   -0.443192655818608383E+01    0.126146541537090789E+00    0.877764070450393660E+03    0.915787585721436415E+01    0.959880163503126438E+00    0.511371712594737904E+00
    0.414996092071038682E-04   -0.192498581967670734E+01    0.114039881720101946E-01    0.603357303868558570E+00    0.852305939835045479E+01    0.169585934098807867E+01    0.184305787775971786E+00
    0.115916497665898081E-03   -0.342188372376547312E+01    0.679034616286502746E+00    0.310172383738269104E+03    0.898098002091353464E+01    0.325749328478296463E+00    0.268971346302364633E+00
    0.209087373540771359E-04   -0.715339398610534416E+00    0.106716259186778323E-01    0.475499910221617995E+03    0.791021581403004514E+01    0.673775702984788061E+00    0.321076154100367384E+00
    0.761175410756513278E-04   -0.333966168076684689E+01    0.229048844094784168E-01    0.228596823147378114E-01    0.935083752166177362E+01    0.226418860005641998E+01    0.508910924684522370E+00
    0.188671425209626159E-04   -0.667717220468875383E+00    0.173050461243970460E+03    0.153764280244144350E-01    0.872778410949526773E+01    0.115819450056687656E+01    0.599269556048709129E+00
    0.187410870531817906E-04   -0.142134766621459727E-01    0.249237165649270551E+02    0.110429721869477210E-01    0.874741255838198306E+01    0.171384678185142447E+01    0.477808490248037621E+00
    0.101092690598717441E-03   -0.399000107983083607E+01    0.396443404084483100E-01    0.103462836591667356E+00    0.941840505940992934E+01    0.237807628028620677E+01    0.102945503209688163E+00
    0.172301579618881567E-03   -0.522114677163282170E+01    0.154141555604406449E+03    0.296940890001796944E+02    0.866248849837202606E+01    0.160737820071291915E+01    0.709275014042337060E+00
    0.115891483568396391E-03   -0.350083328993549525E+01    0.168868166673287234E+01    0.356918211537982366E+00    0.941880569083775754E+01    0.163690231997913238E+01    0.546992573396581472E+00
    0.275200949352556889E-04   -0.817296647909939611E+00    0.674716468960822340E+02    0.525548867846912685E+03    0.869761803462437832E+01    0.813229139950274571E+00    0.418847117490127374E+00
    0.409853932773281921E-04   -0.158484289780777909E+01    0.270059172139738790E+00    0.280299827299475501E+00    0.902747965929011542E+01    0.230934899614097988E+01    0.558248498476477062E+00
    0.315775136402840864E-04   -0.167539675991322001E+01    0.112844734096942911E+01    0.295810719759054160E-01    0.909268600429087570E+01    0.151564522022547110E+01    0.492299888036095146E+00
    0.191454425800107088E-03   -0.511018893217996428E+01    0.643102337530770840E+00    0.735715591396884321E+02    0.898864056416035240E+01    0.211182936376176578E+01    0.597469119018329442E+00
    0.723350881653012361E-04   -0.345441752973656246E+01    0.439133370521451322E-01    0.404982133534498079E+01    0.903125800634168385E+01    0.101464970014398537E+01    0.107709340987522509E+00
    0.258919537026247126E-04   -0.648008959051597944E+00    0.821041993571577144E+00    0.163373840372791866E-01    0.825686210210567850E+01    0.116177812676573256E+01    0.544838382753441097E+00
    0.104993699803964007E-03   -0.362123505098247156E+01    0.317811470899522150E-01    0.271879710003612818E+01    0.912808058954011514E+01    0.136683902624269638E+01    0.103164167844892213E+00
    0.346944333130362058E-04   -0.133215790355686625E+01    0.854026297381374633E+02    0.455733786438472954E+01    0.813550203548356876E+01    0.243823417112456076E+01    0.654870621981346601E+00
    0.580119117150373868E-04   -0.295240040861895636E+01    0.401907297649413842E+01    0.154584931912942741E-01    0.920849757534422508E+01    0.240443180373647358E+01    0.610391216187170516E+00
    0.105865591444506506E-03   -0.449021482802102145E+01    0.574601016037867174E+00    0.475016280887330744E+01    0.900602489148195673E+01    0.301998028277577324E+00    0.638104176298208592E+00
    0.474010638929993938E-04   -0.165912623084468525E+01    0.109897416765812650E+03    0.277185188052436899E+03    0.855968874652136158E+01    0.167575973615664697E+01    0.618556458872687953E+00
    0.509857714106711542E-04   -0.203886566398521119E+01    0.136430635676988432E+01    0.453722847909210691E+00    0.922841347155541847E+01    0.137118545357701493E+01    0.205042718079312680E+00
    0.131343210001657576E-03   -0.413430391218313620E+01    0.141091431901845723E-01    0.111855049876600687E+01    0.939482475433301367E+01    0.235279339930668119E+01    0.121534112852039286E+00
    0.695916381540621372E-04   -0.281487430011660766E+01    0.166720524507794532E+01    0.144500789541720298E+00    0.910163238319179513E+01    0.144640912078307382E+01    0.401471634696698887E+00
    0.283461587731836224E-04   -0.112196913361020889E+01    0.550206186669674246E+00    0.117291687286015622E+01    0.814580420026354801E+01    0.602387138359092633E+00    0.571945840793535276E+00
    0.859517769606473944E-04   -0.381655905700586828E+01    0.473447351643149494E-01    0.150961482963733862E+01    0.925095050012455822E+01    0.185140479810327285E+01    0.515603459977736489E+00
    0.665643054120563577E-04   -0.336655767878998624E+01    0.139003621302762381E+01    0.536458913911419621E+01    0.918309182015418735E+01    0.745312229146509297E+00    0.247366779522174396E+00
    0.164280729895586292E-03   -0.549183411928686738E+01    0.186353691401847876E+01    0.337948833635654182E+03    0.896414608397631518E+01    0.221264136485022789E+01    0.687113455719613242E+00
    0.667619504110273374E-04   -0.331274001716070954E+01    0.213913746706847430E+00    0.281940854655778166E-01    0.907417756823914878E+01    0.385502799106105576E+00    0.155993172599551588E+00
    0.505632148523247913E-04   -0.262455176519783517E+01    0.140016863334664413E-01    0.564464948116759668E+01    0.833756309751212044E+01    0.684475965711572876E+00    0.598661699875981612E+00
    0.191236428345914087E-03   -0.489980099583519113E+01    0.721931728793404615E-01    0.151164954837658314E+03    0.913447541041272970E+01    0.110787671305862956E+01    0.552602163024314308E+00
    0.801629080686570888E-04   -0.325790970178551698E+01    0.110262049155259878E+01    0.706315378775266254E+02    0.909310991663209478E+01    0.117852863169527547E+00    0.390542071974209537E+00
    0.608189017291534497E-04   -0.308950872598907722E+01    0.263799341687396627E+01    0.549804209820104077E+02    0.869265113041895177E+01    0.129476338858353435E+01    0.488501211718276651E+00
    0.760159699166719174E-04   -0.314662384116199689E+01    0.372898443121387410E-01    0.921636195065599240E+00    0.887969410703985673E+01    0.120866763493409080E+00    0.438825540184295870E+00
    0.195019928430985925E-03   -0.493044243352774458E+01    0.265917171069937952E+00    0.807592272277270951E+02    0.912041473834440453E+01    0.151798767698385495E+01    0.552911359818029857E+00
    0.487156553182367734E-03   -0.550659271144099094E+01    0.175242723148515402E+02    0.450867118442869312E+02    0.904885342423475691E+01    0.217429632621657021E+01    0.586699237732793422E+00
    0.150543236895656705E-04   -0.315438536821663840E+00    0.102760986291053040E+02    0.532068151694738845E+01    0.871553437292314825E+01    0.619411945056117741E+00    0.420064458638826799E+00
    0.571196862659690871E-04   -0.295593174272729575E+01    0.159123920734476565E+01    0.213785112657617304E+02    0.882090817731502064E+01    0.227863427183721479E+01    0.383776343044031631E+00
    0.496387819077189865E-04   -0.317088721223669001E+01    0.111086536885533462E+03    0.887867879644893065E+01    0.884138388673511955E+01    0.503787160319454475E+00    0.698948067016270658E+00
    0.744911986570908746E-04   -0.337704710384539553E+01    0.667659831140102883E-01    0.214669963991681381E-01    0.914164181808235732E+01    0.227113827614810715E+01    0.338544976898359051E+00
    0.191819418855464501E-04   -0.957071240345244822E+00    0.143038610319493964E+01    0.781757893196427212E+01    0.868001208911580946E+01    0.107387816556882942E+01    0.384822215933559586E+00
    0.266738128543632735E-04   -0.264637992681143797E+00    0.875969734029321656E+00    0.104479949318939688E+03    0.763568349489315601E+01    0.288597067570213861E+00    0.439335449012772883E+00
    0.443111475288018882E-04   -0.236764692529038134E+01    0.131882249775055749E-01    0.506291822794072246E+02    0.835379156752187413E+01    0.470188800379755023E+00    0.447047270295045984E+00
    0.581012729262058916E-04   -0.257189764169824020E+01    0.315075874174253479E-01    0.221370509385418890E+01    0.854198836882656742E+01    0.715761614964165349E+00    0.543026866273429776E+00
    0.467632076436603084E-04   -0.291624906331833289E+01    0.443773617294251688E+00    0.252812403743400450E-01    0.912915500996111184E+01    0.310074731732458253E+00    0.287675146873622389E+00
    0.185163338925941934E-04   -0.402878538986916168E+00    0.411348558066841985E+01    0.138164977730369110E+01    0.866940254604728722E+01    0.955974386442526969E+00    0.252071294426245096E+00
    0.681532877940395181E-04   -0.310425251852365047E+01    0.160556385660847761E+00    0.397358003342837947E+03    0.895288705014128183E+01    0.522759276967166175E+00    0.122935044624542134E+00
    0.116938788420234722E-04   -0.175178213052616133E+00    0.170065232825894280E+00    0.308885214324766277E+01    0.771974059651152800E+01    0.179361251900135854E+01    0.447489970867947506E+00
    0.112099027837957686E-03   -0.407419822833205014E+01    0.117783017389382228E-01    0.455060627226976511E+01    0.902800055485290365E+01    0.127966950509489608E+01    0.449844696899653451E+00
    0.844746813784517806E-04   -0.358496442340645372E+01    0.375536129125076043E-01    0.365212460676351325E+00    0.916137211531230911E+01    0.125961952033520896E+01    0.173154441026823036E+00
    0.105711702164853830E-04   -0.544994775191190023E-01    0.826047770477566345E+01    0.249371028602561218E+00    0.806075490884350643E+01    0.130474707923214783E+01    0.700849611202329470E+00
    0.700822975033147733E-04   -0.287637003517833989E+01    0.268051446753963842E-01    0.536620568521957111E+02    0.859714529955906492E+01    0.200937898316287322E+01    0.431235957754547261E+00
    0.240990924478171670E-04   -0.165625389548999502E+01    0.908270759066703848E+00    0.598178599724426334E+02    0.822739769092450501E+01    0.260732668185115701E+00    0.404041558647916910E+00
    0.415279704082052121E-04   -0.228036431764507697E+01    0.469195591758868324E-01    0.182035834588649248E+00    0.871749833963619736E+01    0.169811242276201968E+01    0.246013377144594536E+00
    0.414746963158268598E-04   -0.193573452965205806E+01    0.426858516659304854E+00    0.218856121251097250E+03    0.824919707645021916E+01    0.150579196034510465E+01    0.457424918077577569E+00
    0.146873208830247533E-04   -0.934481017802677227E+00    0.672645304041067327E+01    0.572053706680508367E+00    0.860055032551394838E+01    0.153262895142680905E+00    0.475474535807583476E+00
    0.495677349332334602E-04   -0.219006781902742409E+01    0.207452925243727992E+00    0.129648744983266784E+00    0.868448514421049822E+01    0.236848846933364027E+00    0.343488854937213040E+00
    0.625906906657705016E-04   -0.310029879556118493E+01    0.534715474968409432E+00    0.473319747170792695E+02    0.925143226741355917E+01    0.226813571379750689E+01    0.166552872878780955E+00
    0.154321154764152111E-03   -0.365848828683396743E+01    0.938449387823805492E+00    0.327712048453057392E+02    0.847319477165395796E+01    0.239766316007291236E+01    0.575153177688014328E+00
    0.595906613266098314E-04   -0.277569856394446690E+01    0.874287435807030500E+00    0.129257400283327023E+00    0.913576374333784891E+01    0.162312135241274469E+00    0.479831479452518805E+00
    0.406200470832420571E-04   -0.197207665067657612E+01    0.442817282428944539E-01    0.905130516998121304E+00    0.901795179556735604E+01    0.184262800815822159E+01    0.141565802890282477E+00
    0.396422762851747897E-04   -0.167512838569295353E+01    0.198173451487737087E-01    0.705890609444088796E-01    0.900815062429598257E+01    0.119027345237532600E+01    0.171962112327719435E+00
    0.129844931522693372E-03   -0.411834815552133904E+01    0.102136914516346308E+00    0.330503259967629717E+02    0.885908438668040965E+01    0.191372728061935926E+01    0.529413142959562877E+00
    0.760085131095546905E-04   -0.385389752109227279E+01    0.987483763349931709E-01    0.114009217791937019E+02    0.898339589699961216E+01    0.241776458894435731E+01    0.598813014240291985E+00
    0.149260051025119891E-04   -0.548094632044730523E+00    0.857214934766896477E+03    0.208769357693391155E+01    0.814387910523034719E+01    0.185563699787381853E+01    0.706646175965937373E+00
    0.803168829589885250E-04   -0.357449549523184285E+01    0.262345309713724273E+00    0.148622227297268921E+03    0.908848279639443746E+01    0.973297253492620085E+00    0.413190584680775186E+00
    0.992139193991636403E-04   -0.343547168453231011E+01    0.137427854472511797E+02    0.149254439968496766E+01    0.916080944120910878E+01    0.243467818605866659E+01    0.636535905201645602E+00
    0.184949404594842581E-04   -0.171044886557385534E+00    0.407680869300790061E+00    0.438801198886802690E+00    0.800610091678736069E+01    0.233713560579909041E+01    0.498338574757714592E+00
    0.782576581247482677E-04   -0.289539209071893655E+01    0.541559124575794137E+00    0.221185545936844115E+02    0.913419414795424700E+01    0.127776644536204276E+01    0.289324337907180595E+00
    0.734196549960348097E-04   -0.353815056453192378E+01    0.101563078208772774E-01    0.287502140984864485E+00    0.916575429856117374E+01    0.128656885160633960E+01    0.312163611524180706E+00
    0.658070659039132423E-04   -0.326911122059020220E+01    0.198171252330626955E-01    0.210481517456577222E+03    0.899001165759282728E+01    0.203132281500075740E+01    0.188017329507894626E+00
    0.631433546913425555E-04   -0.324662837221757661E+01    0.359965033085990593E+00    0.111295129577497542E+01    0.918646401500914145E+01    0.166775459003384552E+01    0.382148601347540140E+00
    0.607874662515907479E-04   -0.244493047807168251E+01    0.276107045194695688E+01    0.291072582364446775E+00    0.914978102858080078E+01    0.192588396200962264E+01    0.387510026899067550E+00
    0.701140429360506295E-04   -0.312906248490581529E+01    0.954407877758890022E+00    0.100608981726442698E+00    0.921502630981135695E+01    0.755188988819611495E+00    0.673353646742495648E+00
    0.176929487821435685E-04   -0.114342519856174385E+01    0.562358181045169547E+00    0.394372042443108398E+03    0.793040589543877150E+01    0.440946561688055211E-01    0.524398746863303011E+00
    0.216087162037279705E-04   -0.605725890647856646E+00    0.341598108878355760E+02    0.235855625584778274E-01    0.857184467879450729E+01    0.209677376493139800E+01    0.634383283179460689E+00
    0.490965027427446164E-04   -0.232694671042326595E+01    0.259462935324414612E-01    0.768290257164312948E+03    0.842651607600225461E+01    0.237384480803694720E+01    0.434776232737416612E+00
    0.205180043198623414E-04   -0.800067429814297792E+00    0.404128139071486192E+01    0.200059772397814424E-01    0.898683008951544693E+01    0.163040988922752295E+01    0.318315336334211718E+00
    0.176453815049472398E-04   -0.176408621567063217E+00    0.128233873020887151E+00    0.143228172969050348E+03    0.846963219488836927E+01    0.641221848379645576E+00    0.243709401912236251E+00
    0.325265766661724621E-04   -0.164096074766779898E+01    0.509799529391452788E+00    0.728870865310187604E-01    0.857370773185338209E+01    0.726904902798171992E+00    0.310911344566038528E+00
    0.591736059001613600E-04   -0.261136730406404016E+01    0.313981065794658787E+00    0.102617569454245171E+03    0.899222994421361577E+01    0.165682178209032394E+01    0.369746465074887065E+00
    0.625866230310625186E-04   -0.281358997879490991E+01    0.598988826030761867E+00    0.350240804961033242E-01    0.925208451923084851E+01    0.109132580872245688E+01    0.179235142288812488E+00
    0.135091748317653731E-04   -0.517414574194823507E+00    0.688518616080922241E+00    0.207888381977575953E+01    0.801801489631480635E+01    0.169588075486627954E+01    0.338470287400686798E+00
    0.501981543021581575E-04   -0.184120876311031889E+01    0.180827666927899366E+00    0.608783613470054803E+02    0.851093945068969582E+01    0.144218419050026880E+01    0.214005499503921170E+00
    0.848510555914709217E-05   -0.528393797440992241E+00    0.102411800923228185E+03    0.421012993783541667E+01    0.864045419494100386E+01    0.200186137535915920E+01    0.666563504749892788E+00
    0.270792587304514407E-04   -0.153421583534605555E+01    0.331223165078503134E+00    0.217852739674277984E+00    0.849563689676157274E+01    0.976962349802926622E+00    0.225014625948222441E+00
    0.621689810907596229E-04   -0.270002983011068309E+01    0.508318992888208351E-01    0.292492838265744659E+01    0.905124212145602769E+01    0.284066566190144310E+00    0.128865816714221343E+00
    0.150512810053729357E-04   -0.428200339465362068E+00    0.625115457315379217E+03    0.888657354668676236E+00    0.865237150053461157E+01    0.128418307963180156E+00    0.560828797368789100E+00
    0.516229016298704364E-04   -0.238568135186783525E+01    0.839922175733449516E+00    0.344557148696797499E+01    0.910248624877143975E+01    0.103124159370701657E+00    0.126780713049824745E+00
    0.332871253212977270E-04   -0.148438493139673433E+01    0.342220943579455339E+01    0.507172829491511420E-01    0.878101343854978111E+01    0.904375616664967352E+00    0.463000950627485364E+00
    0.350356522779128612E-04   -0.223346417769028927E+01    0.286217566735834060E-01    0.466151641936852490E+00    0.867684608639975252E+01    0.164093094105365966E+01    0.107594580438928722E+00
    0.132111636664861235E-03   -0.407966410624064757E+01    0.509105289924844606E+00    0.279379747419920399E+01    0.913773723937252669E+01    0.122879877931395254E+01    0.584669805986004931E+00
    0.992626455301256095E-04   -0.349168458823971939E+01    0.847287931533474703E-01    0.912920572256035427E+02    0.891013193946078985E+01    0.906502564589876658E+00    0.369707346580626317E+00
    0.106791600252138374E-03   -0.340569287638519391E+01    0.374410934616439262E+00    0.131677307541347144E+01    0.904997746846838247E+01    0.170770847564360162E+01    0.435557788719754369E+00
    0.751191084859731721E-04   -0.309344599531625475E+01    0.152049297382355307E-01    0.301399204035586211E-01    0.908463488158028198E+01    0.210131637570724816E+01    0.659654401727682305E+00
    0.679858217897549730E-04   -0.228822376958113738E+01    0.170186785446128364E+00    0.115528306848914383E+03    0.901044606243425505E+01    0.107189644674558604E+01    0.273587381523056061E+00
    0.332535593866822133E-04   -0.116542801300907639E+01    0.287334215512074463E-01    0.100657558313857629E+00    0.889042186602230444E+01    0.110899200838648548E+01    0.578981714747669018E+00
    0.384320073181582193E-04   -0.199912363482249544E+01    0.249506248763815247E+00    0.113011865074048902E-01    0.902868242937043064E+01    0.592054195777770964E+00    0.513850620503648603E+00
    0.161722878268388132E-04   -0.343513587895233563E+00    0.287842453216969218E+00    0.144678316167367655E+03    0.803936534576986261E+01    0.603098775332337800E+00    0.115494687314236955E+00
    0.784174674492266432E-04   -0.357333449073423370E+01    0.149311839409488698E-01    0.125666012997179777E+03    0.910677152776654353E+01    0.145048505439187947E+01    0.364120001535957583E+00
    0.501218312438056232E-04   -0.306376940677524434E+01    0.264552703812010082E+01    0.252663403573757472E+01    0.909933836446816358E+01    0.163805744060491065E+01    0.521370602704688380E+00
    0.242416209820775884E-04   -0.241486781314315668E+00    0.243092000109071359E-01    0.126806249694880434E-01    0.809394752027721154E+01    0.217056834731621873E+01    0.505355842233016550E+00
    0.144785519247965788E-04   -0.718515727407026232E-02    0.175300763710609260E+03    0.928045711010608898E+03    0.834184566385266812E+01    0.122948959717504636E+01    0.489951946463219934E+00
    0.679244381774676939E-04   -0.281825709974109495E+01    0.193773305017360953E-01    0.587435778783224755E-01    0.895231402877070792E+01    0.813647045641836542E+00    0.101510800702925924E+00
    0.390587192222408366E-04   -0.209879517424538919E+01    0.636565586444013398E+00    0.106981046711318708E+02    0.843526371786781404E+01    0.410716461336527949E+00    0.370490618780897618E+00
    0.624219913253925467E-04   -0.293442434460697177E+01    0.458886833126909421E-01    0.149877598938926247E-01    0.898440506163784569E+01    0.407899430085700399E+00    0.363680095473414178E+00
    0.593100324617079565E-04   -0.288468949248420703E+01    0.521259050787274747E+00    0.467160189265008408E+00    0.902490980410476240E+01    0.186629014505202556E+00    0.197911408986186699E+00
    0.135101684388762831E-03   -0.416135524598521833E+01    0.595127863481088246E-01    0.445381323072614407E+03    0.816952803209278500E+01    0.140987309786331405E+01    0.658342577992120925E+00
    0.419625627809077682E-04   -0.164901228585948245E+01    0.175601366036714595E+02    0.107903041574451830E+02    0.887905152739460490E+01    0.936192710766380110E+00    0.497321465578886124E+00
    0.188644091090584869E-04   -0.965200940716386402E+00    0.159318569037711390E-01    0.221531527936974044E+03    0.862322130469320669E+01    0.601199950338747180E+00    0.284190114343875477E+00
    0.436476896625558684E-04   -0.230499341538333979E+01    0.245320244288449729E-01    0.158883930170601664E-01    0.877185308841938038E+01    0.130682903542670337E+01    0.524528604679346144E+00
    0.917592733067336224E-04   -0.349779942961409462E+01    0.839812111459266597E-01    0.437470657945643552E+03    0.855325903686347111E+01    0.100603336911959285E+01    0.568736902504272668E+00
    0.170888417715817293E-04   -0.868713938744688496E+00    0.547088517339277894E-01    0.959575022336385142E+00    0.814001428799725701E+01    0.146001133768432934E+01    0.312631616343626295E+00
    0.216640556327548400E-04   -0.141705022464647334E+01    0.189645803152759362E+00    0.440072359158033208E-01    0.847605519521615491E+01    0.184269175988511158E+01    0.545338424355484852E+00
    0.957212400342961781E-04   -0.234270379758713965E+01    0.718329234599455302E+00    0.399772850358715959E+00    0.899662626747151251E+01    0.226383702057763481E+01    0.141695163191104451E+00
    0.186404364135992463E-04   -0.234133244661699158E+00    0.229278095011603324E-01    0.702986497658758674E-01    0.804480263601271872E+01    0.131488933607384362E+01    0.616662820618437801E+00
    0.263128055767194755E-04   -0.215784736604223060E+01    0.194735903872124902E-01    0.308958231845379139E+02    0.892005444331584130E+01    0.269743069929527929E-01    0.284779294468178512E+00
    0.662206859600572020E-04   -0.360704803381263517E+01    0.369241668727654723E-01    0.311563475788557511E+02    0.893348223461218716E+01    0.717034073040870856E+00    0.521301967561492496E+00
    0.211659939789231002E-04   -0.121850601404104730E+01    0.473562682300367355E+00    0.689844578851778351E+03    0.835236277151912887E+01    0.678978689401438018E+00    0.158369826203859199E+00
    0.272348547167022170E-04   -0.204606220467932021E+01    0.773858853557557347E+00    0.479565965756248431E+02    0.871427839997028286E+01    0.349969041259434233E+00    0.126057582516203831E+00
    0.134137301370525100E-03   -0.443440172845174452E+01    0.300686308082380276E-01    0.369316798952409329E+03    0.845542514777875454E+01    0.801221527530643907E+00    0.660362615848578138E+00
    0.367604598290897903E-04   -0.230880892853583530E+01    0.734746786312193478E+02    0.102593553370160073E+02    0.865993983511503629E+01    0.112966948640994325E+01    0.670391145746592421E+00
    0.547230872707467521E-04   -0.165196754759376629E+01    0.730623319700389739E-01    0.115052522416591394E-01    0.860890682059345203E+01    0.132284459328191728E+01    0.601397473219822065E+00
    0.473577590341840512E-04   -0.201591001134169501E+01    0.139694072079393266E+02    0.434588295160810731E+03    0.873294132279172075E+01    0.150679224080002672E+01    0.503505006009249634E+00
    0.506661346419415634E-04   -0.198962576186054396E+01    0.444565707584743397E+00    0.293649323241865157E+00    0.906301626917384162E+01    0.895084452408710707E+00    0.417059765218104173E+00
    0.414761697209226803E-04   -0.264405264416440211E+01    0.870062441566611805E-01    0.253887699354935839E-01    0.889518092874861210E+01    0.150470253677418686E+01    0.151727407977772094E+00
    0.474089920073103257E-04   -0.203087750686819302E+01    0.290443045459874725E+03    0.900476246852583984E+02    0.868815788687592416E+01    0.140417853358881528E+01    0.589447486817306188E+00
    0.372975255725606570E-04   -0.281078543122390956E+01    0.430055217984980587E+00    0.339359518211423128E-01    0.902822011082412779E+01    0.319101390116967143E+00    0.345924102567408909E+00
    0.554664596211139419E-04   -0.189221773481829025E+01    0.742438460143765716E-01    0.447623610611450772E+03    0.865006878633289134E+01    0.228883406459994765E+01    0.102155984479932904E+00
    0.481960360007282544E-04   -0.131432894549078449E+01    0.206056648190044711E-01    0.270120400814133688E+00    0.846727216134022775E+01    0.221607066234195926E+01    0.160604498187776418E+00
    0.660334006409102006E-04   -0.240252913489447684E+01    0.224682530539936816E-01    0.131390377733076917E+02    0.870043177316674488E+01    0.399900028305191169E+00    0.527460809882968840E+00
    0.179924518846856559E-04   -0.551988687884579221E+00    0.576281803300082274E+00    0.346483709721402233E+01    0.779138206858560789E+01    0.157323374691667817E+01    0.618979108608223583E+00
    0.354568569249548172E-04   -0.173299991872288794E+01    0.107060648173382025E+00    0.199563976498660159E-01    0.901896897770417816E+01    0.160660662920246167E+01    0.310000695180546681E+00
    0.853918823031592130E-04   -0.342542718860953332E+01    0.265651447366108927E-01    0.276478417428449035E+02    0.909276111247870666E+01    0.103146396833729792E+01    0.236401230363123938E+00
    0.164563367444408779E-04   -0.723969835763461217E-01    0.303341211299135125E+03    0.141607493067213763E+00    0.872330386613487185E+01    0.165357739881299004E+01    0.589691330515820789E+00
    0.266222602970469412E-04   -0.224929451089881338E+01    0.133104986018408089E+00    0.289842671947534491E+00    0.865470783606149041E+01    0.725514638791459054E+00    0.756984433515674127E+00
    0.354289464849985377E-04   -0.181841436849439697E+01    0.105729687585965704E+01    0.216233469096649635E+02    0.841626203765243375E+01    0.141452891206126896E+01    0.379539049536320672E+00
    0.566457662952488981E-04   -0.273436819850172386E+01    0.729901889618839589E-01    0.227469831744098322E-01    0.920806364422631418E+01    0.236369784900370661E+01    0.345087910216809512E+00
    0.871721040846385571E-04   -0.333886306679347911E+01    0.159262627424219955E-01    0.278584880650404614E+03    0.904729702871787111E+01    0.907383676711708942E+00    0.386102102295607708E+00
    0.183875022501285059E-04   -0.555592352326643946E+00    0.290050491736079818E+01    0.595566950573239995E-01    0.842751626364945317E+01    0.232412212638638399E+00    0.415841820926252437E+00
    0.136506864017765544E-04   -0.290971555716790675E+00    0.376503152711554190E+01    0.372963142711377271E+01    0.830487439572000063E+01    0.694397915820864742E+00    0.338282023106720064E+00
    0.169296319659489898E-04   -0.693879376802251091E+00    0.557220583454228827E-01    0.106014476495375261E-01    0.822063240893464808E+01    0.138751232566012317E+01    0.494171720618247434E+00
    0.766519779261634778E-04   -0.286508350507641962E+01    0.294871419235621435E+00    0.538271770373981582E+02    0.862155811135386507E+01    0.140588634115746536E+01    0.446754074714920901E+00
    0.736301632011276047E-04   -0.294423551604558664E+01    0.337183800612137347E-01    0.218780818951155892E+00    0.902432406784539509E+01    0.267913379166638765E+00    0.620472408760510685E+00
    0.651587302680977444E-04   -0.301490036088465851E+01    0.760530103581646549E-01    0.568862939316058736E+01    0.884262667924330437E+01    0.125639639258455071E+01    0.298801129107307273E+00
    0.475400789085694459E-04   -0.291899510129643680E+01    0.214228314644066935E-01    0.313511437910305890E+01    0.864547790791051440E+01    0.139346774551492386E+00    0.528493571774056980E+00
    0.162683967179625926E-04   -0.272892447535292293E-01    0.563485968168873619E+01    0.203555572261766827E+03    0.802724053570773322E+01    0.236874113572490330E+01    0.433623595595098665E+00
    0.253719523318835878E-04   -0.113221742538168413E+01    0.547061420269623122E+00    0.219281061877576544E+01    0.819308258210256568E+01    0.158651037183978616E+01    0.419300673658659639E+00
    0.331090591657577670E-04   -0.218819945022256679E+01    0.446498854447814875E+01    0.223385644215894796E+01    0.891770005072751992E+01    0.587812755545715701E-01    0.627552594645126360E+00
    0.346595765634869507E-04   -0.144478975566934942E+01    0.240625905216458255E-01    0.739161011413679425E+01    0.790421274994621115E+01    0.119861562218555129E+01    0.645131639910298205E+00
    0.649192241924199248E-04   -0.305345351897044548E+01    0.347804226310448952E-01    0.275657914630297398E+03    0.899996784570922870E+01    0.214017932529424648E+01    0.172716872138288513E+00
    0.402134176268194684E-04   -0.231730625506692256E+01    0.226406646341858947E+00    0.570306385702823263E+03    0.879633722940051932E+01    0.298757059044134243E+00    0.402951040514415437E+00
    0.199806904025711269E-04   -0.232267620002613751E+00    0.129147015098476414E+01    0.178471450583691364E+02    0.803299493411032905E+01    0.137547559136495079E+01    0.279113231325712474E+00
    0.759209188067123318E-04   -0.352275748773439412E+01    0.131167866447018888E+00    0.586311192730849484E+01    0.868924376506222274E+01    0.249046480016602434E+01    0.681759559183409691E+00
    0.231696706028160664E-04   -0.859196231357805207E+00    0.143351932060233289E+01    0.133610821619709554E+02    0.814218558629104194E+01    0.762035910883757217E+00    0.350184091890890059E+00
    0.106508740532294303E-03   -0.391017096017370891E+01    0.327861933954543938E+00    0.190941536418803963E+02    0.889782349695527586E+01    0.531891803562217547E+00    0.561722552271883724E+00
    0.681931677348831009E-04   -0.225010893090332109E+01    0.157367637674900099E-01    0.617563358925913158E-01    0.911224702030211375E+01    0.787610720079341964E+00    0.114382358466266210E+00
    0.688624956523081565E-04   -0.362215236469266788E+01    0.114908738539647948E+00    0.652031140384473701E+03    0.838542910326282609E+01    0.295435050864680027E+00    0.657118614298644821E+00
    0.835324612075538094E-04   -0.307245587381891916E+01    0.238315596608428791E-01    0.746606424957711567E+00    0.917391932009443423E+01    0.164523343027706215E+01    0.648200320013096576E+00
    0.241849873830988845E-04   -0.120301225180992843E+01    0.620255195323839985E+03    0.102022808748706353E+03    0.866194288271559820E+01    0.195974756901749236E+01    0.623019765711794071E+00
    0.837519386642123349E-04   -0.192640849311768925E+01    0.265367939137043436E+03    0.159428112693175468E+02    0.883150398241243195E+01    0.710080276420513856E+00    0.530817172718405006E+00
    0.379707665119349152E-04   -0.103789787326719862E+01    0.176853207070110124E+00    0.603450471693325885E+00    0.833083953879049588E+01    0.230391289130710852E+01    0.426369351239346051E+00
    0.282690944980785346E-04   -0.434574178228983310E+00    0.150858661970476714E-01    0.936314120048840550E+03    0.762058352775886227E+01    0.166512095512307634E+01    0.498184576172684523E+00
    0.171495724690298368E-04   -0.823966850450129185E+00    0.147770536618654288E-01    0.140747844872651854E+03    0.820366258267951842E+01    0.201626714273997854E+01    0.137684797673164827E+00
    0.215295438506409878E-04   -0.127034284563249011E+01    0.336698433932773566E+01    0.422135470547209877E+03    0.759765934023270439E+01    0.681206854904441994E-01    0.666658176831698035E+00
    0.766565743167661880E-04   -0.317976504802018622E+01    0.850608654918687396E-01    0.949024393624436158E+02    0.899169604780728449E+01    0.220239557366009242E+01    0.447892368050625600E+00
    0.858829219147021737E-04   -0.285647468547270655E+01    0.176379334666611765E-01    0.141910053488238797E+01    0.885381702748622779E+01    0.215783138587470136E+01    0.476574511712569371E+00
    0.289748015047363506E-04   -0.213161847877190924E+01    0.217654663606636573E+00    0.729986249569432449E-01    0.903807955883359604E+01    0.135221122767067836E+01    0.603461766788703113E+00
    0.439185025569635890E-04   -0.271845857807432578E+01    0.234569304504575922E-01    0.231713390476139836E+03    0.875225149444120198E+01    0.181031091267527700E+01    0.290311952542870400E+00
    0.657366393347137462E-04   -0.227010947058165513E+01    0.135587309839419797E-01    0.265849587221675790E+03    0.841820370569948118E+01    0.128901082279115764E+01    0.435811462499552826E+00
    0.343181807959197654E-04   -0.519522764945284710E+00    0.261771012420888398E-01    0.244418296283707703E+00    0.817660335371740210E+01    0.111233938970863400E+01    0.156790627637689139E+00
    0.357841129499938894E-04   -0.149294646711036405E+01    0.246715842220284657E+03    0.734421990456078166E+01    0.865126143495341537E+01    0.710324583728059400E+00    0.598961274276165079E+00
    0.470952054915044774E-04   -0.253889129390726165E+01    0.112816339796636099E-01    0.590574901462003439E+02    0.890314099325545882E+01    0.337164521703673448E+00    0.291512293812715650E+00
    0.941253396972717334E-04   -0.274626773136323843E+01    0.149191534980425925E-01    0.266599373910212156E+00    0.896922541490170389E+01    0.160311595488453584E+00    0.382633878602513522E+00
    0.745352451735705227E-04   -0.295625066551689786E+01    0.106879813757029124E-01    0.386716408224972440E+03    0.868791247340304729E+01    0.978371479947717781E+00    0.585804501116995779E+00
    0.130560564851590387E-04   -0.772910298097777559E-01    0.101459703601272921E+01    0.170028975992895198E+03    0.862760214784018586E+01    0.163678734526450631E+01    0.199214655125334095E+00
    0.897273354811508516E-04   -0.303303919974681024E+01    0.833951382749871101E-01    0.259523982679337288E-01    0.917988160209031001E+01    0.241462176196122913E+01    0.538973073918637691E+00
    0.838080460759682035E-04   -0.355336282725046848E+01    0.533950698448220074E-01    0.643929614705513274E+02    0.802638178241572930E+01    0.207386663518136416E+01    0.689676192019719636E+00
    0.128638745987046113E-04   -0.822930430654868372E+00    0.114331934331417227E+02    0.884120524556312759E+01    0.815903946363503252E+01    0.238344363607868370E+01    0.623958936888668214E+00
    0.194823251857652350E-04   -0.313384705365544469E+00    0.508231022826734460E+02    0.195072225859916973E-01    0.880279995978971641E+01    0.184746634183423653E+01    0.614234298264805023E+00
    0.267446253235180134E-04   -0.162567254482967716E+01    0.282948037590536383E+00    0.235817794715717996E-01    0.861225583111597004E+01    0.203018922421051595E+01    0.579973148009746864E+00
    0.374878220822714807E-04   -0.154527692932547334E+01    0.206184188736144233E-01    0.524744402578162655E-01    0.852418669043030164E+01    0.950277575557101628E-01    0.607053536444210340E+00
    0.704846597974026788E-04   -0.311733974904990729E+01    0.947478110935765228E-01    0.328452429717099559E+01    0.890039472490903805E+01    0.123543446092899001E+01    0.323776497663616492E+00
    0.195521021263063522E-04   -0.165936284220666885E+01    0.128720257487889267E+02    0.388391414871969465E+01    0.873639461883000479E+01    0.398806678781672919E+00    0.645829246609533336E+00
    0.113980461149893218E-03   -0.446851799356052926E+01    0.498729168660236519E-01    0.208673294338790249E+02    0.872187243456297523E+01    0.986753787724561793E+00    0.690960534218161060E+00
    0.658767727450291428E-04   -0.318941236044566478E+01    0.411042229468329579E+00    0.180569915515124080E+03    0.774551639962342087E+01    0.144017456468177230E+01    0.694327608387703021E+00
    0.582014898220259647E-04   -0.273113075674057448E+01    0.145979770608427734E-01    0.258490465377657541E+01    0.863330572097531856E+01    0.193250149505824642E+01    0.667106474170334196E+00
    0.827271895388462160E-04   -0.286801385282586851E+01    0.243850832646377347E+01    0.684350469799244077E+00    0.912869545040585528E+01    0.810957521385969771E+00    0.589253142027592602E+00
    0.321180305803639042E-04   -0.125310431718801940E+01    0.517864828710978164E+00    0.235687298366967918E+00    0.847791326517619659E+01    0.162223574578760243E+01    0.523214492549707422E+00
    0.345888770790212424E-04   -0.171494275442938626E+01    0.225484343595604386E+01    0.118754598781981632E-01    0.908818049349245882E+01    0.127475296922900294E+01    0.475272092692281989E+00
    0.740750755207758696E-04   -0.305624919624826186E+01    0.161916278207690140E+00    0.331857116101786573E+03    0.883536853653786025E+01    0.499096803935694389E+00    0.352479105094264944E+00
    0.199434536124836097E-04   -0.458173495731020453E+00    0.329310690400052508E+00    0.416276542468206404E-01    0.816802009614142577E+01    0.343932262764827246E+00    0.258048070880866343E+00
    0.155068187083242900E-04   -0.512945222677325896E+00    0.204547057204170740E+00    0.626745302225615660E+03    0.734350456923694672E+01    0.939600382316371219E+00    0.644580637642588772E+00
    0.532688347548332554E-04   -0.258949810949799186E+01    0.288223462475658252E+02    0.415334587863343700E+03    0.760674598562781590E+01    0.238462544129486176E+01    0.679265181370618865E+00
    0.138226354502671068E-04   -0.607304898965731477E-01    0.106346391276460835E+03    0.134173179694878002E+03    0.829309597300897750E+01    0.148753741833855635E+01    0.543595509950003719E+00
    0.321430410751795062E-04   -0.206071617388002926E+01    0.622764945952167040E-01    0.306369227966062467E-01    0.868546243143289765E+01    0.508323136784585072E+00    0.648675159944787971E+00
    0.450547715289052159E-04   -0.221064469123935670E+01    0.156004455559361332E-01    0.139292093585478022E-01    0.880384000093978969E+01    0.168541815209378454E+01    0.165608008812645091E+00
    0.500284517082447453E-04   -0.280503579721884266E+01    0.344049943966892036E-01    0.580207564630830119E+00    0.889686957459346850E+01    0.318132739101123163E+00    0.677897034937397502E+00
    0.161401588147186540E-04   -0.752830630198346062E+00    0.164629658175477225E+02    0.105691095713253280E+01    0.871808184680993747E+01    0.145281625302161643E+01    0.591296201631924312E+00
    0.319801670189736657E-04   -0.220516465551754459E+01    0.105682174642574692E+00    0.120118349473389025E-01    0.899865840216810042E+01    0.725287966580250298E-01    0.112764520681982339E+00
    0.179561889853428225E-04   -0.778003080444385486E-01    0.426546972399138546E+01    0.140745933570326446E-01    0.887855859366948152E+01    0.226504315811737866E+01    0.484033400912831868E+00
    0.335446093026656975E-04   -0.244694301769667977E+01    0.127533382889743231E-01    0.773880409589489471E+01    0.854060286430889093E+01    0.156231065278074177E+01    0.407051741740741102E+00
    0.270767254908222363E-04   -0.171396820362587632E+01    0.452275087389667352E+01    0.145231115474688877E+01    0.896634490185280697E+01    0.175125428005057859E+01    0.446784934778485798E+00
    0.157205941203657909E-04   -0.337152413689597100E-01    0.732084778785557444E+00    0.201059873529440825E+00    0.861824596549308986E+01    0.867268066904278045E+00    0.379608407781691914E+00
    0.462274566001473838E-04   -0.226897460169254872E+01    0.577022123060488557E-01    0.174114395199526595E+00    0.882150797168382006E+01    0.231845451310721851E+01    0.401363386905172481E+00
    0.415554078092214958E-04   -0.198293654502970429E+01    0.301439439655691518E-01    0.159429859665989397E+02    0.870520101519093714E+01    0.158597627970807564E+01    0.478008906984918491E+00
    0.770686517768137962E-04   -0.334247655222409801E+01    0.269857136920111318E+00    0.429386817736490869E+02    0.873575405635296320E+01    0.424378088704317591E+00    0.499229943828034428E+00
    0.240956968174458148E-04   -0.597523474093566320E+00    0.351498870532199589E+03    0.104548062117462329E+00    0.880548604610015850E+01    0.185702928173219449E-01    0.614103541664876906E+00
    0.225542897331164672E-04   -0.356005329253532288E+00    0.156042490030647490E+00    0.163115383531720615E-01    0.816154373094463992E+01    0.112269404812912077E+01    0.321233236614724027E+00
    0.505408236529095487E-04   -0.198768796760088495E+01    0.265228301242360587E+02    0.321246634564999027E+02    0.852324014178205047E+01    0.172350997688768520E+00    0.620887318745385719E+00
    0.122477756058195546E-04   -0.425028790515010746E+00    0.185923579545703177E+03    0.122399496212699344E+02    0.850360153537019414E+01    0.211370962022090492E+01    0.617543835241814998E+00
    0.270407730493813701E-04   -0.105041181464094535E+01    0.514493609427902470E+03    0.137698534748860141E+03    0.851689589126061719E+01    0.104878357373186448E+01    0.635752226916812435E+00
    0.284413875327993122E-04   -0.142508250658722657E+01    0.896424159559096462E-01    0.251796575274530580E-01    0.850397630703495366E+01    0.870514895985565640E+00    0.579577681259823785E+00
    0.175075911540963913E-04   -0.230533546612014945E+00    0.383581328851997500E-01    0.401902462925525640E+03    0.797656329517167162E+01    0.139853702758613951E+01    0.181972981182471905E+00
    0.565638511645596043E-04   -0.289043847162731726E+01    0.474861258532787989E-01    0.245417803713525977E+02    0.906314258599638656E+01    0.144210787890111725E+01    0.130234118929246662E+00
    0.544169311667990448E-04   -0.249095261838001214E+01    0.818047255337663537E+00    0.772951488808504728E+00    0.887319726728688707E+01    0.243273227073053239E-01    0.423333930028838790E+00
    0.238371535311128336E-04   -0.107517397881720567E+01    0.823523044686470342E+02    0.228480588616675639E+01    0.862187137702677475E+01    0.296927480501798458E+00    0.633331562883883370E+00
    0.518737437451381993E-04   -0.272489259168626941E+01    0.197480438981019191E-01    0.958100866010947954E+02    0.877791722597656587E+01    0.140556099327608930E+01    0.300543149479896132E+00
    0.638524499240845185E-04   -0.251518322035538322E+01    0.156473978563504007E-01    0.267803023164126230E+01    0.859782814210338131E+01    0.943378065482718631E+00    0.534428688071670321E+00
    0.170174873453766868E-04   -0.137358016834622432E+01    0.154323055837590983E+00    0.144630383779704886E+03    0.786156944197882712E+01    0.172679793126918746E+01    0.620772052121840945E+00
    0.845557697151820331E-04   -0.327956944371852366E+01    0.875669747029835221E+01    0.947498937622536687E+03    0.881736342515018556E+01    0.137600261597934392E+01    0.561218957457083722E+00
    0.402401949380538999E-04   -0.173028219892976365E+01    0.168426015919531369E+01    0.164946015824464620E+01    0.847954206148140877E+01    0.117845608536865676E+01    0.546380195753725206E+00
    0.305966138274020303E-04   -0.119996406583224569E+01    0.180043008075589062E+01    0.256603434199101414E+02    0.856373565503001544E+01    0.995080314871523819E+00    0.230486176598593107E+00
    0.457252340351124365E-04   -0.106480058491698526E+01    0.194498068310629296E+00    0.201297078961714924E+02    0.806536615387715905E+01    0.142720223141953406E+01    0.617062927897112812E+00
    0.323538111350850230E-04   -0.145224633384481239E+01    0.645777485104345961E+00    0.387832554031196583E-01    0.888514615815658360E+01    0.233661086545746355E+00    0.593639844861439725E+00
    0.243680780123775175E-04   -0.219548536421831653E+01    0.175390835412721806E+02    0.141090603346823906E+01    0.864052654699448652E+01    0.180975475107431993E+01    0.753378313977965397E+00
    0.264282310555734220E-04   -0.394255477201530091E+00    0.974156984493538547E-01    0.516395488489192339E-01    0.819587098709332551E+01    0.177715567864242097E+01    0.149194876660046133E+00
    0.236433370965830324E-04   -0.122902905030704646E+01    0.274804724507724529E+03    0.345379911357624110E+03    0.848505272027010271E+01    0.840213546639856715E-02    0.586781214468085621E+00
    0.161588477994284492E-04   -0.428282932933466420E+00    0.939233120114159048E+00    0.961617693199342796E+02    0.881795577625482707E+01    0.229483304158018475E+01    0.119906898520738103E+00
    0.229842756695319799E-04   -0.433759339607256544E+00    0.128272184850485957E+03    0.289588573736558619E+01    0.783685450302305053E+01    0.249756716276373991E+01    0.662704793753253529E+00
    0.344306492145888407E-04   -0.130326317841357175E+01    0.297657784187484742E+01    0.361162447036075696E+00    0.902448805961100931E+01    0.222402927168232889E+01    0.499149876550613825E+00
    0.504813806848846436E-04   -0.276860505526944145E+01    0.258712544354550544E+00    0.802977971640281063E+00    0.890619105021026058E+01    0.567421713090755953E+00    0.538606306637665955E+00
    0.421413639933265706E-04   -0.196911234188155704E+01    0.110050680911076022E-01    0.186676640952207103E-01    0.869000325046305022E+01    0.237332604300677374E+00    0.359406712548664631E+00
    0.494541582727739062E-04   -0.262536587159136392E+01    0.503074367818305002E-01    0.573456362898810967E+00    0.898397756505583089E+01    0.572311069116789306E+00    0.587800924137193315E+00
    0.212548230280648966E-04   -0.701508285961717770E+00    0.187409166408507524E+02    0.279396438170916583E-01    0.852342940958524409E+01    0.560716554104330522E+00    0.637093321080935637E+00
    0.157473192936458613E-04   -0.442098546453197627E+00    0.344301231569119792E+00    0.253035389174505099E+01    0.786540255130273813E+01    0.691812605891819699E+00    0.517784394972039985E+00
    0.527063380123948342E-04   -0.242189358455827985E+01    0.176075384494211090E+00    0.106269044284502523E+01    0.900136504882013710E+01    0.713379298961438701E+00    0.209437129582904696E+00
    0.592703573268624757E-04   -0.164745941886464187E+01    0.184119651311471288E+00    0.261351207483985735E-01    0.868342767240741154E+01    0.107666769417905295E+01    0.133975733782309508E+00
    0.348150523808273414E-04   -0.194716954364054518E+01    0.111152668108053979E+00    0.152745924237354808E-01    0.902183159046361993E+01    0.165099364261080628E+01    0.383915555596060720E+00
    0.588950932912968587E-04   -0.210191104104237469E+01    0.189699145949576709E-01    0.148575839394946763E+01    0.858671135323427315E+01    0.173379907113399501E+01    0.570354795203893761E+00
    0.926627175693858161E-04   -0.351984656439658750E+01    0.458012029966980358E-01    0.913066524129675258E+03    0.833202005721240013E+01    0.105439154243228606E+01    0.664957879038889810E+00
    0.197531179342355369E-04   -0.719865352500766886E+00    0.384353315995831057E+00    0.112829324752401206E-01    0.834830308741942062E+01    0.197678919317594382E+01    0.387619225420898883E+00
    0.260403110521711297E-04   -0.156756535152318377E+01    0.323948632792720126E+01    0.390169528648020218E+03    0.884757862991724231E+01    0.187722679059064035E+01    0.403396253577171460E+00
    0.623269087023094702E-04   -0.303470408443221329E+01    0.251014730809868448E-01    0.454351225073250209E+01    0.876001598974776030E+01    0.355135079823535316E+00    0.466340530760928740E+00
    0.584988427255955730E-04   -0.188229988563047757E+01    0.274373802407641865E+00    0.472445140010214981E+01    0.873209390594359114E+01    0.198533500974311394E+01    0.522261825721238804E+00
    0.227343264916059875E-04   -0.126175177712825448E+01    0.399778856634366853E-01    0.256113163665718999E-01    0.848470137883506581E+01    0.223186040847956191E+01    0.359129223788521190E+00
    0.170758244867312530E-04   -0.683308886406121863E+00    0.424203339420003156E-01    0.215023792131337654E+00    0.866561731764787524E+01    0.546144544007617472E+00    0.604597946540995967E+00
    0.326675965292542878E-04   -0.940563139922151348E+00    0.146814106449556170E+01    0.183533697055639315E+02    0.810838271620135309E+01    0.924245428547691539E+00    0.405965370314032570E+00
    0.483004238552926557E-04   -0.260210346830978878E+01    0.569663120212835217E-01    0.120536031905081553E+01    0.885941465641610648E+01    0.743226275939537939E+00    0.171689764741368045E+00
    0.275192426715127863E-04   -0.687011705075826207E+00    0.159371042611327757E+00    0.153355046745349017E-01    0.831992073865581006E+01    0.156741626353565477E+01    0.110960945461517302E+00
    0.290122338535285110E-04   -0.170219284342259503E+01    0.300182617373894123E+00    0.193268923795206824E+02    0.857700435214789536E+01    0.115347977165469673E+01    0.160394446413231584E+00
    0.677171832502194716E-04   -0.234946571262888781E+01    0.153457720792270769E+00    0.609635175254740176E+02    0.892399846181782053E+01    0.665958132010236903E+00    0.306158755466860666E+00
    0.183635782785811451E-04   -0.315470360570795638E+00    0.308403267724448815E+01    0.313653874545532290E+03    0.887724938379833972E+01    0.178164664906358094E+01    0.201129203425203212E+00
    0.418305692775388705E-04   -0.205707368257963275E+01    0.493416922421672094E-01    0.150250436000783083E+00    0.876632788459420453E+01    0.172192710404723814E+01    0.261349552663250106E+00
    0.256512906938603529E-04   -0.874144133286174907E+00    0.265997759567225216E+03    0.260099729537021686E-01    0.884808124560264631E+01    0.143201750337292411E+01    0.656823663369766941E+00
    0.289172656505345640E-04   -0.623397612286842984E+00    0.736042483871820363E+00    0.564886616102243124E+03    0.827203740554904243E+01    0.853886109077782729E-01    0.522188187366259493E+00
    0.361422405052433661E-04   -0.248306514951490964E+01    0.157963306357421437E-01    0.122855784678928798E+00    0.890536528098196278E+01    0.164092475661213788E+01    0.609260865509347549E+00
    0.505683588919166542E-04   -0.250346172458582039E+01    0.830409752030373371E+00    0.156690899643115614E+03    0.873451429226266818E+01    0.157545107196722478E+01    0.370314030202157141E+00
    0.346737358690405663E-04   -0.912556672095267030E+00    0.682450096572214782E+00    0.361862061342325264E-01    0.848796122879636528E+01    0.965808044850627656E+00    0.250158673489759842E+00
    0.185619646852729013E-04   -0.424396391940286333E+00    0.194000301479549542E+01    0.151522187619662829E+01    0.836308081221242361E+01    0.223420343173315605E-01    0.226314106115568903E+00
    0.416603105169672188E-04   -0.226167082786560059E+01    0.709318592133323600E+00    0.187684488233036539E+02    0.905663132667541504E+01    0.211495459079742432E+01    0.142998695373535156E+00
    0.221791817058988953E-04   -0.277350401426671944E+00    0.512205507804643245E+00    0.679788767027687300E+03    0.744612351172286768E+01    0.992297741242097353E+00    0.562356238138584708E+00
    0.294009989138117811E-04   -0.849370512168757918E+00    0.715776262508502348E+00    0.545319626905597410E+01    0.845292844769002549E+01    0.775322288839520146E+00    0.498494363422831710E+00
    0.553564267625670270E-04   -0.315608638560087940E+01    0.330074069620427291E+00    0.166339632175886756E+02    0.853725751564357616E+01    0.217041657739945837E+01    0.604389248085078656E+00
    0.237590243030835806E-04   -0.387357843490281406E+00    0.466372375125406613E+01    0.287321337942060779E+03    0.882431343969378190E+01    0.188413802279171949E+01    0.301610230122438872E+00
    0.534459164288147594E-04   -0.255471435982064277E+01    0.455002937190706169E+00    0.410273255860148345E+00    0.905938219463994798E+01    0.183955316600412555E+01    0.353784310322522222E+00
    0.520351872121427802E-04   -0.213505768824883280E+01    0.600615982005748394E+00    0.664052842582269278E+02    0.879353378951143583E+01    0.222118223612222510E+01    0.446295052209993992E+00
    0.611119591114622529E-04   -0.288965760979221642E+01    0.177892637403419679E-01    0.982478353081371658E+01    0.871112111038800663E+01    0.142142786111344654E+01    0.444767925890373506E+00
    0.183132357255031243E-03   -0.385923054453978764E+01    0.906910718795461368E+00    0.680248650235884952E+03    0.875981039493467151E+01    0.840725913977131423E-01    0.559505540595770512E+00
    0.152664642358289601E-04   -0.376248198668742206E+00    0.229505788719053294E+01    0.153151901569482052E+00    0.891823791545569478E+01    0.154375051412197983E+01    0.201739209567050104E+00
    0.100966327161067885E-03   -0.334053743227724409E+01    0.117906965959481570E-01    0.155012251282131093E+02    0.877233787369763718E+01    0.829722723720688338E-01    0.513379959278356779E+00
    0.425229754053270620E-04   -0.175042906252738062E+01    0.189105402837040859E+00    0.195447238834139903E+01    0.851075150993202101E+01    0.275913603319363765E-02    0.320780905765802260E+00
    0.192607169992150003E-04   -0.673420790301530348E+00    0.455838298438341294E+01    0.439954061680978612E+03    0.748882163760168407E+01    0.169979398054533126E+01    0.632487836456786412E+00
    0.762351313534878649E-04   -0.280765698942390562E+01    0.221275072561104534E-01    0.219359383772410865E+03    0.866456588742352096E+01    0.124640155337769176E+01    0.446747205835923422E+00
    0.176215439945928679E-04   -0.167073007832011178E+00    0.304002836497662021E+00    0.154855025446049428E+02    0.836429214939895260E+01    0.133073443079785991E+01    0.367747585968047019E+00
    0.214461164495442968E-04   -0.134391196596460416E+01    0.218493458340206989E-01    0.716516270426642876E+01    0.839322038801016390E+01    0.166976662768599793E+00    0.112969183117705776E+00
    0.382725851862005786E-04   -0.132906959760820542E+01    0.903156577073982447E+00    0.176022603514730897E+00    0.858752405297755317E+01    0.733739560874503982E-01    0.425717496339593882E+00
    0.480732542342343918E-04   -0.228221082601990854E+01    0.220179971583285089E+00    0.778068992594441511E+00    0.880423716044376015E+01    0.251965065125890897E+00    0.224927486640237317E+00
    0.257572119862912537E-04   -0.870784341616033131E+00    0.224080620905976780E+01    0.161565382076620905E-01    0.887382665420067696E+01    0.238102800374675505E+01    0.253000724747059036E+00
    0.160591009292754725E-04   -0.457679558016019727E+00    0.948494007138433903E+00    0.178725648680806599E-01    0.838077383451529556E+01    0.200198207009745577E+01    0.277274926582794623E+00
    0.116420769229417685E-03   -0.376740693462057186E+01    0.149849663695028040E-01    0.420655155704560457E+03    0.824047955035291579E+01    0.985163884626746089E+00    0.646916292017977401E+00
    0.129828576987766990E-04   -0.878467563134394114E-01    0.346355334081532018E-01    0.402081216345225145E+00    0.798024458311467288E+01    0.828044050723279801E+00    0.237667329814076456E+00
    0.276976283884654749E-04   -0.879197346404745339E+00    0.326273833101517097E+01    0.405214389896997602E+02    0.876557422232079020E+01    0.236471233708270501E+00    0.240581425489347495E+00
    0.342312777498588770E-04   -0.143828190960446656E+01    0.189194485234981530E+00    0.371322349928967232E+00    0.853068837187449880E+01    0.160642411351430847E+01    0.497287931232625491E+00
    0.286102701834202489E-04   -0.207165292763403341E+01    0.930181398129802828E+00    0.269144665832070906E+01    0.885090222453389686E+01    0.161287859715734316E+01    0.457232050840567394E+00
    0.360206946992093968E-04   -0.716377967718795250E+00    0.490961974886931427E-01    0.354486692494039573E+03    0.812168494692603637E+01    0.180780269449940501E+01    0.285030849142907550E+00
    0.629100235824249455E-04   -0.313414688774986949E+01    0.131654738134780347E+00    0.968814586317678391E+03    0.835551629782109728E+01    0.679645388069325507E+00    0.677473199709983431E+00
    0.153332699642378885E-04   -0.540954815929639343E+00    0.292084777936950823E+01    0.627137051674395479E+03    0.863972545581158258E+01    0.120298040508149207E+01    0.216548151799348942E+00
    0.635172360960278143E-04   -0.237804650964857966E+01    0.190360298028886162E-01    0.352853379578169438E+03    0.886290945173122324E+01    0.485205079045002374E+00    0.114963482949479168E+00
    0.218587942246619826E-04   -0.118263060236534190E+01    0.183053403942540349E+01    0.144211545069473368E+00    0.867745308441362972E+01    0.476665921915620239E+00    0.348832852552243167E+00
    0.521552387997439607E-04   -0.237510623587146252E+01    0.180549489406479025E+00    0.296167120182591892E+00    0.895261477798991123E+01    0.489892450060409823E+00    0.568411468280237697E+00
    0.366557856026704146E-04   -0.207178593976812708E+01    0.471358595602523120E-01    0.262357908897969838E+00    0.873421296614089471E+01    0.338377200131330047E+00    0.147856871880781365E+00
    0.449132095624940890E-04   -0.230133138876324050E+01    0.168130994985907709E-01    0.291399949658828095E+00    0.889053477070096498E+01    0.326931473465039979E+00    0.647196939190785248E+00
    0.487274558284675986E-04   -0.197035118042085733E+01    0.260404974558993939E-01    0.125250822488254560E+00    0.876263627627771591E+01    0.124043471685775875E+01    0.348994479588279505E+00
    0.272519003635149491E-04   -0.174673354101656209E+01    0.141121582449936882E-01    0.397835812910551812E+00    0.860048156487742332E+01    0.128074274808735789E+01    0.169591304552633770E+00
    0.654256894980155584E-04   -0.309816778510627078E+01    0.117856609744042662E+00    0.421664076734006244E+03    0.873682026175282722E+01    0.123034740817007368E+00    0.508960391790453937E+00
    0.684166385425002374E-04   -0.239298328653604742E+01    0.466405714876179101E-01    0.499835870648219632E-01    0.908350821953730758E+01    0.109656863502435242E+01    0.327135562408241098E+00
    0.568917751011689660E-04   -0.259782305322826135E+01    0.228506409045528686E-01    0.303636246633289659E+03    0.879126915157191569E+01    0.125030359834336968E+01    0.481055117431199775E+00
    0.199139814613331447E-04   -0.108299865335933410E+01    0.407694409425041158E+03    0.691303102072560538E+01    0.854231229675337289E+01    0.209661820840456148E+01    0.673087880936816707E+00
    0.428667093513924164E-04   -0.168118645284294099E+01    0.627775013641123003E+01    0.382290909981997004E+03    0.844218604185219057E+01    0.134780221598388161E+01    0.491355197382049247E+00
    0.498871646885632884E-04   -0.199716422495753232E+01    0.757596399922031316E+00    0.901817233081680519E-01    0.895583805982465897E+01    0.425904960787300113E+00    0.221580303210232032E+00
    0.288217691226665501E-04   -0.148699399021315215E+01    0.660711999038725462E+00    0.441472083753373379E-01    0.899946982819833963E+01    0.243778260546746495E+01    0.459759232627333092E+00
    0.104959504574124306E-04   -0.238066315650939941E+00    0.120982580258114453E+00    0.369001629566550207E+03    0.792228460311889648E+01    0.264998227357864380E+00    0.246136593818664567E+00
    0.215573572135230337E-04   -0.614757854624371158E+00    0.161821674530561821E+01    0.531529498860304557E+03    0.874314274996714680E+01    0.236912821988170541E+00    0.177352568718479264E+00
    0.274929997941542353E-04   -0.165999355453636044E+01    0.178008621867026173E+01    0.155257712284293282E-01    0.892959990136944626E+01    0.120310383317153535E+01    0.422182526533837477E+00
    0.148750476604874196E-04   -0.155046249366208561E+00    0.175553092357792462E+01    0.206581584751170388E+00    0.817193054491724880E+01    0.902131797153801096E+00    0.594355225096953710E+00
    0.384898780152759939E-04   -0.177274109133865521E+01    0.133552386198816569E+00    0.237814921961014697E-01    0.891763314564678211E+01    0.421159791314535070E+00    0.393000733942491909E+00
    0.507338735565176396E-04   -0.268456395909166767E+01    0.387738416020356169E+01    0.632403819392432993E+02    0.879973801187084348E+01    0.141180986728183777E+01    0.535685141676386034E+00
    0.531255872349947997E-04   -0.164931276673811000E+01    0.141710142592477106E+00    0.499322842569409966E-01    0.870805451860918822E+01    0.154283175371023407E+01    0.625582041054280835E+00
    0.435587801299959208E-04   -0.170314296640144636E+01    0.443831112890876733E-01    0.590581191500858608E+03    0.844055815813498178E+01    0.251701252032137529E-01    0.332553726029360064E+00
    0.125996049593595118E-03   -0.250432051209512885E+01    0.207225557920969328E+01    0.144069349945057326E+02    0.895918720919947908E+01    0.138611829438443346E+01    0.343444531133971165E+00
    0.662405899247920429E-04   -0.243951972606580236E+01    0.656637509432760752E-01    0.941631903968191523E+03    0.884961859046396171E+01    0.575458879300497883E+00    0.204979184079001675E+00
    0.243816066248766257E-04   -0.447512269020080566E+00    0.294350998793741203E+01    0.125671237686115695E+02    0.812755882740020752E+01    0.209952011704444885E+01    0.400594770908355713E+00
    0.582563042505774968E-04   -0.312839791921380383E+01    0.201835979376298158E+00    0.117271434719265315E+03    0.842595134186049677E+01    0.473902386727375835E+00    0.674909524134490901E+00
    0.461670316161395569E-04   -0.160542314308353196E+01    0.268735161895693117E-01    0.137179722979775976E-01    0.863494408646393730E+01    0.440633392828174153E+00    0.110448167716598142E+00
    0.316670424538054385E-04   -0.136830707419441699E+01    0.183018273845503732E+01    0.317539629239711928E+03    0.826727507310984677E+01    0.202406773351358993E+01    0.452465958143426716E+00
    0.915411186593426157E-04   -0.346303544875431024E+01    0.313078710495058665E+02    0.137985112825357504E+03    0.856519958471526266E+01    0.135262818182873579E+01    0.641422850738074590E+00
    0.392880285911506539E-04   -0.160412035388474283E+01    0.117007678043847685E+01    0.194552843182527052E-01    0.898482431850046837E+01    0.171544977385155817E+01    0.165314133334239749E+00
    0.132965445284267329E-04   -0.178511243472134901E+00    0.122761697104519540E+01    0.621441448308849658E+03    0.877818554876155410E+01    0.137907058428221241E+01    0.103533440232159185E+00
    0.192468422589812435E-04   -0.131792350380530987E+01    0.100371576916634883E-01    0.354744390527016729E+00    0.846254081257019308E+01    0.206172094146392437E+01    0.394000338829165297E+00
    0.418630415693213651E-04   -0.186812575147992654E+01    0.746051336680937927E+00    0.123354027707630085E+00    0.890242714763873089E+01    0.241651562228508565E+01    0.276080918053439150E+00
    0.265866649760497080E-04   -0.650100437194208736E+00    0.221856890363997161E+01    0.618733318146826444E-01    0.890429492686195978E+01    0.838307730878967039E+00    0.359519102754059405E+00
    0.891437822457628583E-04   -0.349929516149362119E+01    0.940546680752862158E-01    0.219992682225299419E+02    0.868197028219508660E+01    0.199485466881368345E+01    0.597423434494720795E+00
    0.173785288615252334E-04   -0.572381292824407195E+00    0.945634356061247274E+02    0.224152559710629419E+03    0.831677103511911930E+01    0.144032420068041622E+01    0.595258154511475013E+00
    0.606220548459096234E-04   -0.256055482500733067E+01    0.241555944971036052E+00    0.141066845033545917E+03    0.852713675794069026E+01    0.225119845401431995E+01    0.501576795507911788E+00
    0.263356478933917221E-04   -0.164767416148176116E+01    0.208443111294417116E+00    0.762664385320011018E+00    0.849043217703645681E+01    0.519489421543891883E+00    0.626799263859055045E+00
    0.270010240065549781E-04   -0.137082381088644922E+01    0.351754991609398937E+00    0.926781535509264426E-01    0.854782772882400010E+01    0.494253570868904091E+00    0.555355639933953649E+00
    0.293131315793213881E-04   -0.121284904560521722E+01    0.235580025944589544E+00    0.165360098282015811E-01    0.892212703414602970E+01    0.244501003190889454E+01    0.650174061802711534E+00
    0.636827387307123486E-04   -0.301789525711461870E+01    0.343268070232880043E-01    0.365881258094918351E+02    0.879684344279720065E+01    0.200356671958566235E+01    0.498774893143850373E+00
    0.147889555458574728E-04   -0.301927342327866721E+00    0.419372437123781139E-01    0.156103387156698081E+00    0.814041809587134324E+01    0.160282992913661215E+01    0.174010465673819670E+00
    0.734163284800800535E-04   -0.290870363387720854E+01    0.144731440009980717E-01    0.282715741738200563E+02    0.885034460213362806E+01    0.149327028945166518E+01    0.430358646812828427E+00
    0.219914333887463009E-04   -0.490783272838461182E+00    0.145670780546322405E+02    0.115732874707568789E+01    0.829156914702860348E+01    0.121675390314726783E+01    0.616570089514099529E+00
    0.114823950082812853E-04   -0.172651151258197910E+00    0.280008733194225923E+00    0.204260928529558949E+01    0.780154612406375492E+01    0.902669524457027195E+00    0.681167050115827455E+00
    0.261685710430581909E-04   -0.170456602474224139E+01    0.305556260675230507E+00    0.188460045666241001E+03    0.887591614914278715E+01    0.208501745820805917E+01    0.201784759087415722E+00
    0.374248909352473705E-04   -0.148740336456934985E+01    0.185725192260626434E-01    0.327595193748130331E+01    0.848137234894997505E+01    0.209357564610577818E+01    0.208287766351805070E+00
    0.266096307220080167E-04   -0.632203192025833527E+00    0.954438901608554935E+00    0.477933764365099101E-01    0.839331299410406473E+01    0.798365549576641631E+00    0.495486459993271122E+00
    0.318344918892666032E-04   -0.167848585514251125E+01    0.806812158686215319E+01    0.792167285551847584E+02    0.874839419641576654E+01    0.113750836323408899E+01    0.500629264650451988E+00
    0.254216120171866273E-04   -0.896952458753200843E+00    0.425140492896325273E+00    0.465954997672307059E+01    0.791836634527944305E+01    0.137767822587211164E+01    0.630561633675283950E+00
    0.376050891835077704E-04   -0.165053043595222659E+01    0.178139750888193032E+00    0.236153887402707198E+03    0.843254123197187511E+01    0.413048087816205278E+00    0.304009062435676158E+00
    0.203017888593668378E-04   -0.134583050699371154E+01    0.258631346857356021E+02    0.843443599088170259E+02    0.791784160274005888E+01    0.117928297327435150E+01    0.676766331149975198E+00
    0.384538415582070381E-04   -0.152948895185640832E+01    0.531618757750810800E-01    0.176032077134795584E+01    0.851228084208853630E+01    0.819111644568012998E+00    0.155231771687516146E+00
    0.196195701414111737E-04   -0.389015917185547566E+00    0.109316154884877351E+00    0.119537803781427487E-01    0.818769076073685653E+01    0.848048477973714077E-01    0.356952847269897400E+00
    0.360955481997459593E-04   -0.186280311677712973E+01    0.552745834538433645E+01    0.395759373710240254E+02    0.773952869657227094E+01    0.117482928998606617E+01    0.670621745420993287E+00
    0.316738714545593866E-04   -0.152469051832259117E+01    0.169172299402766992E-01    0.871923561032535654E+00    0.848834560856863263E+01    0.182025595589434674E+01    0.531653800261530973E+00
    0.594846786068019653E-04   -0.254503708987259536E+01    0.104944867193046444E-01    0.160646976652319284E+01    0.894644705506181381E+01    0.235376518200217477E+01    0.579074017480283310E+00
    0.456107867995423396E-04   -0.184386909057052506E+01    0.799634448671911469E+00    0.420119788728570628E-01    0.905173776054967583E+01    0.176831467164501710E+01    0.413624063207501780E+00
    0.324490192717164592E-04   -0.179053324163602956E+01    0.769242835225311394E-01    0.340776034786167692E-01    0.893243458181383332E+01    0.987592129607177460E+00    0.292098936101499729E+00
    0.222413526781834875E-04   -0.113890527100718986E+01    0.469834737777581113E+00    0.207348695060704351E+02    0.845067385215497957E+01    0.359376638679073102E+00    0.130109507949570075E+00
    0.367010486052527841E-04   -0.300340423472750473E+01    0.398379797515103912E-01    0.350146746004310216E+01    0.876204018471551294E+01    0.223552627236046053E+01    0.700560911037468315E+00
    0.487656712281121733E-04   -0.229150497828583255E+01    0.706676590381005859E-01    0.418109957930918085E+03    0.801068543421989077E+01    0.117711342436790467E+01    0.669263908520960404E+00
    0.338024393305619533E-04   -0.214563105347914096E+01    0.491986796897164069E+00    0.736937698602916385E+02    0.885709358247806122E+01    0.190938863647112300E+01    0.326720073513997677E+00
    0.150007927691378986E-04   -0.210388665481409665E+00    0.208536549473851085E+00    0.120919802592410600E+00    0.816802419190756446E+01    0.236418678744054356E+01    0.419037989029944380E+00
    0.584598943394852311E-04   -0.221898545726548413E+01    0.588686946830648594E+00    0.220346737002652310E+00    0.905263883911337430E+01    0.225032481916305782E+01    0.584080367158590463E+00
    0.356571169333904143E-04   -0.150183946132384505E+01    0.133010465426653651E+00    0.823176231905929257E+00    0.851827307790502530E+01    0.147417479302109777E+01    0.360863309908080021E+00
    0.397354289804389651E-04   -0.201463450977212188E+01    0.422465581673103996E+00    0.101729779271113666E+00    0.899506694211649460E+01    0.160817745754856278E+01    0.322716103425782441E+00
    0.256039269984432630E-04   -0.622172331439083570E+00    0.424289397371169557E+02    0.128798265617176200E+01    0.872180623059993465E+01    0.173230372909346153E+01    0.628694049811060141E+00
    0.490690001338569697E-04   -0.219310433303657160E+01    0.101538743363544723E-01    0.249116513827005948E+01    0.880848255047510875E+01    0.693176119475246821E+00    0.120455596952538879E+00
    0.390073827104941425E-04   -0.159404291169789625E+01    0.202780429440570564E+00    0.260404795629959496E+00    0.861768662362088733E+01    0.327735206995702688E+00    0.340044542287776086E+00
    0.420064732909887885E-04   -0.211196535234468463E+01    0.158050727466687552E+00    0.108050991570243795E+03    0.880574688150647233E+01    0.592842594672630341E+00    0.300877102065039370E+00
    0.723115267787187015E-04   -0.232771460664587782E+01    0.320857362643144461E+00    0.122520196395477171E+03    0.886889482579386623E+01    0.107650824530762557E+01    0.232236766083549678E+00
    0.311120518653739710E-04   -0.135751917204268935E+01    0.217572567931323624E+01    0.273926802438403706E-01    0.902280816518160478E+01    0.241781097604972972E+01    0.400175374433937470E+00
    0.236871772804987683E-04   -0.748905304444574260E+00    0.562973228584109017E-01    0.517872922737254768E+02    0.752743383748332917E+01    0.111396458405744925E+01    0.608839483956489458E+00
    0.827508426926332766E-04   -0.270890182186388184E+01    0.201388152783438246E-01    0.797843214661201273E+03    0.822972407927303351E+01    0.226912178815053522E+01    0.590836761415254097E+00
    0.475495705180467134E-04   -0.205615815584016515E+01    0.184633659237156023E+00    0.395663337602827847E+00    0.896748328577162290E+01    0.963418634340757585E+00    0.146158645554465116E+00
    0.406779372420352738E-04   -0.263577064294872088E+01    0.654544412386278363E+00    0.227114390008660649E+01    0.880472348812650374E+01    0.154980488950140050E+01    0.626105333865433322E+00
    0.460268486858113346E-04   -0.239133468669746208E+01    0.396680098986214091E+00    0.402786885676544326E+01    0.853774971688046591E+01    0.166937865735391466E+01    0.608938592405524615E+00
    0.251487549582774702E-04   -0.504419735703647176E+00    0.142643779977658025E+01    0.434835709415273330E+00    0.826453660447819161E+01    0.432317237869737636E+00    0.515952472902335146E+00
    0.293356689878790462E-04   -0.453091644009233518E+00    0.876085039151653366E-01    0.124812125634918350E-01    0.873234307240293717E+01    0.186876597657709342E+01    0.404032163586126036E+00
    0.127782409374435755E-04   -0.950359892624909608E-01    0.912792649377975107E+00    0.312294151493989813E+00    0.809515395005074723E+01    0.117468217085795490E+01    0.692706115129954503E+00
    0.480583020783329894E-04   -0.208854288704858737E+01    0.198695037264607008E-01    0.112159692926808372E+02    0.868867129296654994E+01    0.155059758283899085E+01    0.254011647411878372E+00
    0.211241985697634997E-04   -0.131454197179976551E+01    0.164836189770100745E+02    0.636204354028333370E+02    0.862450250305165333E+01    0.157054752425561772E+01    0.585565049847326824E+00
    0.294242368816483213E-04   -0.820384002370385668E+00    0.419392662121414850E+00    0.191299519803615432E+02    0.761400055825489197E+01    0.273446634467835403E+00    0.595127381466708627E+00
    0.363221125715100518E-04   -0.218912716287906495E+01    0.426567136098531585E+00    0.384195481444655456E+03    0.839804589326245576E+01    0.627047227437275839E-01    0.528281934508605167E+00
    0.143370445278136958E-04   -0.560309666290278230E+00    0.199372956301451509E+02    0.305671259958841847E-01    0.857838143438663536E+01    0.633661406007762995E+00    0.672122492998727394E+00
    0.685645573607209337E-04   -0.278746757456933647E+01    0.125314026948024765E-01    0.271024585520966639E+02    0.876487465829527146E+01    0.204206825164681316E+01    0.504907414020746681E+00
    0.254518984358713239E-04   -0.142040596943148434E+01    0.107418102397291090E-01    0.102953194872302516E-01    0.890208937348909579E+01    0.240198889774552882E+01    0.216870548104119404E+00
    0.597646015655100104E-04   -0.282114032803329540E+01    0.232241587539407446E+01    0.261038598561338624E+02    0.897996593251892961E+01    0.359007564642490826E-02    0.452847401961780860E+00
    0.327276912346837430E-04   -0.168136940284625647E+01    0.184586064980077125E+00    0.504480739060041472E+02    0.842100745140866991E+01    0.229596247142051846E+01    0.584996903802780133E+00
    0.415896118301395485E-04   -0.288782809138687524E+01    0.141103662845202232E+00    0.927839427975043129E+01    0.856951627790633808E+01    0.850328465168661340E+00    0.604803725237464507E+00
    0.122547597453719341E-03   -0.264735055771008865E+01    0.602457266669131700E-01    0.280294988325902864E+03    0.824558050449261515E+01    0.146471820589452006E+01    0.552417257277462936E+00
    0.215186935372830632E-04   -0.306958100007159118E+00    0.107617907110196787E+01    0.105159155840365170E+00    0.868068183646108338E+01    0.253264926028895554E+00    0.352270626275275389E+00
    0.163197035132672382E-04   -0.308458017936061812E+00    0.217545632884672616E-01    0.454064815512887510E+01    0.798489507228845863E+01    0.848630038237829232E+00    0.251137869164308247E+00
    0.465912064218538142E-04   -0.183116584713257957E+01    0.160143117694728249E+00    0.221566774758392526E+01    0.862819690880275303E+01    0.782833154024715872E+00    0.213627947498146065E+00
    0.337830048739768985E-04   -0.153913671653701933E+01    0.145947374924095229E-01    0.276986330264980159E-01    0.891810389412383486E+01    0.164462386301279651E+01    0.591738712031981584E+00
    0.421884056806172492E-04   -0.212713193543420553E+01    0.694634818387536157E-01    0.556833265262451693E+01    0.858212580338571485E+01    0.126090832928608176E+00    0.363005014891750188E+00
    0.222007876097618718E-04   -0.728067866034622813E+00    0.536596093510628980E+00    0.813757945301964902E+01    0.875450653007402124E+01    0.213183799567488874E+01    0.160503498368379766E+00
    0.134141449479824239E-03   -0.367019464771450421E+01    0.523665303742773189E-01    0.858116862434552559E+02    0.835011815467227336E+01    0.159484657684057662E+01    0.626674130332555701E+00
    0.425780823127858171E-04   -0.205719580890227061E+01    0.338315092599747624E+00    0.320554762401614901E+00    0.889174711000753959E+01    0.146338472868932290E+01    0.353985890795182612E+00
    0.604372329708909487E-04   -0.214313087661666346E+01    0.262493572555360308E-01    0.519163971361169402E-01    0.897704869138500783E+01    0.125061671451871792E+01    0.233073725802228182E+00
    0.282456576462077157E-04   -0.138396467818323288E+01    0.441601389786301868E+00    0.116259739561905856E+00    0.860474287995501186E+01    0.319747613232501254E-01    0.559807287548357291E+00
    0.400067629497585423E-04   -0.173013371129609839E+01    0.144564615425251917E-01    0.191180520192518397E-01    0.894648387740404516E+01    0.136546684519166828E+01    0.370765631616484681E+00
    0.733133564774986099E-04   -0.206030566658573955E+01    0.142450826813381431E-01    0.116207610157288057E-01    0.903784291101100834E+01    0.141664151819713058E+01    0.430542714671562243E+00
    0.177932335249225851E-04   -0.102036665890728329E+01    0.919452039559739531E+00    0.145660072503636634E+00    0.865996038127785184E+01    0.155015801741088532E+01    0.131165522581680710E+00
    0.195902724388152756E-04   -0.467174105746504587E+00    0.386245931017016586E+01    0.393182605655925499E+03    0.839347392861035502E+01    0.491114371586341691E+00    0.481427430022143721E+00
    0.157317669246745531E-04   -0.676715350730477838E+00    0.248997833448808059E+01    0.364950627288879748E+01    0.867626347544991994E+01    0.493264141319743332E+00    0.329539300179093830E+00
    0.334311980211101487E-04   -0.115068507790278129E+01    0.249983010696915725E-01    0.206195423977747055E+03    0.839167296500797733E+01    0.302050499927712046E+00    0.145603801780950726E+00
    0.323553693004300508E-04   -0.131060674612820693E+01    0.845323690634230407E+00    0.476488320156884693E+00    0.866363663572381881E+01    0.132700852938322100E+01    0.226680087898826599E+00
    0.179393184583413240E-04   -0.116445471099443654E+01    0.132468108561678442E+02    0.105518447941534674E+02    0.855551864250881522E+01    0.198662771141131977E+01    0.642469849765191503E+00
    0.288294386877129950E-04   -0.595230132938549650E+00    0.187601359264373713E+01    0.503114467313636515E+00    0.869327249650587852E+01    0.766088688618421609E+00    0.179116423631352245E+00
    0.434271513963390649E-04   -0.196814873947327440E+01    0.518217222141000522E+00    0.154010360138815722E+00    0.897602571224034840E+01    0.209734858371587096E+01    0.561245409998279876E+00
    0.936281118201045458E-05   -0.576979821911373994E-01    0.126959326528027737E-01    0.560979981020465202E-01    0.808003123102223242E+01    0.179703643708522609E+01    0.730802522684386058E+00
    0.404273330192522884E-04   -0.222719427085141808E+01    0.868626640641392972E-01    0.189749062268728719E+01    0.876180602149633359E+01    0.136625754939578792E+00    0.625525376756062124E+00
    0.166527446482891830E-04   -0.676756010537117980E+00    0.347668969019504615E+00    0.103611069088543584E+01    0.823034631329411148E+01    0.185239233745048915E+01    0.344717775038509089E+00
    0.336248403834216132E-04   -0.157259537381511016E+01    0.250053438449532928E+00    0.106909804199860446E+03    0.843854678072244546E+01    0.101758154113254040E+01    0.328003773671444843E+00
    0.598383636927945004E-04   -0.168952394018253393E+01    0.523362108374333668E-01    0.387414373588353955E-01    0.877102492250323706E+01    0.134517685366412820E+01    0.610981506669671659E+00
    0.417059959004733839E-04   -0.162369013855131361E+01    0.104261128297299943E-01    0.445156479254865403E+02    0.834430817094236943E+01    0.707692066436853007E+00    0.392304237479153439E+00
    0.394917236973746087E-04   -0.183087289067566350E+01    0.147870853795534739E-01    0.861184480230939897E+02    0.796844682284305783E+01    0.424132694941665667E+00    0.601388370157123098E+00
    0.238028551099246213E-04   -0.112142270307314140E+01    0.194696078553493379E+02    0.168015109385507593E+02    0.839427000127283129E+01    0.208436556143816487E+01    0.596240589345051974E+00
    0.413814322963297916E-04   -0.785909582928132178E+00    0.412636095092748700E+01    0.155244077079842242E+03    0.852060698366407543E+01    0.453291753399189812E+00    0.436665114897226925E+00
    0.256983615413783650E-04   -0.698165685250577983E+00    0.214039541690366486E-01    0.397503228230302735E-01    0.833423513295258189E+01    0.887356568991603534E+00    0.664152733283091101E+00
    0.395965989878514505E-04   -0.307332913843562316E+01    0.186972886233923108E+00    0.134157123568071199E+02    0.861737856174116246E+01    0.196091349553795880E+01    0.660031685678895252E+00
    0.284086894106162342E-04   -0.162221108256716784E+01    0.761887302477257222E+00    0.951877141601300536E+03    0.871227224134340261E+01    0.131622550624524859E+01    0.197422384616733337E+00
    0.417880817626613729E-04   -0.174102950503663756E+01    0.154911687494967948E+00    0.228798629238396018E+03    0.813821625472116494E+01    0.207677026844439849E+01    0.544756896800207224E+00
    0.190160231795402597E-04   -0.504708518792613026E+00    0.288626403068769388E+01    0.491592467698258915E+02    0.856768627448504638E+01    0.166299130578800414E+01    0.256363506226866267E+00
    0.357088413132076896E-04   -0.262026370650097862E+01    0.109727475171394118E+01    0.147318236522551047E+03    0.859182227255923436E+01    0.104417855957987693E+00    0.554671735888567219E+00
    0.573022855123035590E-04   -0.165649565755315886E+01    0.511385664535629303E+02    0.540402092937609169E+02    0.862145631224131570E+01    0.141856846719196605E+01    0.580777129611769860E+00
    0.409588970149033112E-04   -0.113020903877688905E+01    0.169512176402597803E+00    0.896160579663501551E+02    0.846892848034429235E+01    0.570692217111085309E+00    0.447058225142793808E+00
    0.403128803953705007E-04   -0.276992077687680238E+01    0.563963893715191816E-01    0.350878864509732921E+03    0.842325340354408958E+01    0.545961334318664115E+00    0.616090681976797283E+00
    0.348626975540571792E-04   -0.190757706164860297E+01    0.395560193659674519E+01    0.976443898635909250E+03    0.734002143299639087E+01    0.782335121769179631E+00    0.693519658789653826E+00
    0.243049256054760609E-04   -0.153351942087810977E+01    0.130341043654649633E-01    0.243137398825088551E-01    0.862571256494644345E+01    0.783883947830507966E+00    0.320008984648018080E+00
    0.437320193311943947E-04   -0.186366192168757205E+01    0.130674481896524697E+00    0.585942078066320482E-01    0.883823288199860357E+01    0.117154260686875844E+01    0.148684852589050398E+00
    0.636099488112099862E-04   -0.233903567460832384E+01    0.590192463595980918E-01    0.551149840195390993E+03    0.882958059114158544E+01    0.196497759904416514E+01    0.309608881707904238E+00
    0.333966033759566100E-04   -0.194449611713681780E+01    0.121323563443627144E+00    0.779540913335594471E-01    0.889545145325515563E+01    0.217046035308324958E+01    0.706005503886825814E+00
    0.108233448891537635E-04   -0.581954067727572938E-01    0.496652803188999292E+00    0.410858173386091323E+02    0.790071383669917893E+01    0.235867006754143782E+01    0.622354541069870204E+00
    0.193670620013653178E-04   -0.116685111339229075E+01    0.380795668668725611E+02    0.320750423590526452E+02    0.845648840671458402E+01    0.215912821935108123E+01    0.645315725109275373E+00
    0.242689505472953099E-04   -0.535461872896721536E+00    0.420474918029440925E+01    0.180798513442941809E-01    0.841273743181775657E+01    0.507114002745110204E+00    0.663490728629876902E+00
    0.605667670461263182E-04   -0.216874780292123237E+01    0.239089092085929034E+01    0.219519220250824842E+01    0.883086110342511077E+01    0.766429686425093126E+00    0.528435813128406817E+00
    0.304683146814448866E-04   -0.159522366296866003E+01    0.116870543186878062E+01    0.232498551556494265E+00    0.891935699400997350E+01    0.164067162758365304E+01    0.420465347697325242E+00
    0.725541454595960659E-04   -0.253692321607221416E+01    0.947142156493953058E-01    0.193322654667812599E+01    0.886747862475439952E+01    0.569509869076193637E-01    0.562527134012493768E+00
    0.414568541558618146E-04   -0.160659991927429746E+01    0.970980272688562462E-01    0.465816424937384994E+02    0.862860327857966425E+01    0.145141633970331507E+01    0.436039255397475345E+00
    0.264587635513622839E-04   -0.690750935588525738E+00    0.146348574401402656E-01    0.350923163928991477E+00    0.826652574777153148E+01    0.303043822140472208E+00    0.227523892951837947E+00
    0.779924203247206075E-04   -0.264825597983623595E+01    0.133737289441896279E+00    0.613122126358385611E+01    0.873843209164079582E+01    0.212850432175656090E+01    0.588514594618949616E+00
    0.286838309446788581E-04   -0.178298777377840567E+01    0.393554046464897403E-01    0.201450825167075534E-01    0.879248483228662536E+01    0.215234537272320292E+01    0.654752999736130215E+00
    0.183944500590936378E-04   -0.883990197951525780E+00    0.434196192914291590E+01    0.165742491035090478E-01    0.865859963639370633E+01    0.243371317864194192E+00    0.614851861578972758E+00
    0.351215305787688455E-04   -0.212139378669034029E+01    0.199012016127332370E+01    0.539164549114283886E+01    0.863608271288802953E+01    0.901281650288151770E+00    0.493515912401043533E+00
    0.182066438391975440E-04   -0.205094394764231802E+00    0.461957553572463708E+00    0.294736679428493233E+03    0.796263914862696964E+01    0.109291861701844628E+00    0.311123892970310734E+00
    0.196129932583379179E-04   -0.141242704851673251E+01    0.112287158170479337E+00    0.269198043151089861E+00    0.877220957807246648E+01    0.743049549511958007E+00    0.469700461352020482E+00
    0.663684222751897355E-04   -0.246570291240176331E+01    0.123604509172632031E-01    0.266112685118886816E+03    0.865522305539093395E+01    0.961195124038432658E+00    0.517143913555098811E+00
    0.397207669042438103E-04   -0.184076849931139130E+01    0.100405575382005730E+00    0.214239543499638620E-01    0.884773963059473623E+01    0.123913159185413591E+01    0.637507603230864972E+00
    0.283907579959886801E-04   -0.148203297898608710E+01    0.883436190523391174E-01    0.134909920300878605E+01    0.843763617930933663E+01    0.911079857504458634E+00    0.498311282703265301E+00
    0.379697298057980376E-04   -0.140752671776458360E+01    0.455227102840965320E-01    0.124694700260983594E-01    0.864342144776443710E+01    0.109119124589379290E+01    0.431952278220944064E+00
    0.451728657486000684E-04   -0.155409545326372234E+01    0.767643862624109019E+01    0.306088904263654937E+01    0.882098873326291866E+01    0.172411939998882735E+01    0.535554512069743249E+00
    0.199050680358358729E-04   -0.102440390600672582E+01    0.201857371420594220E-01    0.110423957985987080E-01    0.844903172410396053E+01    0.903961052969205370E+00    0.454529818681934428E+00
    0.257334251127295431E-04   -0.163214521857275058E+00    0.268476378211681965E-01    0.112611068275241379E+02    0.801054551699348494E+01    0.179537422660701740E+01    0.242025172749183948E+00
    0.188091557330341029E-04   -0.110699176570047708E+01    0.121780775627225404E+00    0.124400335607267890E+00    0.878769899049784442E+01    0.150610650505004662E+01    0.248157441928343075E+00
    0.255114881805239156E-04   -0.161498981455705071E+01    0.102436355827598868E+01    0.316448289970341357E+02    0.881576309212196563E+01    0.175196325830341060E+01    0.236860507830138151E+00
    0.358681650952489574E-04   -0.140126575040633616E+01    0.600823006494241585E-01    0.207716661566750907E-01    0.889994976619405165E+01    0.172340848221725684E+01    0.462299202768674200E+00
    0.696804784993460864E-04   -0.270344817239554214E+01    0.215416091938757548E+00    0.213503208448109376E+03    0.865658416076368908E+01    0.113403850906122772E+01    0.520309561772306695E+00
    0.382416043525377563E-04   -0.220547853078245693E+01    0.728603770455961836E-01    0.451082382887604272E+01    0.849744381335358234E+01    0.639887964582674384E-01    0.581908968281061534E+00
    0.978092244604890799E-04   -0.342617982269779020E+01    0.852490876518998686E+00    0.458471710874380705E+02    0.831565275481824884E+01    0.171014522131926405E+01    0.659181686959578350E+00
    0.159095133475565812E-04   -0.676550569821426806E+00    0.857913518596655489E-01    0.692421641448970178E+02    0.841526488282741880E+01    0.112505431667309441E+01    0.424393658503805726E+00
    0.758749461389344776E-04   -0.184278225106556359E+01    0.138321361889290256E+00    0.133055372579323674E-01    0.899061712058167473E+01    0.170066561478274703E+01    0.145447435351031468E+00
    0.226843581932870445E-04   -0.159762929934403619E+01    0.765827167643668538E+00    0.107816921666540444E+01    0.855214750812051605E+01    0.459507032067043686E+00    0.496039921368321979E+00
    0.270688013421844617E-04   -0.134992003978155117E+01    0.861349239647584586E+00    0.108103726846265680E+00    0.874689932745225640E+01    0.244548234798676489E+01    0.450273348031261400E+00
    0.260086350891055818E-04   -0.184201050602069061E+01    0.251184214458912369E+00    0.180967915272265827E+03    0.836126812269167274E+01    0.240096540711272244E+01    0.506460469094937804E+00
    0.306944982248279249E-04   -0.147677795860950045E+01    0.721798785988067682E+00    0.211407059027882944E+02    0.831782293197167810E+01    0.817412598402774554E-01    0.437564617285522650E+00
    0.160163057152403616E-04   -0.175993221038228898E+00    0.311655901622368489E-01    0.500103553563028385E+02    0.771502172797143260E+01    0.167356283937854200E+01    0.486369979078133952E+00
    0.163048495925435762E-04   -0.183511654907357047E+00    0.185915421098692218E+00    0.108145102404896987E-01    0.861379906381700700E+01    0.126399588724192879E+01    0.224689467967765788E+00
    0.476870857126711993E-04   -0.189818682020176999E+01    0.236123559903071364E-01    0.225748190825754619E+00    0.885303107141537637E+01    0.158860021174829780E+01    0.569581447315885558E+00
    0.254702370396846897E-04   -0.158491202357438832E+01    0.100510366157039802E-01    0.106340400337407107E-01    0.887580847007362550E+01    0.205709263572570933E+01    0.588733958086479880E+00
    0.418790080403120854E-04   -0.158654799567678784E+01    0.104761880299893730E-01    0.102542544267669872E-01    0.874350634843756147E+01    0.170069806694532510E+01    0.291108609301384047E+00
    0.232657022277782001E-04   -0.241811532611644203E+00    0.232709669388549596E-01    0.239586766606057822E+01    0.799037390430485406E+01    0.319749598326026452E+00    0.249163529494041275E+00
    0.423271910865231880E-04   -0.204445517557147038E+01    0.141888879138338631E+02    0.260881401900861761E+03    0.834676832480550068E+01    0.186539649642513816E+01    0.639227205048646274E+00
    0.393288783956142617E-04   -0.172729613109182312E+01    0.331156911341373539E+00    0.160169257896167101E-01    0.895521502644438172E+01    0.247786775421644245E+01    0.496510741711816195E+00
    0.187503582184532947E-04   -0.516150793292274535E+00    0.320467435348801566E+00    0.608252210386829514E-01    0.831209368060249609E+01    0.871833715791305641E+00    0.501140601211922831E+00
    0.189395681053142930E-04   -0.331343596207893054E+00    0.141481612868614381E+00    0.852782218791525892E+01    0.785378947806670347E+01    0.213607587706172986E+01    0.448804502210939371E+00
    0.288560739943531857E-04   -0.175292486292849592E+01    0.661094870217643904E-01    0.130606796454601742E+00    0.886539007318561723E+01    0.184106419897445672E+01    0.263851869469571509E+00
    0.162986841691140411E-04   -0.133616422537339075E+01    0.437702666770259707E+01    0.113123086971120273E+03    0.792998694277138849E+01    0.672913130015034278E+00    0.653928256426456134E+00
    0.453490775491123570E-04   -0.167774755179211477E+01    0.138442390013472812E-01    0.889537973493072059E+03    0.863084687342319867E+01    0.518735793221506314E+00    0.174430405167436631E+00
    0.258395095850583216E-04   -0.260803982574333959E+00    0.974968835897734171E-01    0.288917647415342593E+00    0.817767070976568178E+01    0.101838175986811641E+01    0.486142321948192180E+00
    0.198640610825543976E-04   -0.107669231495380013E+01    0.108779092076325787E+00    0.510111345450915965E+00    0.868792255525549173E+01    0.517680621233538307E+00    0.209451958489179219E+00
    0.301609094711717085E-04   -0.163922060126873204E+01    0.451334214749261164E+00    0.343742369128692937E+00    0.880920436029204446E+01    0.114147028352105084E+01    0.170228061185800833E+00
    0.422223916943608349E-04   -0.164673875819180471E+01    0.196193528790608640E+00    0.735545415297132354E+00    0.875327945072756286E+01    0.245412756626476630E+00    0.519445130178068371E+00
    0.226311948220379178E-04   -0.109641407564523519E+01    0.647014495367576359E+01    0.145782703560541165E+03    0.774340451062950041E+01    0.167351331311690021E+01    0.638321150548276317E+00
    0.276565756154004380E-04   -0.889368966906882275E+00    0.206107665235767928E+00    0.125139494901433834E+01    0.827886114979304111E+01    0.906155339773154545E+00    0.403361597007187211E+00
    0.216839029832461143E-04   -0.123059575067415983E+01    0.470827898077141038E-01    0.465338597761442884E+03    0.840813570457553183E+01    0.442525531985987652E+00    0.193243485225905232E+00
    0.242599466106546751E-04   -0.163642902946108704E+01    0.265004230965986807E+02    0.415846952313624811E+02    0.850171980344792289E+01    0.168839604101214036E+01    0.662170470377892895E+00
    0.455022808684701839E-04   -0.136302289452123548E+01    0.199882715210256863E-01    0.130693199954962225E+01    0.843710039831249503E+01    0.104520323259033576E+01    0.606743273660599436E+00
    0.322587778019169780E-04   -0.176846989650930153E+01    0.424382076197019620E-01    0.136332429131919652E+01    0.864385442048119934E+01    0.635657672654231898E+00    0.230832245762918609E+00
    0.262783957671984101E-04   -0.182791163209563123E+01    0.264489089675531211E-01    0.412819926660563663E+00    0.876481091399626422E+01    0.190182361654244403E+01    0.460118252287212592E+00
    0.149757442239001983E-04   -0.231053176507511171E+00    0.230081773486051286E-01    0.617157893953789033E-01    0.813076690328270146E+01    0.239345087451279637E+00    0.663313349105788985E+00
    0.293158340984582944E-04   -0.136231578714155033E+01    0.135639394374561184E+00    0.690534501868798429E+03    0.766044714779317548E+01    0.740043998159090277E+00    0.641064594407977584E+00
    0.476063734649701762E-04   -0.179016577477144434E+01    0.193339739228199914E-01    0.794307126421579107E-01    0.885417898441069795E+01    0.123716135055107523E+01    0.416488112721717485E+00
    0.138435568335495909E-04   -0.516198041172927849E-01    0.138079551059867100E+03    0.354995748963077062E+02    0.819368705843744038E+01    0.218020959992641439E+01    0.622927377737690469E+00
    0.380584301357159049E-04   -0.963236572939767166E+00    0.751541752717016953E+00    0.842489673378755583E+03    0.829385197613771830E+01    0.123396920926146492E+01    0.330572276863688785E+00
    0.234936534643591519E-04   -0.150466963759434602E+01    0.506602144292624748E-01    0.456021951608069187E+00    0.878308331305269263E+01    0.110198175485506455E+01    0.495227583795658455E+00
    0.286997162198387544E-04   -0.102437722934714603E+01    0.123823945287692042E+00    0.470754522507040996E+01    0.859669662415247338E+01    0.676231551386019758E+00    0.302906612263767361E+00
    0.227907784917459315E-04   -0.526200257735897514E+00    0.441240209162652219E+00    0.818026495960762629E-01    0.837827713300772459E+01    0.163831411794837645E+01    0.371772524234728619E+00
    0.382003864794328347E-04   -0.160077304003932319E+01    0.421070665158323754E-01    0.361434685534999511E+01    0.830267478078052434E+01    0.363529122979579622E+00    0.556067171610061028E+00
    0.396440738750019226E-04   -0.189041121530181688E+01    0.345998133617613279E+00    0.183308865283359694E+03    0.850092584694739983E+01    0.156326929816211768E+01    0.553927159952308124E+00
    0.299201263572760538E-04   -0.143903240308913150E+01    0.169167971992147947E-01    0.614131532031333763E-01    0.866608982244947157E+01    0.157920951983710234E+01    0.208480121384164913E+00
    0.174736327973889111E-04   -0.767016934086756197E+00    0.133699026631800044E+01    0.103449671961062209E+00    0.881848818357630648E+01    0.224307246460870990E+01    0.147788377637999957E+00
    0.286593131247569560E-04   -0.148873026164937405E+01    0.447297458193115297E-01    0.268183326452984350E+01    0.872289234076750120E+01    0.219367395342155502E+01    0.326347645058081448E+00
    0.412327111613811277E-04   -0.872669796314200275E+00    0.225843087714816287E+00    0.736045701802121499E+01    0.824254158172624862E+01    0.107376768717656890E+00    0.293843555651442934E+00
    0.169448611878018997E-04   -0.630352764372180685E+00    0.219526658843755307E+01    0.357639969428245195E+03    0.875842586108910837E+01    0.243086650554379302E+01    0.205130719846334741E+00
    0.247033358378016639E-04   -0.385371096767427035E+00    0.106572320680152367E-01    0.544945451267362588E-01    0.859862333755591024E+01    0.270929012147991033E+00    0.444055797283248288E+00
    0.337824274765811947E-04   -0.822396194256103108E+00    0.216223160586412090E-01    0.743797693770405921E+01    0.813866969368792681E+01    0.106753794458265286E+00    0.348093165527366966E+00
    0.150243334625054474E-04   -0.128913411621732255E+00    0.447867764511332700E+00    0.123677831960166795E+01    0.797194651241717089E+01    0.158097228949413443E+00    0.479603732507789537E+00
    0.273102835759226868E-04   -0.527718951875114972E+00    0.174762440017370083E-01    0.941800176567005707E+02    0.820539242867504903E+01    0.199997000607185504E+01    0.204166664770073142E+00
    0.428930438858227348E-04   -0.173125322701954820E+01    0.294010391230562843E-01    0.102885106379186561E-01    0.887357730886726870E+01    0.166413359651199433E+01    0.441449794242205762E+00
    0.142083746102000906E-04   -0.202950942173504706E+00    0.680645005574794340E+02    0.152709138360544827E+01    0.794580903596064125E+01    0.665859977496980782E+00    0.705739021896261365E+00
    0.184438452203179292E-04   -0.458435530827360882E+00    0.942527618171543402E+00    0.399320979858024727E+00    0.829714328326016215E+01    0.848402906184074213E+00    0.456117506663662242E+00
    0.124274301803915643E-04   -0.678070738948212237E+00    0.102605672761668876E+00    0.629331874945836578E+01    0.788133699453999093E+01    0.517246090753331944E+00    0.551592521523111001E+00
    0.144738725807436294E-04   -0.233352452468300470E+00    0.996432247306165086E+00    0.471770916710796753E-01    0.872272635480365999E+01    0.194100807511888007E+01    0.329619609012838932E+00
    0.201480225580908332E-04   -0.101203275020928607E+01    0.441832900721349091E+02    0.115294127608484054E+01    0.855428140951027771E+01    0.264470328425934376E+00    0.691233397021372320E+00
    0.375583079216107576E-04   -0.225900127404112716E+01    0.526307637038126663E+00    0.503111130778206714E+02    0.860705303594872007E+01    0.135081231447591676E+01    0.497202172786460950E+00
    0.459525380972632160E-04   -0.217548320009207385E+01    0.163842172543822440E-01    0.519459252887376355E+01    0.865208419752223890E+01    0.146054646660724341E+01    0.571829412840078599E+00
    0.261287770419305636E-04   -0.391361818133616368E+00    0.279615700784042787E+01    0.348348015568450819E+03    0.811081193782900911E+01    0.563752287586782974E+00    0.389931640582923733E+00
    0.224513719057725685E-04   -0.146825810793301903E+01    0.132322813614812657E+00    0.500070039106453312E+00    0.858016309751781492E+01    0.348268208534102397E+00    0.307684361236975956E+00
    0.271920485123138016E-04   -0.308141638747067348E+00    0.300552199832946759E-01    0.232804382329079402E+02    0.808793017698608985E+01    0.143816416247402001E+01    0.235659990955283699E+00
    0.477900000603134569E-04   -0.169340719874164969E+01    0.170213174822177238E+00    0.265980112560231463E+00    0.889458957588494492E+01    0.146944768097810385E+01    0.258246969430872275E+00
    0.172679793191679477E-04   -0.780244344383155153E+00    0.734835525692257158E-01    0.251872507674673562E+00    0.868210706795353815E+01    0.991170088541139971E+00    0.134837303188701019E+00
    0.154697796115158849E-04   -0.466879751792248443E+00    0.623997819148161881E+02    0.536863718904596752E+02    0.853949544019775431E+01    0.878214992867940893E-02    0.526880566890016167E+00
    0.208996865084610076E-04   -0.120119325140629085E+01    0.100499154493830303E+00    0.221272255394038915E+02    0.853266845357209647E+01    0.246732375589398822E+01    0.132264414733255065E+00
    0.370337762885469493E-04   -0.166869264621727398E+01    0.132883758173889081E-01    0.644560284026174486E+02    0.864892931703846024E+01    0.735584592729173314E+00    0.184006125387220387E+00
    0.309485559301626316E-04   -0.126531393975429651E+01    0.168979728084367298E+01    0.392802664882687946E+00    0.887321688458745150E+01    0.186341387084293064E+01    0.479359182469592970E+00
    0.475021682919808422E-04   -0.236058811599898766E+01    0.395112573896353528E-01    0.606385620528641084E+03    0.857593323088619996E+01    0.118127489170852096E+01    0.506122090626041077E+00
    0.251601683686431374E-04   -0.469656851848651635E+00    0.161281900971551799E+02    0.755020784631238485E+03    0.832063114794416592E+01    0.393552273805817587E+00    0.498780555611631260E+00
    0.311195882366965604E-04   -0.954723321619132204E+00    0.142962203257891018E+01    0.371599291991199188E+01    0.810233446416679826E+01    0.215261630764755107E+01    0.616988526286617489E+00
    0.371996033008001735E-04   -0.215155711423398444E+01    0.228293780847980132E+00    0.249090138685538243E+02    0.794580085536730252E+01    0.134070050719404388E+01    0.696424739236287449E+00
    0.129368097530781918E-04   -0.391921549023356505E-01    0.363000924386414556E-01    0.658427492046187126E+02    0.788129951700222708E+01    0.198825106166881871E+01    0.351573468442892723E+00
    0.244126640809320117E-04   -0.571158770322461984E+00    0.147397217235003732E-01    0.852654092807767938E+00    0.822054960603956175E+01    0.183312307139374830E+01    0.450771235167218842E+00
    0.177124532755569905E-04   -0.532148208519260923E+00    0.196020208133180877E-01    0.279893481407810611E+03    0.848259206060802384E+01    0.239620848243966744E+01    0.326803189519603965E+00
    0.520110914815219975E-04   -0.142723107412288908E+01    0.206037798347833215E-01    0.601967280485570175E-01    0.871630230042149101E+01    0.141234573875591551E+01    0.478266145429390277E+00
    0.391123083071608487E-04   -0.220278067729295435E+01    0.117435930717020232E+01    0.101897656136653456E+02    0.850282074499455476E+01    0.150679911238778108E+01    0.546494768904358552E+00
    0.313410322735138957E-04   -0.123566539970944778E+01    0.139104606375460005E+01    0.814830667714544821E+00    0.851640096049386486E+01    0.156075882754570783E+01    0.667540494655986971E+00
    0.267387180981982452E-04   -0.168451724896223487E+01    0.151159181916308061E+01    0.462241968917131203E+03    0.865200724469163873E+01    0.169482189425347141E+01    0.393541821640765677E+00
    0.250538873270380473E-04   -0.102232178671453577E+01    0.398588830654430848E+00    0.201223777883874806E-01    0.884825379570323278E+01    0.233901251413557310E+01    0.418823565846134893E+00
    0.187794359100072254E-04   -0.701423723445019576E+00    0.306567597235782141E+00    0.504818203865826987E+00    0.833869302536212054E+01    0.129096814890788081E+01    0.319312438111793384E+00
    0.357956574187850315E-04   -0.187108550813980945E+01    0.649414445201556140E-01    0.297822629512215329E+02    0.859594322656832155E+01    0.100352899861543957E+00    0.344049247318273133E+00
    0.282005623773180990E-04   -0.345151069874375049E+00    0.510489313251496823E+00    0.411443608233944147E+01    0.848356895846378123E+01    0.117141816260798803E+01    0.305472123244848293E+00
    0.283328975230499087E-04   -0.792585832330140017E+00    0.139113421732078683E-01    0.107612959839695349E-01    0.843185309141473560E+01    0.106308177491836364E+01    0.304382399122317127E+00
    0.211996464031175438E-04   -0.233826353099546552E+00    0.651020671302082188E+00    0.383639324753831737E-01    0.869137311552903213E+01    0.177933685600543212E+01    0.503928963670542851E+00
    0.243123801632460780E-04   -0.687064017748746259E+00    0.319977534971325017E+01    0.112661290169870903E-01    0.851955890759320766E+01    0.144561609520494627E+00    0.651798849660746860E+00
    0.193467660558944704E-04   -0.729060471461776549E+00    0.884739237232029296E+00    0.522552529613188899E+01    0.847875209774934824E+01    0.187050405904669170E+01    0.447407258093723947E+00
    0.116706249322862937E-04   -0.337850867727131077E+00    0.150206749497208492E+01    0.579245615075274678E+01    0.841503471896757205E+01    0.778046571859529190E+00    0.186340493121980005E+00
    0.234632691956327705E-04   -0.102162097540263819E+01    0.223226535474674526E+01    0.226588618165139803E-01    0.867106719061235154E+01    0.124935277107306175E-01    0.571031020389916821E+00
    0.322261334480816860E-04   -0.569062189355799442E+00    0.383118088400426146E-01    0.597580867854115905E+00    0.828139390256600905E+01    0.166839397630418551E+01    0.457211017252390439E+00
    0.454521635517115598E-04   -0.255251017608782949E+01    0.298029304078104185E+00    0.762495049974243557E+03    0.822139803641445965E+01    0.158104862844950578E+01    0.645650367797126923E+00
    0.434878595708744587E-04   -0.206616751247416186E+01    0.207446797623366749E-01    0.142775760819479736E+02    0.864066582507471637E+01    0.157055468461919689E+01    0.463685392145473663E+00
    0.825016819220697305E-04   -0.253154417198391535E+01    0.280257106453990001E+01    0.380561853195066604E+02    0.835365359318914713E+01    0.153173693002845335E+01    0.577983975007440476E+00
    0.225087846160046465E-04   -0.352316059394595787E-01    0.209799364417168031E-01    0.123420374173903209E+02    0.795062026989248860E+01    0.121036199071347239E+01    0.550035715800163527E+00
    0.196867533593217853E-04   -0.168169719888432850E+00    0.417810678223848944E-01    0.179211029211343032E+03    0.841484269129133367E+01    0.214376435095818074E+01    0.284925675895458808E+00
    0.248049479011203298E-04   -0.872747211640988896E+00    0.951058130862287993E-01    0.274727068385510904E+02    0.824390470229034555E+01    0.943459320748743613E+00    0.546318029710094355E+00
    0.200571142037077712E-04   -0.187551629052348012E+01    0.130226539263967406E+00    0.242905270113714778E+03    0.866452736105929944E+01    0.205565691477119028E+01    0.362233717233611641E+00
    0.389462290918010201E-04   -0.176859123048423106E+01    0.788912680631077695E-01    0.152797808597302009E+01    0.860591611877864793E+01    0.206750091833198857E+01    0.609967703295198560E+00
    0.307205794524688538E-04   -0.149510788560255614E+01    0.930247897595324058E-01    0.604724595673444623E-01    0.873531752073109757E+01    0.601209890302129707E-01    0.284227478388709875E+00
    0.235191928890829813E-04   -0.117455020794921028E+01    0.140930983239529972E+01    0.220758497552842556E+03    0.873994106396357928E+01    0.199737388543289351E+01    0.235269385845251450E+00
    0.206470457917402361E-04   -0.499761567356728276E+00    0.102816078119209550E+00    0.213714150813346493E+00    0.827597338779246527E+01    0.707346713142555039E+00    0.274888200802883731E+00
    0.275032458197498036E-04   -0.114950645917496663E+01    0.952851699618114806E-01    0.739017642446676160E+01    0.833143394869890486E+01    0.411410999286976775E+00    0.597855411052641950E+00
    0.216478058114582784E-04   -0.883145987231234053E+00    0.180065707601863045E+01    0.260119585392069382E+03    0.859789203064776686E+01    0.123196319447969582E+01    0.248612154284226644E+00
    0.318502295602415654E-04   -0.108394808634570627E+01    0.360198018662187189E-01    0.191609484381243860E+02    0.791658783690354984E+01    0.311627296912665885E+00    0.539717502960170514E+00
    0.213176912205459830E-04   -0.126849451656617740E+01    0.347860318144906389E+01    0.177503188012233323E+03    0.875959335549958595E+01    0.688984627054855560E-02    0.428969730930385484E+00
    0.846883988921825901E-04   -0.286716117830009853E+01    0.525554329871980919E+00    0.771255097973827759E+02    0.825603013497876148E+01    0.154654452372477724E+01    0.631154803059837732E+00
    0.281448982008317456E-04   -0.191409603788837490E+01    0.446928264067553704E+00    0.260694759302675685E+02    0.864639815354003716E+01    0.244343337949345241E+01    0.449960687329637343E+00
    0.145272368158669618E-04   -0.233894957675616466E+00    0.195522535226025718E+01    0.231269921816985857E-01    0.840965085292012127E+01    0.153607056838049227E+01    0.535733884415716455E+00
    0.230103989847901205E-04   -0.448165202191621814E+00    0.358362501339677786E+00    0.227681878115754133E+01    0.848277540662211038E+01    0.143692962283350156E+01    0.383356254826336729E+00
    0.265115376857934763E-04   -0.854572267597545121E+00    0.462508754138579795E-01    0.464559594288033750E+01    0.810003980457982387E+01    0.826644529611260004E+00    0.428299231029804495E+00
    0.305008370132363592E-04   -0.181320614015679515E+01    0.414751069394356034E-01    0.227849540237506488E+03    0.867804368804797122E+01    0.147363511739398878E+01    0.312437313905232328E+00
    0.109315521296646396E-04   -0.662328737333088002E-01    0.387151560511626192E+00    0.595381727423354405E+02    0.776802201818583704E+01    0.188768394755177793E+01    0.483719754155893633E+00
    0.141750050733294356E-04   -0.647175277592146436E+00    0.108078970732668278E+01    0.115674913917197242E+01    0.820048735839872656E+01    0.126730698624881777E+01    0.685469755431717842E+00
    0.303767550707702199E-04   -0.136855774391061358E+01    0.252743151033593579E-01    0.206939796937121251E+00    0.863339396591434394E+01    0.306750143716432389E+00    0.244921597726135060E+00
    0.305291301854714985E-04   -0.145879128541045455E+01    0.497754531823938542E-01    0.385932165625983842E-01    0.873538104250366843E+01    0.176059103735161782E+01    0.377173066457438311E+00
    0.316530990617080654E-04   -0.158947401345839046E+01    0.222532676630742365E+01    0.962374445843004878E+03    0.756289896408289319E+01    0.133895802970215261E+01    0.669388819961381887E+00
    0.995352584095546744E-04   -0.256607034874875950E+01    0.216476548334062768E-01    0.118430371356606674E+02    0.850854447134631897E+01    0.201562492792045322E+01    0.594917938640870059E+00
    0.321073905775139782E-04   -0.157238706480719914E+01    0.149697504383801572E-01    0.204062697055176479E+01    0.849931286024072108E+01    0.527340299198094220E+00    0.361111684569100366E+00
    0.299441492855623156E-04   -0.604712020048270404E+00    0.561097723038658305E-01    0.200737263733745728E+02    0.760628692694531594E+01    0.506138266546643845E+00    0.576697397499519537E+00
    0.405714779512778137E-04   -0.175286678358444625E+01    0.505589120574213152E-01    0.108862434647282651E+02    0.868240688508203107E+01    0.127398209877553903E+01    0.248889854923742798E+00
    0.194610029956474064E-04   -0.230230834013354591E+00    0.302664107576752599E-01    0.215415322861523251E+01    0.811605767680652512E+01    0.152928147920356161E+01    0.153608630366036170E+00
    0.201789590746345757E-04   -0.162159762010358449E+00    0.678494002540868912E+01    0.504940729992235049E+03    0.733941138973292073E+01    0.890319629133198953E+00    0.611694490008019676E+00
    0.429664177330478208E-04   -0.165589946985528647E+01    0.101424125199304882E+01    0.103891902840629702E+01    0.876613165049789345E+01    0.159516990460280428E+01    0.461726776038318465E+00
    0.282300053587999880E-04   -0.156181106743019682E+01    0.290211189942988085E-01    0.280522550755155031E+00    0.876135232343137460E+01    0.112715552218075943E+01    0.128443478498878716E+00
    0.268348593212980053E-04   -0.122640489552017873E+01    0.983467696410326941E+00    0.391077983225948778E+00    0.873115823092624410E+01    0.509370116038977971E+00    0.506929334121434372E+00
    0.269633304905124042E-04   -0.169019600011765303E+01    0.115229734275816009E+00    0.197658368764859460E+03    0.868056080731205704E+01    0.217447084977002092E+01    0.265421550791179350E+00
    0.294376858653685712E-04   -0.246559700250375435E+01    0.244825376450869769E+00    0.779200789359427315E+01    0.840279601969939449E+01    0.245964135801718253E+01    0.760377552424458147E+00
    0.504194368938359007E-04   -0.175662712478010485E+01    0.185951616378979175E-01    0.240198969198476355E+02    0.867869479110901665E+01    0.216217012983113399E+01    0.390103735839868571E+00
    0.364434194559914079E-04   -0.171299389577076222E+01    0.797316322019986229E-01    0.140296111557914770E+03    0.839489072963390726E+01    0.374371139222212879E+00    0.436307098997531728E+00
    0.403382922164014049E-04   -0.193208527486134418E+01    0.318979994371634810E+02    0.437557319703562300E+02    0.795647555032514209E+01    0.920856325509770368E+00    0.662477607239193689E+00
    0.225006584541547409E-04   -0.125488734998816076E+01    0.927873057790979061E+00    0.122399185046487176E+03    0.864512805567044573E+01    0.222511281950925355E+01    0.243744019599735851E+00
    0.240483235162705465E-04   -0.865923221311748037E+00    0.363507549440062888E-01    0.384743686634830134E-01    0.849435334629851724E+01    0.228936127745419959E+01    0.203830717201843398E+00
    0.211923968828556812E-04   -0.726064482202734895E+00    0.314367808125328649E-01    0.382386523447278762E-01    0.842281430196354464E+01    0.191684013959349397E+01    0.243028124525969752E+00
    0.201494423697143253E-04   -0.614902638142518776E+00    0.298131574137137818E-01    0.256102196204198052E+00    0.833580618337999013E+01    0.175260069469392255E+01    0.421233656608791862E+00
    0.328071985742988290E-04   -0.170165067045680796E+01    0.404628312552962194E-01    0.337578765270141679E+01    0.859742316369956150E+01    0.243620446263917412E+01    0.326590319209040636E+00
    0.142134573989583739E-04   -0.589269238629159364E+00    0.792559228586754566E-01    0.197990402421021547E-01    0.861584942162887835E+01    0.594991376636422764E+00    0.419170649937604889E+00
    0.224790738660759682E-04   -0.761919714448534346E+00    0.124548429518985301E+00    0.170546522405371936E+00    0.841694567283643380E+01    0.147971106148063836E+01    0.523751390755004542E+00
    0.255845511778533798E-04   -0.136869790050174500E+01    0.941821550284670517E-01    0.676035774328430961E+02    0.858877069309580321E+01    0.228681927573499477E+01    0.411459481869024590E+00
    0.217854580701905085E-04   -0.321503000573233777E+00    0.270475456453769691E+00    0.171072387042418839E+00    0.826256727336338948E+01    0.999730670432064317E+00    0.549404600677922184E+00
    0.343834843632499133E-04   -0.153681827306410046E+01    0.626234997600745164E-01    0.180338535309065229E+02    0.848699955477953338E+01    0.228304270472307991E+01    0.351613074981700247E+00
    0.283258217814244550E-04   -0.790135278223975224E+00    0.220412971552796905E+00    0.546579201628302758E-01    0.850665741507780027E+01    0.218302696463178059E+01    0.250203096172865402E+00
    0.230706647669556187E-04   -0.687408844313816436E+00    0.122998654801800954E-01    0.352714360893535972E-01    0.872499304555381983E+01    0.210254404783455540E+01    0.476400126571468352E+00
    0.321423122745903938E-04   -0.115949436846494636E+01    0.159038724245154001E+00    0.331425606168196168E+03    0.844337984057764501E+01    0.108578722310802744E+01    0.236485410593348044E+00
    0.140417908950299821E-04   -0.515579098302161976E+00    0.286678451358765642E+03    0.166578020440991388E+02    0.826090915507360535E+01    0.368902017778197644E+00    0.670732375696875494E+00
    0.302949382609173398E-04   -0.166923281988742533E+01    0.637159423812994202E-01    0.174044646174958729E+03    0.865845906208627802E+01    0.149892083315756008E+01    0.355969017155854606E+00
    0.181630512968561997E-04   -0.822488656353299152E+00    0.583864602693630330E-01    0.564107818801399680E-01    0.840295107544676512E+01    0.278325367224268150E+00    0.576647812690345485E+00
    0.329382716131373384E-04   -0.116563301329791646E+01    0.468189610356321562E+00    0.162985535264895312E+02    0.817801301157072302E+01    0.879791420417760150E+00    0.452814286430103352E+00
    0.249601375768194045E-04   -0.837062868300070040E+00    0.320789636097630337E-01    0.423222393615580131E+03    0.851400724405299059E+01    0.129456947650953058E+01    0.349025004736310041E+00
    0.104824462233965515E-04   -0.645179845506494432E+00    0.776505365824917360E+00    0.390409250841934202E-01    0.846575685226362040E+01    0.191286261379867550E+01    0.546149303411727405E+00
    0.676105090888583883E-04   -0.205105976890412789E+01    0.614356510828363400E+00    0.454049731483886365E+01    0.867711901285207610E+01    0.230984553900997813E+01    0.487773736194487939E+00
    0.246865262047165260E-04   -0.235182636516252985E+00    0.384682903243838581E+01    0.819526632426882617E+00    0.873869100722233583E+01    0.249780418172888474E+01    0.463288101695486731E+00
    0.231767274837953921E-04   -0.172174383836897094E+00    0.267803688697304421E+00    0.649866322445633955E+03    0.851097102648125947E+01    0.128869113825496395E+01    0.189268092721503661E+00
    0.450019337090968544E-04   -0.110188028697906581E+01    0.194699980926515970E-01    0.224274129052501707E-01    0.863623612936966012E+01    0.224815317070702836E+01    0.583896749857508612E+00
    0.213782441851635589E-04   -0.676475521602408758E+00    0.268715238743546143E-01    0.850559592704359879E+01    0.866889205892871573E+01    0.211973279578717078E+01    0.100162024905635805E+00
    0.250234338176517920E-04   -0.126449830171098432E+01    0.153703009414599585E-01    0.140544026009480056E+02    0.869497914903711866E+01    0.147732287678360397E+01    0.206807911299375535E+00
    0.379082543289769428E-04   -0.132555256271203303E+01    0.838504807587289736E-01    0.100770523190960234E+00    0.869683406612885790E+01    0.177017641488324307E+01    0.595471467418601463E+00
    0.612874544190958965E-04   -0.259674932180645301E+01    0.344400439676856296E-01    0.158855695336880274E+03    0.798484277904176221E+01    0.689070004676128334E+00    0.650651764240908315E+00
    0.561049236857630190E-04   -0.225190355226833505E+01    0.298235333992496188E-01    0.223426242748283528E+03    0.827927547742752168E+01    0.189146627382089449E+01    0.618332789232092339E+00
    0.201325192002494437E-04   -0.987195672774647592E+00    0.958524584594292128E+00    0.229569573828665270E+02    0.861641342497331664E+01    0.247747368636108289E+01    0.199396672240362866E+00
    0.198667377323596230E-04   -0.982771276998601340E+00    0.215785766347877761E+01    0.187348808706860240E+03    0.816785967677122038E+01    0.554537953803442951E+00    0.483788627620657996E+00
    0.175739956433743557E-04   -0.609597667152025124E+00    0.104310691284072009E-01    0.661982894443515733E+02    0.821942665406240813E+01    0.103666402417921910E+01    0.211860711641942645E+00
    0.183360834718300224E-04   -0.169656711854242304E+00    0.297301350625647609E+00    0.163128461670971753E-01    0.824536226069459843E+01    0.985738062500170154E+00    0.388279021084082854E+00
    0.311239280139947243E-04   -0.201214069091522418E+01    0.208213459605664433E+02    0.125057785963464127E+03    0.838702317813679521E+01    0.139480229960229085E+01    0.651725416109669720E+00
    0.182889897922782105E-04   -0.351360555521101681E+00    0.810747287214908567E+02    0.118612290397948126E+02    0.818300770867609728E+01    0.129489344442663734E+01    0.637837351434287991E+00
    0.215884777325397872E-04   -0.993806544745319376E+00    0.242545778313615701E+01    0.783074110704212178E+00    0.875008626806787504E+01    0.195873037415997286E+01    0.535352996018234495E+00
    0.439157845610033313E-04   -0.141049431237314593E+01    0.352245121163591579E-01    0.239115173885638167E-01    0.875503975388770961E+01    0.648444920892565557E+00    0.285713645977932584E+00
    0.410272254446813342E-04   -0.116944582242433359E+01    0.207129032296449456E+01    0.461777160491098073E+03    0.826896323857349103E+01    0.241761113567549213E+01    0.459370638921413166E+00
    0.200686481173498902E-04   -0.603347533886061549E+00    0.118017380314738130E+00    0.120770288399961959E-01    0.834951602372236401E+01    0.271700184569397041E+00    0.386930075036381105E+00
    0.314841938255946180E-04   -0.730513326161281729E+00    0.784150576260638665E+00    0.300000042815783843E+02    0.835095509871641717E+01    0.167599623981794488E+01    0.268432627794874867E+00
    0.548929687249203241E-04   -0.237771798659799316E+01    0.708344178687473236E+00    0.369105355682905042E+03    0.841073446021272808E+01    0.196219680476973113E+01    0.600367106006086781E+00
    0.374693101949293028E-04   -0.127649718876685014E+01    0.941207811013272250E-01    0.519140335633212768E-01    0.883825032583876080E+01    0.181562176522408869E+01    0.276005957555486903E+00
    0.313322450825376697E-04   -0.139995456140696084E+01    0.364938498663340966E-01    0.161962571899298453E+02    0.847670280935926357E+01    0.130584123358747584E+00    0.285815555554802037E+00
    0.334213622044850030E-04   -0.115178624290304787E+01    0.430739394167387102E+00    0.121905617249456640E+03    0.804352075591505411E+01    0.220217784234478842E+01    0.523861003842246653E+00
    0.618832112012821206E-04   -0.228053520398716714E+01    0.284065760428406713E-01    0.640274637415954203E+03    0.848764337840011862E+01    0.212994499081489241E+01    0.545212843312198991E+00
    0.274065380058436632E-04   -0.791827212168364047E+00    0.154600157533371951E+01    0.286844959180995951E+00    0.856704460297984838E+01    0.245247609642293085E+01    0.576394085336131234E+00
    0.234401606109486563E-04   -0.129204458247927723E+01    0.372555221787798596E+00    0.490745187101643499E+01    0.816732712328956190E+01    0.169797540416990911E+01    0.617071358194774211E+00
    0.303479421393146593E-04   -0.105423474944356133E+01    0.314294134063526839E-01    0.648693224980622176E+02    0.829699190526748964E+01    0.274480441541208264E+00    0.307477245086498763E+00
    0.342637835810488765E-04   -0.157798536274439760E+01    0.494428805721181253E-01    0.364488854118674439E+02    0.870296661842519725E+01    0.171642523115101575E+01    0.236143222308246137E+00
    0.288195599405717939E-04   -0.113491774722880634E+01    0.421212875160809352E-01    0.941879122111709322E+01    0.792579496173730025E+01    0.107065464255281503E+00    0.641334689121799140E+00
    0.152357758584132913E-04   -0.329015567160591216E+00    0.946890680336747392E+00    0.379958789024106069E+00    0.869211319245819070E+01    0.249168059159436428E+01    0.309898388337986885E+00
    0.486338251454040171E-04   -0.211877428885029451E+01    0.128620214015710888E+01    0.446009619317111571E+03    0.836516430025809576E+01    0.214173554199156335E+01    0.565144080178808350E+00
    0.304886321026662198E-04   -0.985742581070961243E+00    0.909428977822368423E+00    0.116061843204970289E+00    0.863853129168311007E+01    0.189620666642330710E+00    0.533018334573600372E+00
    0.243272459926855272E-04   -0.982612555473558469E-01    0.382086171292273236E+00    0.278241374200165481E+02    0.794784661873485199E+01    0.591126011797556195E+00    0.325340662444615458E+00
    0.301274268955442928E-04   -0.580313113788244794E+00    0.978207497220704325E+00    0.202480329705237416E+01    0.857366181159331830E+01    0.195763596579091681E+01    0.126913660260294381E+00
    0.379502177078068273E-04   -0.536871595219309938E+00    0.476366118554436002E-01    0.231079792570465479E+02    0.839733052444406347E+01    0.129503493104584178E+01    0.365859717179732424E+00
    0.342402847109100509E-04   -0.240224035860517438E+01    0.103250794122525091E-01    0.344719473400144864E+03    0.833038094308020760E+01    0.165810511084448131E+01    0.641228233446953899E+00
    0.153322138407914504E-04   -0.658008095834611950E+00    0.131036822583397754E+02    0.899520039325915066E+00    0.856899481578889066E+01    0.880513109741097200E+00    0.660587944563169716E+00
    0.811690531879337884E-04   -0.329309980602259911E+01    0.123337359655496090E+02    0.804304846876667170E+03    0.802649911048200160E+01    0.192247310141849370E+01    0.683120419019602076E+00
    0.223775484942630152E-04   -0.535311511189273115E+00    0.295148735849300903E+00    0.102095698515333488E+01    0.834684888641325173E+01    0.179046247122250035E+01    0.133070044748251348E+00
    0.167434330803893694E-04   -0.796091535672212691E+00    0.137464540441168785E-01    0.107480415308876844E-01    0.844392038108330212E+01    0.131983056621134431E+01    0.601006882143947929E+00
    0.193239162233185901E-04   -0.119338096984899567E+01    0.193425815871031830E+02    0.372757761003468204E+03    0.843277912502165705E+01    0.145840261970274576E+01    0.630944616641728961E+00
    0.189904652469761810E-04   -0.852384377003962523E+00    0.188225876873795457E+02    0.944561222901609540E+03    0.789527719236001069E+01    0.249839217376904732E+00    0.673870198132570764E+00
    0.323164148801577896E-04   -0.202017100812168993E+01    0.647354999805412057E-01    0.685211746706367020E+01    0.843464450761359608E+01    0.152741545796419520E+00    0.590360100009820643E+00
    0.233617741575109835E-04   -0.125728489268750732E+01    0.156718832131549739E-01    0.964559661751274167E-01    0.864497322959689818E+01    0.658777097090657571E+00    0.308220704907000931E+00
    0.405753466881975629E-04   -0.173961465559202755E+01    0.303174958611943346E+01    0.369529549472151908E+01    0.857033044290581891E+01    0.988052082112367280E+00    0.565970964862802517E+00
    0.268365529367280496E-04   -0.137670542296171150E+01    0.246740172445715028E+00    0.282816066188291959E+01    0.864693021921831395E+01    0.767899724196746680E+00    0.187666397854335087E+00
    0.515884946375621189E-04   -0.192148858770757625E+01    0.179548063654045784E-01    0.398065866877879859E+01    0.857417419888191823E+01    0.678871333064125504E-01    0.471846653014160955E+00
    0.347647355067312995E-04   -0.898440171289792699E+00    0.245030553326203077E+00    0.531768401221973316E-01    0.876363990035827989E+01    0.825864766392900740E+00    0.414245671380903624E+00
    0.268532361468815007E-04   -0.132322518826507318E+01    0.271549004296059819E-01    0.163859410842087973E-01    0.874711413630864065E+01    0.163413074841863670E+01    0.295833987978725177E+00
    0.229707820967990077E-04   -0.103670025032786417E+01    0.626259391821254785E+00    0.428387144658951442E+02    0.848323630430980913E+01    0.992635259454818786E+00    0.437439365162271110E+00
    0.154727452938824330E-04   -0.154573459381308231E+00    0.161586731995282978E+00    0.846822753126419303E+00    0.811614027193884979E+01    0.206280707165810373E+01    0.380725357507226358E+00
    0.108995125190450501E-04   -0.108100757632660152E-01    0.653157715900943092E+01    0.392858300529181747E+03    0.848586523340186893E+01    0.222205492004272731E+01    0.450177290565616728E+00
    0.182993570562302978E-04   -0.561393983626443438E+00    0.861390369261165567E+01    0.137031577458379079E+02    0.803726293031882477E+01    0.150080872689957560E-01    0.686135026951237070E+00
    0.194708764084150870E-04   -0.123609208696200890E+01    0.474141341365424615E-01    0.441466818266430583E+00    0.861224074698622744E+01    0.374532513859328342E+00    0.198104824240028510E+00
    0.237948060996211621E-04   -0.129794649491367942E+01    0.656374705789259522E-01    0.821381869875211224E+00    0.855785494820947612E+01    0.224503593364601173E+01    0.452645139573235156E+00
    0.267029117411468678E-04   -0.751216418788742235E+00    0.170960354410496757E+00    0.381243299267549907E-01    0.875108956665860660E+01    0.192890814803625110E+01    0.402360004363602197E+00
    0.339705920821518700E-04   -0.136446157638186372E+01    0.269414058389252746E-01    0.679510517621914195E-01    0.876965961533688088E+01    0.215046397560315894E+01    0.140202055357891514E+00
    0.151841250627559774E-04   -0.183227254300749931E+00    0.198760478326738717E-01    0.107961981626506318E+00    0.854515761882239033E+01    0.127452210931689458E+01    0.456840257356493806E+00
    0.144524689124802982E-04   -0.199803756921639097E+00    0.921511300451922755E+00    0.503376728254509229E-01    0.833880078614654607E+01    0.160485349603747696E+01    0.542753607388450465E+00
    0.220243325512284789E-04   -0.124798705383535591E+01    0.274356246690001110E-01    0.833610176484119836E+00    0.853095650464709720E+01    0.136400544502919630E+01    0.267884604378219038E+00
    0.219663153325759106E-04   -0.791610665906690159E-01    0.181062044256104961E+02    0.294836792334068491E+03    0.849355995400888020E+01    0.493087013477233188E-01    0.456411113218325837E+00
    0.234729946114404677E-04   -0.409584691334719586E+00    0.103548098987969457E+02    0.168939800977263577E-01    0.860412834235525104E+01    0.468083822493353174E+00    0.610580807975348860E+00
    0.368504006232770194E-04   -0.197745939571320539E+01    0.203755525090821532E+01    0.199356926832292274E+02    0.849687290085878644E+01    0.174847416399742306E+01    0.563510482503431498E+00
    0.117542058223937875E-04   -0.521160280251238950E+00    0.958100564747362132E-01    0.116943135313739237E+02    0.786708621426845145E+01    0.574675715322856773E+00    0.522059132991847030E+00
    0.260627202315050194E-04   -0.659257101695999714E+00    0.235928689331657143E+00    0.249111677245149668E-01    0.846571270839622514E+01    0.143130069729026710E+01    0.376395307207734620E+00
    0.163609361307444038E-04   -0.278801859137469854E+00    0.252730182629274769E+00    0.201177787547237134E-01    0.833052347546500016E+01    0.244555155676638680E+01    0.344071125997065408E+00
    0.382315918310069183E-04   -0.137678221943981804E+01    0.246800466109654476E+00    0.635222954813220895E+03    0.862008119178090659E+01    0.553779834758441392E+00    0.219774976720584714E+00
    0.285196795758891423E-04   -0.913346453901621613E+00    0.119496660021737866E+01    0.467287179690271444E+02    0.859727307045883649E+01    0.241972240219745505E+00    0.252098852988984823E+00
    0.285766646113097650E-04   -0.101265579307141995E+01    0.558600160795102649E-01    0.492510584468988308E-01    0.877116457798830318E+01    0.175329389881805886E+01    0.668692613952899695E+00
    0.178171886384090982E-04   -0.499888841893528744E-02    0.108201812855465089E+02    0.668387853957760285E+03    0.824327752552137483E+01    0.207626615730473940E+01    0.543033135091991914E+00
    0.237116458324025824E-04   -0.997671058607767614E+00    0.128992428663531108E-01    0.306502529519261024E+02    0.864442144095082909E+01    0.186802178079062187E+01    0.213242502862296901E+00
    0.282501390329882698E-04   -0.168435164382310631E+01    0.218884992763369475E+02    0.242368083938832314E+03    0.731389099897964012E+01    0.850693493667037615E+00    0.714004904985785505E+00
    0.151135957337223989E-04   -0.118603468766285469E+01    0.176303610739058536E+00    0.157029822897321536E+00    0.870802772714371720E+01    0.157956661091720507E+01    0.683888676003178819E+00
    0.145961941464261802E-04   -0.865670401845391180E-01    0.635648131753983880E-01    0.246514612305651221E+00    0.814820336974610804E+01    0.960199709923071465E+00    0.152460294275689967E+00
    0.269391754332605707E-04   -0.887974557904660622E+00    0.148744572853136553E+00    0.123211126322289293E-01    0.854389754331408291E+01    0.134222086719667311E+01    0.183209222777505121E+00
    0.208371380728304353E-04   -0.110528067222230808E+01    0.368092382245894800E-01    0.302164126044040526E+00    0.873621200017475097E+01    0.236869598787836111E+01    0.270504728198683264E+00
    0.332987964965303913E-04   -0.189691217237196197E+01    0.893135186898467714E+00    0.635131972985898869E+03    0.834372605361640041E+01    0.591126563403953309E+00    0.555321487718826168E+00
    0.320858931975048320E-04   -0.170661247713041186E+01    0.651691957236716135E+00    0.424839011611666795E+01    0.852379736893987072E+01    0.448023781225246054E+00    0.525873993870066059E+00
    0.542516406374680076E-04   -0.193993475423511108E+01    0.183545974591157690E+01    0.392048440714325110E+02    0.830162319770530921E+01    0.138394421227087894E+01    0.594617839021163497E+00
    0.273330711342446847E-04   -0.106578217583420032E+01    0.198605227235682968E+00    0.155482914433367286E+00    0.878004383347919060E+01    0.194049406103894428E+01    0.121683570076591557E+00
    0.332523027091017622E-04   -0.159173912518854732E+01    0.591278553295265241E+00    0.625361271020142453E+03    0.795737279255731167E+01    0.135000305665626286E+01    0.615733081236981894E+00
    0.235669725352411764E-04   -0.133007808571922936E+01    0.454834975296918090E-01    0.100117574898484605E+03    0.798773491193801544E+01    0.147924724295618648E+01    0.598308511938519527E+00
    0.460312936606065471E-04   -0.262946369143206038E+01    0.104043670455277715E+01    0.166297803893844474E+03    0.845422408449984886E+01    0.425949241826061309E-01    0.630216979064629035E+00
    0.101549022292009191E-04   -0.109556842491816769E+00    0.526762105435008898E+00    0.250219502441775205E+03    0.793578027817609755E+01    0.135691639104188555E+01    0.400828431413690955E+00
    0.264270747693314830E-04   -0.118538020961736867E+01    0.450523843361997467E+00    0.270002286884761400E+01    0.850543488814542492E+01    0.199818225656293064E+00    0.462618352682429235E+00
    0.260470066937984186E-04   -0.292666319977626932E-01    0.128318769346682821E+00    0.194446055762106596E+03    0.777016011619668134E+01    0.246763661615021546E+01    0.444007890372847935E+00
    0.236384279342201367E-04   -0.109758160011394978E+01    0.148815543024421303E-01    0.428675097545673719E-01    0.874036500370619507E+01    0.154191437285532973E+01    0.623551440321169603E+00
    0.153615557749643778E-04   -0.315188769319194650E+00    0.354967394409717807E+00    0.493048684950827820E+00    0.855049850635806052E+01    0.161797732331145450E+01    0.541134550138843373E+00
    0.362527829994322369E-04   -0.120785844216692562E+01    0.621862226494378501E-01    0.795548530252837977E-01    0.870840612790310686E+01    0.249387965430822511E+01    0.369746242630957567E+00
    0.265617347447756094E-04   -0.124748356809452643E+01    0.231889157724624678E+00    0.588794406975703177E+00    0.862712954756863049E+01    0.118239007168227594E+01    0.243759377750644823E+00
    0.326309101135522072E-04   -0.576442053481668992E+00    0.945231125629800606E+00    0.289816388405629482E+03    0.832029234425182196E+01    0.973143103844174240E+00    0.449010555277112533E+00
    0.183503872438801393E-04   -0.124192696554099768E+01    0.966706587988355320E-01    0.710231363002445004E+01    0.870556064923301953E+01    0.231763458018969848E+01    0.128138800885321480E+00
    0.305229788610067806E-04   -0.121258283190465521E+01    0.454142250836115230E-01    0.630373113256192052E+00    0.860064854980414850E+01    0.189759839288147436E+00    0.384582693226123928E+00
    0.375068125566919378E-04   -0.166204150913569038E+01    0.326836381864829606E+00    0.479046198750386676E+01    0.845453051525114851E+01    0.231183160898599804E+00    0.640949233010848385E+00
    0.201922619077672354E-04   -0.852960230702722200E+00    0.278039864137829620E-01    0.540743863933484761E+02    0.831062660144963772E+01    0.262158823175867084E+00    0.222113194051851981E+00
    0.269643720045867061E-04   -0.125463164397645466E+01    0.259291121854841496E-01    0.298032743039431808E-01    0.874869259563915769E+01    0.208065267414262500E+01    0.639338569080165398E+00
    0.202380077891305551E-04   -0.109924750923706771E+01    0.300467675040806022E-01    0.757147900890029146E+00    0.844074564256301763E+01    0.958681921974651075E+00    0.626020862223135688E+00
    0.183491245225708570E-04   -0.197837361491215863E+00    0.183976656137454753E+01    0.297887318144615376E+01    0.875101401561518166E+01    0.230019405911671981E+01    0.143360129727592628E+00
    0.395824199483436521E-04   -0.187741594519549393E+01    0.825233615598054526E+00    0.210606959710472410E+03    0.840849440446412544E+01    0.231107660681076332E+01    0.533094396129559112E+00
    0.233707726878171467E-04   -0.955040682777726468E+00    0.172172199035424377E-01    0.165566934902015220E+03    0.821803320422253947E+01    0.153053204826507860E+00    0.366479551151208116E+00
    0.161344366585947889E-04   -0.288663989932234966E+00    0.639133748627278231E+00    0.165326677496738306E+01    0.822489209136178445E+01    0.249164148614157366E+01    0.286091908536928896E+00
    0.280030974762428462E-04   -0.146096738275517213E+01    0.427524879859095375E+00    0.362502897964853155E+01    0.857950681148319738E+01    0.985287928987673034E+00    0.471374571333607828E+00
    0.351909259726495568E-04   -0.202958448344013132E+01    0.418671409446295870E-01    0.133990371205499827E+03    0.815067678366513704E+01    0.151764832301979702E+01    0.627260243196547385E+00
    0.220936483437839267E-04   -0.127658298680427418E+01    0.407772338013559846E-01    0.139000112950584214E+02    0.852489496613505793E+01    0.399787646185995549E+00    0.333362261773566371E+00
    0.557617363342999742E-04   -0.258824154971016229E+01    0.895727888848683662E+01    0.837683608203961967E+03    0.805711817388890417E+01    0.208073058215410800E+01    0.661072913156339093E+00
    0.230409905081619713E-04   -0.101597391497921352E+01    0.138376797386780132E+00    0.639626936455970636E+02    0.851828557939952269E+01    0.546287552503764928E+00    0.103227435096222037E+00
    0.428385206285671256E-04   -0.133118021350594207E+01    0.823421382671953972E+00    0.770214864397637371E+03    0.820211237669619031E+01    0.137676815660805296E+01    0.491233674080592375E+00
    0.211861844318861723E-04   -0.656695041121083012E+00    0.345205521927851866E-01    0.100515366486722954E+03    0.738138205051392582E+01    0.167870379699741257E+01    0.649279935673853781E+00
    0.232410967656276422E-04   -0.136297479939286292E+01    0.380837526069484955E+00    0.321718435879016962E+01    0.862868395402575850E+01    0.248096051655614946E+01    0.276442522146720937E+00
    0.339868024357046578E-04   -0.123458882337641596E+01    0.633616121227887213E-01    0.258720135928995447E-01    0.876765857515396618E+01    0.131999530381022145E+01    0.653816418248232889E+00
    0.248496091066149847E-04   -0.130392429174663471E+01    0.385880959745625141E+00    0.558970313238047311E+03    0.855554726086041661E+01    0.147231194652280939E+01    0.404764789121727087E+00
    0.371505494025073970E-04   -0.205584482625282305E+01    0.116034275862059600E-01    0.747860115400769558E+02    0.863197635143277253E+01    0.378410037240867192E-01    0.470094001627165192E+00
    0.256412006948889513E-04   -0.132360851024397208E+01    0.141345293903080618E-01    0.101646655031498545E+01    0.861857609484539822E+01    0.112099038721759614E+01    0.143617975048678043E+00
    0.280621150808100920E-04   -0.109330748669775568E+01    0.186469905501084887E-01    0.198274708816993175E-01    0.860713814613886541E+01    0.755641483893084165E+00    0.277931843487003560E+00
    0.206104454547740238E-04   -0.161730364842895291E+01    0.240542951499230151E+01    0.429553837785896242E+01    0.846681563348227684E+01    0.212897664268178044E+01    0.619403358008800531E+00
    0.290217676370536561E-04   -0.119128935612425013E+01    0.158527267507240666E+00    0.746742149655281601E-01    0.871702486814327671E+01    0.163832541321567504E+01    0.176843031776605875E+00
    0.995356154958017950E-05   -0.356067670726246677E+00    0.162610794340259379E+01    0.430580863747681803E+03    0.799039456675768012E+01    0.219973761180499316E+01    0.504089528879959059E+00
    0.219696073610203970E-04   -0.135485400668335787E+01    0.114682554357126831E-01    0.788740821262775116E+00    0.858110277489362794E+01    0.171798116809636192E+01    0.624551373644357088E+00
    0.333323289840191297E-04   -0.400425767156405710E+00    0.198255042977672144E-01    0.950423990621675929E+00    0.824713958248628920E+01    0.849692917822616467E+00    0.161694561407811105E+00
    0.169796129286314482E-04   -0.201634346721596996E+00    0.111824140412281126E+01    0.303198484534503514E+02    0.872438609264464304E+01    0.230901861704603739E+01    0.120522548455901837E+00
    0.215968271795849170E-04   -0.890219305138083783E+00    0.759624717720279036E-01    0.282644671874407227E+00    0.858471873260374885E+01    0.190894259023759755E+00    0.238979363994987065E+00
    0.111902029962850557E-04   -0.812288490926129425E+00    0.231571546012234730E+01    0.136239447440522156E+03    0.856002141707137199E+01    0.195812739006093928E+01    0.377053699113130691E+00
    0.259061277070946676E-04   -0.567396623187727434E+00    0.430184461304915430E-01    0.157804109911463541E-01    0.840207585439263305E+01    0.978519841059618423E+00    0.517297255122320387E+00
    0.185336023641247531E-04   -0.107689280933803722E+01    0.658773300173417370E-01    0.209060123722011923E+03    0.749307410539073793E+01    0.189799380254338868E+01    0.694168182273163903E+00
    0.271043860085592977E-04   -0.694589547801796048E+00    0.152421661936364239E+01    0.541389221282667677E+03    0.776644514968967314E+01    0.165172421511085021E+01    0.623871351112604167E+00
    0.253409392948530091E-04   -0.170771736630920801E+01    0.303805160774166735E-01    0.210387126060831292E+03    0.848896171670477706E+01    0.179476050000499665E+01    0.513640062138773223E+00
    0.309600653243290031E-04   -0.999492856140456354E+00    0.258603368053809624E+00    0.198281784966755442E+00    0.857295656046848720E+01    0.867954650401487449E+00    0.576760907127593092E+00
    0.323563285205005167E-04   -0.110768874739918188E+01    0.134048225641412611E+00    0.307145765803995829E+00    0.873621001290806376E+01    0.120043725554857250E+01    0.526105239667706170E+00
    0.253121280105291796E-04   -0.150342950972430667E+00    0.562851959740170993E-01    0.246443375849993771E+03    0.775583987299244892E+01    0.467942188957608252E+00    0.455426833925686281E+00
    0.263900969613157462E-04   -0.116244794664713624E+01    0.717685332486157623E-01    0.108458569982636394E-01    0.869371571309859092E+01    0.123693472221244138E+01    0.325378846269745448E+00
    0.101763936021296460E-04   -0.747942377549667969E-01    0.554247783030634641E-01    0.569887706379488199E-01    0.817830475310828930E+01    0.135732469189478566E+01    0.597326958895310289E+00
    0.329628728606511627E-04   -0.848846353577530910E+00    0.848006259091064862E+00    0.547449904514935137E+00    0.875402704905936346E+01    0.101010305092351649E+01    0.103600088576678795E+00
    0.219272701475812039E-04   -0.772790765141706526E+00    0.576326402034104346E+00    0.114718510185173261E+00    0.870728166927207781E+01    0.836067473401568062E+00    0.243454296468704506E+00
    0.189391364450257113E-04   -0.444074142629831969E+00    0.267183952455211024E-01    0.875876023990097563E+00    0.821219010552829687E+01    0.162740043007005530E+01    0.444090542306986857E+00
    0.172151754708021107E-04   -0.444703525250687626E+00    0.901815818412349035E+00    0.288357709393083788E+02    0.807119082961999901E+01    0.169012700131804960E+01    0.414373055142588598E+00
    0.411996653639227275E-04   -0.213819749260459702E+01    0.302296730752111120E+01    0.862615073101952667E+01    0.849933254962933127E+01    0.100061360071141220E+00    0.641837556368532791E+00
    0.581282965224596317E-04   -0.206842257776204175E+01    0.682552793119142465E-01    0.244583310955630395E+02    0.825987504948541584E+01    0.410146758955526269E+00    0.572584832499841268E+00
    0.230368843557808201E-04   -0.446116396164626838E+00    0.245208170325625974E+00    0.908688245993578281E-01    0.838146423083578185E+01    0.118826508967303979E+01    0.292558513281388266E+00
    0.244086230102027168E-04   -0.141138069782376574E+01    0.740177564320348935E+01    0.833525255488510375E+01    0.839918767317785964E+01    0.501341512508774789E+00    0.641476287004689727E+00
    0.946025825844263556E-05   -0.578629885717386813E-01    0.489087160566229029E+00    0.458989323916526644E+02    0.821169530454391960E+01    0.380510943436980220E+00    0.405166344152329438E+00
    0.176888084620026702E-04   -0.103779481538316820E+01    0.511190730017356126E-01    0.354724466876154132E+01    0.847616961488592580E+01    0.202243841606831148E+00    0.179707165596380170E+00
    0.282921476141734171E-04   -0.592255210394644904E+00    0.530871935158148886E-01    0.358495354466712524E+01    0.812530494681833382E+01    0.695347655686699540E+00    0.358884410724447878E+00
    0.168671527683373307E-04   -0.404571743595429578E+00    0.379481940554541097E+00    0.558635132399929944E+03    0.753504253999175955E+01    0.150511249729882435E+01    0.620282292955773085E+00
    0.168210276575946258E-04   -0.292852299732654253E+00    0.126412035336080253E+01    0.374009301327600641E+01    0.840418350709549422E+01    0.153535135239156872E+01    0.204248090784115099E+00
    0.312926553462353590E-04   -0.106118305730484552E+01    0.859432062446241818E+00    0.602136924221567615E+00    0.856830407955393447E+01    0.145525706506479491E+01    0.627433757533502279E+00
    0.222891773534030271E-04   -0.902908869824973204E+00    0.280761557005689166E+00    0.160801135043402876E+00    0.864813999844820991E+01    0.559157858079828762E+00    0.482767675071915869E+00
    0.244142409247174155E-04   -0.285385247920368290E+00    0.518877023921710823E+01    0.629867817611067249E-01    0.869249717208639261E+01    0.820575017010576224E+00    0.533832017795322633E+00
    0.191922622302789936E-04   -0.996075898049251229E+00    0.812001504448175565E-01    0.269894894049400258E+00    0.868082367340281102E+01    0.162746572356848462E+01    0.527207926093634982E+00
    0.373038717759363163E-04   -0.111655265810763371E+01    0.106525543429016295E+00    0.878677960039763484E+01    0.844790129199434148E+01    0.101168287019420955E+01    0.263511357955792780E+00
    0.134387009875602607E-04   -0.547936436314262587E+00    0.107431199110272407E+00    0.646173027736973160E-01    0.834160728911265537E+01    0.194449746640743770E+00    0.183862997792606842E+00
    0.410227714938101018E-04   -0.134248827391832926E+01    0.603248574830913126E-01    0.101436810728316251E+01    0.869561879252013270E+01    0.100149340707445234E+01    0.255501766613306369E+00
    0.216641013261405234E-04   -0.244586474673533172E+00    0.323734332681485215E+01    0.678921473602381184E+03    0.847365837744616179E+01    0.362832794676133941E+00    0.295653398710648330E+00
    0.147017685178602243E-04   -0.800213380351614489E+00    0.158739551197028250E+01    0.607666850001227221E-01    0.869459304710045622E+01    0.205988082834130193E+01    0.669833944985882446E+00
    0.187844047362887733E-04   -0.135790772256008829E+00    0.449079100893230798E+01    0.401827984154699038E+02    0.856750759093008440E+01    0.134062812293623801E+01    0.350868832041861700E+00
    0.281278150690597817E-04   -0.117101214659735353E+01    0.150777710709264018E+00    0.666631980920386269E+01    0.804435345757795517E+01    0.113551440600435161E+01    0.643342851634285728E+00
    0.369944984693082208E-04   -0.114065768648233057E+01    0.333718373251668921E+00    0.180320534647658426E+01    0.853447139802159782E+01    0.186408099492832857E+01    0.287056584457377362E+00
    0.322921520426214419E-04   -0.970630300698898552E+00    0.245194991558020693E-01    0.106342825267064551E+02    0.822085854450938491E+01    0.202890806562107207E+01    0.406140940067938772E+00
    0.224049793457697002E-04   -0.747764672208685699E+00    0.143181338090876875E+01    0.107643946361180465E+01    0.840775049750688197E+01    0.707452440034968821E-01    0.461151378028239356E+00
    0.220429915030111875E-04   -0.280542501257734167E+00    0.947056423953459431E-01    0.155552511564874720E+03    0.726086546748449990E+01    0.176205465927158555E+01    0.624133271249511123E+00
    0.264475633994457144E-04   -0.123022449505270748E+01    0.250044642005499869E-01    0.731555331422625045E+03    0.850902155500441637E+01    0.162187128915481593E+01    0.265068094868805004E+00
    0.160439325634287675E-04   -0.371600715166403472E+00    0.555183942266534169E-01    0.859972680942830436E+01    0.819641557666574094E+01    0.257637187294431191E+00    0.142799607448985816E+00
    0.361564320394669437E-04   -0.130784471085424148E+01    0.309869553937230646E-01    0.322181559746442417E+03    0.838136794149854580E+01    0.926728358883516790E+00    0.382028904103510092E+00
    0.251745029660541949E-04   -0.571255691488504525E+00    0.155344066501608369E+01    0.833113032166323819E+01    0.866499885645669643E+01    0.101714599057885291E+01    0.235183717011727522E+00
    0.307641820616297548E-04   -0.113943033800474547E+01    0.169300778482305743E-01    0.571219896871785522E+03    0.728454173538368899E+01    0.769125764552535673E-01    0.661609286666132057E+00
    0.180001040390611666E-04   -0.120320493526203687E+01    0.112806564544662535E+00    0.275345676112230677E+02    0.766902639918253914E+01    0.176510886251246668E+01    0.711144087970511651E+00
    0.161015543501976500E-04   -0.727079873019492062E+00    0.123172414128462318E+00    0.912697951325643260E+02    0.840928264554029603E+01    0.151308989615492395E+01    0.127480652798369509E+00
    0.234713552293098442E-04   -0.200879881621691903E+00    0.116302665085114373E+00    0.439240866850242717E+00    0.855002908236168757E+01    0.227928542302933668E+01    0.464409949727989546E+00
    0.244832838808491724E-04   -0.815088291550879029E+00    0.346712736248304010E+00    0.203106263874210623E-01    0.859319231125321181E+01    0.136920259069589068E+01    0.127159339972699126E+00
    0.113958117971716027E-04   -0.198955921572227135E+00    0.121488626883780426E+00    0.183590050812895922E+01    0.802131146746429913E+01    0.174461347709095466E+00    0.342017256989667118E+00
    0.230812311213231040E-04   -0.589245252239491868E+00    0.634721886940932400E-01    0.834795713660256844E+00    0.828581408082126103E+01    0.166652256918946251E+01    0.550647251860131637E+00
    0.422929305091927974E-04   -0.862034182047833220E+00    0.197774946357616477E+01    0.216275707336302006E+02    0.856013490601971938E+01    0.191200676094492072E+01    0.308444143648749669E+00
    0.251770894659057867E-04   -0.694424986724623383E+00    0.140093769586326333E+01    0.289956646985158706E+01    0.853352905053122335E+01    0.588694339571937730E+00    0.241395869938663826E+00
    0.164077879614141658E-04   -0.938516101863716978E-01    0.327120417378332434E+03    0.545416494630843772E+03    0.822835243869989696E+01    0.151364403693256921E+01    0.597330222447894688E+00
    0.305090756949595765E-04   -0.428565792976013715E+00    0.102133571372119925E+00    0.589937267227284456E+00    0.829959988260690018E+01    0.150866586495740895E+01    0.376832543553194621E+00
    0.179329902157096644E-04   -0.994649232945739925E+00    0.700319608812169092E-01    0.471500249954734372E+02    0.828565525596226315E+01    0.191133591241537615E+01    0.383776188199629664E+00
    0.319679415851424707E-04   -0.109470885666028872E+01    0.209849420311528263E-01    0.144824404206497181E+01    0.856693995762723404E+01    0.528927272465861020E+00    0.540721943747414224E+00
    0.158039176749345034E-04   -0.162480858026502861E+00    0.270367105499640555E-01    0.389080709522575376E+03    0.816341173191780456E+01    0.843035554652733388E+00    0.109296899969439837E+00
    0.349561378933796257E-04   -0.990304782833326569E+00    0.477136653473727801E+00    0.236675309774451066E-01    0.873152544374289263E+01    0.201432475249936704E+01    0.456814567470544275E+00
    0.163906325418356527E-04   -0.873599066754143505E-01    0.221667672848828934E+01    0.164745996240856442E+03    0.852866221629276566E+01    0.570740856987564493E+00    0.268078252091109637E+00
    0.321995362932642811E-04   -0.126275461492890284E+01    0.102678769553940560E-01    0.126322158880196625E+03    0.798987817710995607E+01    0.236912850720429802E+01    0.572188384117751969E+00
    0.169738572134146361E-04   -0.105555887036349128E+01    0.340462491114310694E+03    0.277296799785433645E+00    0.857230424921038470E+01    0.125122966459692186E+01    0.740877740283207964E+00
    0.310526127027435216E-04   -0.805450681023986537E+00    0.295262619919408088E-01    0.601682006699495120E+00    0.839174295038753115E+01    0.538718851104904695E+00    0.536536726664025854E+00
    0.482461507275067141E-04   -0.205422148961968265E+01    0.924102015058299309E-01    0.639017449663946309E+02    0.819840933849759779E+01    0.189085034658210938E+01    0.602034249864065729E+00
    0.230538063912783548E-04   -0.793802967502725609E+00    0.881802860885309903E+00    0.352761475227109794E-01    0.871871987689681838E+01    0.166599339431982951E+01    0.328530419547843289E+00
    0.280588235493352043E-04   -0.803970073085302883E+00    0.149013709843870152E-01    0.313471915767915887E+00    0.848280327297691095E+01    0.215197689757534993E+01    0.606310623201030907E+00
    0.279748741512456586E-04   -0.293484837233866924E+00    0.115001681315480372E+00    0.291010702796193428E+02    0.840817956910085940E+01    0.252489268567071101E+00    0.251432411981814985E+00
    0.272564209235296076E-04   -0.109966872932011261E+01    0.177915813433386014E-01    0.351145797901838890E+02    0.853211388281010130E+01    0.812293235997361973E-01    0.148100401753763711E+00
    0.142780780269629099E-04   -0.734159455999352950E+00    0.361465780674398940E+00    0.620585583326262041E-01    0.850831598910855647E+01    0.160367991431495249E+01    0.669856651050617757E+00
    0.149727822906149789E-04   -0.474315452007158106E-01    0.164392462820032836E+01    0.217887155931971721E-01    0.869358856748990405E+01    0.116393764611530837E+01    0.203596562417800053E+00
    0.254063042946224725E-04   -0.573146264183280518E+00    0.587512744570636625E+00    0.441868024140366744E+00    0.837057263153894837E+01    0.138857763757391006E+00    0.500027751909930207E+00
    0.169765514597641868E-04   -0.893637256144725334E+00    0.223432222551197462E+00    0.730299932450559769E-01    0.856228941582596903E+01    0.983550094569470401E+00    0.270260873725892692E+00
    0.228948358712210866E-04   -0.483893989081227660E+00    0.140923532787788841E+01    0.785044745776570518E-01    0.850163859146199918E+01    0.590576984997387311E+00    0.529244867722245882E+00
    0.157106523115732098E-04   -0.144443542344610487E+00    0.602373614457547779E+00    0.317730089828114659E+01    0.835521495928795588E+01    0.121860539705405291E+01    0.375186171929182799E+00
    0.275260681545345202E-04   -0.838402017669833799E+00    0.596494266609160426E-01    0.175410888158584754E+03    0.843223528696131552E+01    0.473572037312079419E+00    0.130316533341508806E+00
    0.198594496632115772E-04   -0.540441954571871053E+00    0.381263879765208341E-01    0.663575978115075600E+03    0.797711346422861300E+01    0.173828730741629789E+01    0.463137555153948277E+00
    0.226460557967749149E-04   -0.653577371739627599E-01    0.175856303551256743E+01    0.109677323487878800E+00    0.850284883543169201E+01    0.135901419009855129E+01    0.316428092875740696E+00
    0.480044188117093151E-04   -0.167913503342882464E+01    0.123046997959223275E+00    0.546035547193772288E+02    0.837731200396128450E+01    0.113641786542289136E+01    0.487898737318739895E+00
    0.162216198358678529E-04   -0.381192364833615405E+00    0.318921788373683068E-01    0.112540231148302916E+00    0.834359780884044611E+01    0.249701468834706741E+01    0.457232909802673837E+00
    0.146305626916203259E-04   -0.377338128536648998E+00    0.181176150889393672E+01    0.994176285590323914E+03    0.861376925428393392E+01    0.226886028925875483E+01    0.221127592175671572E+00
    0.167125183990086414E-04   -0.364185592895892307E+00    0.675715929166307627E+00    0.187701603420424135E+03    0.800019588098205858E+01    0.248156226373544220E+01    0.447416116103191319E+00
    0.182154032050821095E-04   -0.110825469869446813E+01    0.651039706890344960E+00    0.223313074855123347E+03    0.855010709923737267E+01    0.153974327346984796E+01    0.298110556657694370E+00
    0.194232051815079028E-04   -0.708648108921918873E+00    0.124649190309630633E+02    0.866088316664417221E+03    0.833161133381924657E+01    0.384780170073236616E+00    0.561103071204328341E+00
    0.200036121546001881E-04   -0.240167049524962789E+00    0.129930016994860420E+01    0.470149989581872205E+03    0.858749976730878295E+01    0.327950548932980090E+00    0.155849116710756158E+00
    0.196971140248498221E-04   -0.695987769726107874E+00    0.324152509754786211E-01    0.162647207196294488E+03    0.831596998610755911E+01    0.201004502467645541E+01    0.237198498468754793E+00
    0.242011128556246402E-04   -0.807608481558998448E+00    0.421907656981647616E+00    0.490784243691766335E+03    0.809541801404099992E+01    0.220471631594700979E+01    0.471088385058380132E+00
    0.349977793977833973E-04   -0.560267924914461424E+00    0.372676151608669737E+00    0.872320146827591514E+00    0.835346027594064466E+01    0.209749918950946102E+01    0.454264375966189404E+00
    0.240688603703611275E-04   -0.112187926970286478E+01    0.113954537886547885E+00    0.948585140637371182E+01    0.854067200493928880E+01    0.150543275513032304E+01    0.208989884827553707E+00
    0.303697156067490524E-04   -0.128839965392273520E+00    0.634574171634985120E+02    0.865332338517065836E+02    0.818144534083842956E+01    0.729066091439485420E+00    0.541929525097387677E+00
    0.186282728977279768E-04   -0.187343333048061500E+00    0.113250464019507661E-01    0.216405342487021857E+01    0.847293171904421349E+01    0.184179039724997073E+01    0.151692366089749231E+00
    0.141020894623435626E-04   -0.133122642883067299E+00    0.204080027285253235E+00    0.849970585831410053E+00    0.816232702429617873E+01    0.198343552464059902E+01    0.276810052434309561E+00
    0.261379988688217727E-04   -0.916469327957607272E+00    0.767840284482764313E+00    0.478478915745029951E+03    0.866389750993353047E+01    0.166827070641796449E+01    0.190519163590472274E+00
    0.266686791220136394E-04   -0.118652065025467990E+00    0.177256085658458717E+01    0.345749694572584851E-01    0.853344814590085932E+01    0.143125379948591380E+01    0.351256820233920575E+00
    0.216501870401529049E-04   -0.556863640924039172E+00    0.941769863653237116E+00    0.248611241091010494E-01    0.858246060875434580E+01    0.298495938111736137E+00    0.360130240928874357E+00
    0.399608989177989519E-04   -0.191219956370245270E+01    0.159556114195483038E-01    0.795524872799182958E+02    0.830418542117488023E+01    0.155255844451597458E+01    0.576199446411423843E+00
    0.233954387615799643E-04   -0.852239310217592805E+00    0.674254089389020351E+03    0.617605816304382103E+02    0.825160431093483737E+01    0.269804360654967212E+00    0.654030535772364141E+00
    0.132211508903506692E-04   -0.339747304621089041E+00    0.247018109254017215E+01    0.549721627062485577E-01    0.858812736539823973E+01    0.159597067385195723E+01    0.539218492644372271E+00
    0.196462364517035212E-04   -0.127494631019828830E+01    0.250473185143631816E+00    0.513378685540137212E+03    0.794069382325666773E+01    0.287657521519916082E+00    0.625007758661138113E+00
    0.192945947120527551E-04   -0.120863158148718664E-01    0.149930948313455846E-01    0.354937917429470984E+01    0.789595847360766090E+01    0.141392475083126357E+01    0.408292577585632754E+00
    0.110029791127458879E-04   -0.292075580630900611E+00    0.451488908977501699E-01    0.115351153271935480E+02    0.848511581456252273E+01    0.135446471524695733E+01    0.131894297665581417E+00
    0.289137296650016366E-04   -0.100277365621623948E+01    0.218491276289932493E-01    0.303032613543344054E+01    0.849231319875588397E+01    0.184185930197403325E+01    0.177910545244121254E+00
    0.325125191229344685E-04   -0.948794998652947474E+00    0.115960643189551196E+00    0.209387301267622519E+02    0.852909709502946711E+01    0.227538983674293760E+00    0.236098737189510133E+00
    0.210060920431946520E-04   -0.502962115707337509E+00    0.152971647743750244E+00    0.149058785116921617E-01    0.842624434729059146E+01    0.156795287763812752E+01    0.368286980423087607E+00
    0.229179865709832579E-04   -0.100752619494704354E+01    0.109224305696866471E-01    0.293863220818655402E+00    0.856200694515111671E+01    0.704281418081133648E+00    0.290375488407066895E+00
    0.138008533825812619E-04   -0.302187768076880858E+00    0.128250415103198705E+02    0.147215879839446586E+03    0.837314697273765063E+01    0.149509560755361925E+01    0.554332366718275793E+00
    0.287542083843928876E-04   -0.104933381078608856E+01    0.144293501791257859E-01    0.166604418589250958E+00    0.865965463225594334E+01    0.240532229038028111E+01    0.144363266040300975E+00
    0.220210589906968807E-04   -0.191235067742624165E+00    0.106890804390323013E+01    0.121879900546777355E-01    0.845948836498863521E+01    0.209768605088869542E+01    0.430272500814531278E+00
    0.240842032721264652E-04   -0.871130839892883868E+00    0.315729994455977714E+00    0.143788436963920638E+02    0.826956586580359954E+01    0.119066632912671744E+01    0.363839516650679151E+00
    0.371984729674001811E-04   -0.196424950305345236E+01    0.129426604576067441E-01    0.993046591993764423E+03    0.783943557796598078E+01    0.202787434248969189E+01    0.666934308714195123E+00
    0.244072189518815196E-04   -0.129726888163002263E+01    0.267345369836657354E+00    0.215003281738781693E+01    0.855381166097108725E+01    0.102894018345145888E+00    0.489028041822015536E+00
    0.260824616016431484E-04   -0.975679649590472930E+00    0.143963225419514868E+00    0.454603628147736583E+00    0.867184879236314998E+01    0.140195986155534835E+01    0.268945597623408361E+00
    0.156391465222411891E-04   -0.528334249188624039E+00    0.824933016004113784E-01    0.817309943344861067E-01    0.837325962198887197E+01    0.790320936051272960E+00    0.544554752036453094E+00
    0.248106346216980824E-04   -0.935766218194471588E+00    0.117185827576002113E+00    0.186463187174319586E+03    0.845281306684227651E+01    0.127873324218505902E+01    0.210810293678588251E+00
    0.178691062792042596E-04   -0.555936649278237008E-02    0.143354329126855612E+00    0.484923098321054908E+03    0.793820631182463554E+01    0.240856124690656959E+01    0.540818234216068783E+00
    0.228907870365293620E-04   -0.453892039710131368E+00    0.571910994587739932E-01    0.886555797942146506E-01    0.835121959776147449E+01    0.720353350918933044E-01    0.407744370742423645E+00
    0.239670523577003382E-04   -0.991829822582547926E+00    0.660425804252447596E-01    0.680726024410473428E+03    0.857574527211660964E+01    0.731366760666583460E+00    0.190457603223781247E+00
    0.230603338496690327E-04   -0.484292841170211319E+00    0.106607348349243396E-01    0.107036693079280584E+00    0.839628752543804424E+01    0.198740007384748019E+01    0.328131718373380843E+00
    0.204170293413128211E-04   -0.835949506295345257E+00    0.594459706633701290E+00    0.176195083817855924E+00    0.867720996516895759E+01    0.149654465794102309E+01    0.467823261155551728E+00
    0.158716429781088061E-04   -0.398157584441908852E+00    0.459994944790982907E+00    0.493078744251827239E-01    0.843185154611406951E+01    0.167881459574904190E+01    0.283521621713407057E+00
    0.247080029257086743E-04   -0.109750171495670301E+01    0.289364650455738830E-01    0.297490482132395364E+02    0.854619098164371138E+01    0.231418049954597560E+01    0.336106684713506187E+00
    0.138368883447418455E-04   -0.523854717494573907E+00    0.252550140167183290E+01    0.142713787376821728E+03    0.805561553966121835E+01    0.179770056187229188E+01    0.517799777511599668E+00
    0.274025335671080070E-04   -0.794372118131297378E+00    0.876718122342224793E+00    0.754262764042983203E+00    0.866746240399372958E+01    0.121635552247138157E+01    0.192864057445033404E+00
    0.208962027528840938E-04   -0.567520020790419299E+00    0.143593556136179190E+00    0.486903463264961658E-01    0.846477307167356585E+01    0.206133264538097372E+01    0.184138483652009577E+00
    0.178060065033022187E-04   -0.801843305798359718E+00    0.202402073801880666E+01    0.267661326514332188E+03    0.821218124669784189E+01    0.226595462375190948E+01    0.583878397561719997E+00
    0.257312846964315514E-04   -0.574154839594771982E+00    0.265596160336611861E-01    0.343171539021679564E+03    0.835242847874236816E+01    0.759657079370049781E+00    0.115370032160042157E+00
    0.296532330924543572E-04   -0.616256440385263060E+00    0.336160685591316510E+00    0.723384634626099228E+03    0.859755694314166874E+01    0.110821849127794625E+01    0.188849635653565384E+00
    0.217780848061622899E-04   -0.613054578816812246E+00    0.210889819474136542E+00    0.141360399067502094E+02    0.761479565602977715E+01    0.197271119122390193E+01    0.674378748914106652E+00
    0.273023242603329269E-04   -0.127708172790589503E+01    0.143468823300668458E+00    0.360129949415951689E+01    0.854542340856308513E+01    0.194652758395184255E+01    0.338230969183847874E+00
    0.121755197591381891E-04   -0.990502204085199900E-01    0.102513683998214089E-01    0.153109036587832151E+03    0.788051497543011070E+01    0.128500535502212365E+01    0.427768461323140281E+00
    0.241512957992946785E-04   -0.135307459735784152E+01    0.177820528824288657E-01    0.189683054910372695E+01    0.854218940654408598E+01    0.196644627496655033E+01    0.640012533098724301E+00
    0.176463080386890762E-04   -0.236849099373906913E+00    0.129217559644242730E+01    0.291608643395075433E+03    0.816495404313972628E+01    0.958474640510012188E+00    0.330795488269078231E+00
    0.246613641822990905E-04   -0.809096288087624127E+00    0.530929466527372718E+00    0.102061485996555127E-01    0.871005265175923071E+01    0.211096417007092585E+01    0.308143790914713334E+00
    0.241439643429345933E-04   -0.643570185881114365E+00    0.300350608363752596E-01    0.255707350638352017E-01    0.849696367489828397E+01    0.232324342116468330E+01    0.451318876153563586E+00
    0.258036348698036944E-04   -0.592149086832727600E+00    0.117774586636858469E+01    0.688323688960255140E+02    0.864961200103728345E+01    0.186251394610832799E+01    0.223086174066695009E+00
    0.196896639699913205E-04   -0.474884552978486141E+00    0.321780733915328021E+01    0.303410923160820225E+02    0.795312727949267462E+01    0.105747738030982052E+01    0.526995946641044433E+00
    0.291756046784422199E-04   -0.901630702013132890E+00    0.204902947352714415E+00    0.497000645540907199E-01    0.872114148568596548E+01    0.213111148049649834E+01    0.317434277043688096E+00
    0.161345310004950985E-04   -0.796193587571953465E+00    0.854935834481320156E+00    0.805779108365800134E+00    0.844382458684052040E+01    0.159683446303338417E+01    0.566087305191981804E+00
    0.276229609036596208E-04   -0.354851568239293091E+00    0.258613654976620255E+00    0.326843831622978920E+00    0.835995292740926033E+01    0.166729517820413964E+01    0.317994807384102740E+00
    0.203982598621373323E-04   -0.803801992236681029E+00    0.151605224503603586E+01    0.377715837425228287E+02    0.840954925944392251E+01    0.248058541832896828E+00    0.386461220062806365E+00
    0.210149149180596915E-04   -0.220719937382221565E+00    0.289804367895919324E+01    0.508529656407731210E+02    0.853568342671552216E+01    0.799960640618569002E-01    0.300791572099635585E+00
    0.237135304109643106E-04   -0.283748075714793158E+00    0.239241054913354928E+00    0.363601202317325567E+00    0.855516708502065093E+01    0.126275188891292722E+01    0.570222336193850987E+00
    0.270787196019216641E-04   -0.126082862066547903E-01    0.516653982598414352E+01    0.127982006684217303E+00    0.861287301191010179E+01    0.810994344456710814E+00    0.588385840302373397E+00
    0.417091205020015893E-04   -0.216782518690195891E+01    0.989191592562246313E+02    0.186296094914048552E+03    0.774174371775592807E+01    0.105003923511372310E+01    0.686955535958747920E+00
    0.257594366868038289E-04   -0.125860658276957826E+01    0.154321825483406755E+00    0.542459587467675846E+02    0.836502788239205941E+01    0.142276289022676083E+01    0.522770810460123858E+00
    0.154652644515243302E-04   -0.247380210390369809E+00    0.130898778627787066E+00    0.446845742502570999E+02    0.787184371581953979E+01    0.357341039937631000E+00    0.450555791532626482E+00
    0.247771658354115923E-04   -0.884159585461970043E+00    0.256807005775833500E-01    0.651862588836186490E+02    0.844358754768354203E+01    0.243223450784167683E+00    0.187470062294467332E+00
    0.283145689285479124E-04   -0.861526956089850193E+00    0.161833116294682958E-01    0.202217203492547881E+02    0.849322092177087740E+01    0.357621856114495817E+00    0.267084338989119874E+00
    0.194225773486791372E-04   -0.872395876888292898E+00    0.126887660444957983E-01    0.213120173442026072E+03    0.838900855023798186E+01    0.573562169012594714E+00    0.217821265089138072E+00
    0.285073943401120576E-04   -0.847380348457498211E+00    0.854150060417016299E-01    0.177860430009288806E+00    0.854955736898484098E+01    0.787686487064166219E+00    0.119583743174935531E+00
    0.132547014658898539E-04   -0.654949213264235830E+00    0.198350605704135513E-01    0.499298445195972163E+00    0.838980551842082534E+01    0.172079766618275798E+01    0.145475293310922210E+00
    0.145003481347450682E-04   -0.533290790134393289E+00    0.161369915296191407E+00    0.591666418625939741E+03    0.776023222557913694E+01    0.183834419565180784E+01    0.673804502343321454E+00
    0.210875831150939505E-04   -0.942703664816214482E+00    0.341428445552977508E-01    0.344637430389214405E+00    0.855160767016289114E+01    0.164728956992887343E+01    0.520184214992617133E+00
    0.179615984631651834E-04   -0.491654951341406354E+00    0.386090630924225200E-01    0.156755157653761721E+02    0.855570496687779602E+01    0.170374130530945078E+01    0.129633238006953366E+00
    0.276007225415610570E-04   -0.844988216027618533E+00    0.136415617235530906E+01    0.613200084689444566E+03    0.857306646310815346E+01    0.450970134298941949E-01    0.260757757484132768E+00
    0.255923077664031879E-04   -0.974517058546335302E+00    0.223718276090649972E+02    0.426724462015426820E+01    0.837918805965022884E+01    0.965457057422908882E+00    0.643118130643467012E+00
    0.144572768462850212E-04   -0.259599990369859868E+00    0.220703724603978302E+00    0.420495205152182250E+00    0.825270825356028936E+01    0.179084638625865766E+01    0.619145819648307172E+00
    0.171926211850778131E-04   -0.558510819184911744E+00    0.424943438690747910E+00    0.911981105748751816E+03    0.812082492307640180E+01    0.204820854155101850E+01    0.417098844122090417E+00
    0.312745174729885849E-04   -0.892459428587219161E+00    0.166458533241079509E+00    0.324006748676358217E-01    0.867547395228505103E+01    0.238925273695524343E+01    0.398179571307602731E+00
    0.255500804744211410E-04   -0.653324303479671853E+00    0.332520564454283282E-01    0.110327156524618619E+01    0.859153487695552975E+01    0.167001263300010985E-01    0.340126146097249726E+00
    0.293491639493549667E-04   -0.899299231247753350E+00    0.179799009287972961E-01    0.187717001878533428E-01    0.870312366569138796E+01    0.199909567557234902E+01    0.307851208159408141E+00
    0.378510260480736108E-04   -0.650905520866579157E+00    0.421497130555377908E+00    0.134329445796909884E-01    0.863052440929793541E+01    0.295911104633184041E+00    0.190351343802055317E+00
    0.325728075995273045E-04   -0.978811735203513611E+00    0.485495877496731690E-01    0.398235321894374561E+01    0.841428378074113681E+01    0.313043414073733650E+00    0.457750825608700507E+00
    0.190196177602413434E-04   -0.740592640822617665E+00    0.197051882378943242E-01    0.112270313682675592E+03    0.844514622818608274E+01    0.178655583310082711E+01    0.120761550166144829E+00
    0.201551184049737150E-04   -0.512854453762086604E+00    0.275736420137134008E+00    0.248604154055455870E-01    0.847631058833531625E+01    0.193379100336306764E+01    0.470274122863960087E+00
    0.220590644875092623E-04   -0.725743844203437183E+00    0.916381685167804161E-01    0.180994684410848983E-01    0.850964637119355594E+01    0.755508710107313797E+00    0.646966746620609601E+00
    0.225142926935744436E-04   -0.820058491117913735E+00    0.610043098715869342E-01    0.148578814476934024E+00    0.864562326884331611E+01    0.126242050232667635E+01    0.516072565748661227E+00
    0.162399976224372710E-04   -0.946814866350911388E+00    0.295029936114080127E+00    0.155858785711809809E+02    0.851406250028140832E+01    0.138242414794132240E+01    0.315616660024610418E+00
    0.137876900456205536E-04   -0.690360514625779520E+00    0.155735087802831240E+00    0.506147846352428710E+00    0.838126834443894886E+01    0.126595463031852695E+01    0.648932828276832629E+00
    0.164021514611189423E-04   -0.346714215688890159E+00    0.113573664077635458E+00    0.135481092069411460E+03    0.766152691620379844E+01    0.606796463988114265E+00    0.579067410250948544E+00
    0.317180444735624977E-04   -0.971824672009570678E+00    0.322956789346081352E+00    0.691858034634486696E+01    0.853872901090986147E+01    0.162449506328157933E+01    0.220229025188572125E+00
    0.257345991284210434E-04   -0.298604919089903609E+00    0.319747290607528475E-01    0.848492471162434299E+03    0.844742708356056404E+01    0.231483356298125553E+01    0.254186122894275002E+00
    0.239542741265612075E-04   -0.765656243719574747E+00    0.192396241718631837E-01    0.150322300256542724E+00    0.852614754279422371E+01    0.213000917729838779E+01    0.632577371634248098E+00
    0.279167105462479569E-04   -0.419388255615166516E+00    0.533262880535562145E+00    0.878828233696127654E+03    0.777376672415264380E+01    0.128682447891623336E+00    0.523868401438450704E+00
    0.302065201062058132E-04   -0.117609051551884658E+01    0.384215403985745593E-01    0.111421392781500606E+01    0.858471530166766073E+01    0.116167105194855669E+01    0.512845773244187786E+00
    0.190890389137441613E-04   -0.517697675913153632E+00    0.942663187332071217E+00    0.707433225689945910E+01    0.840118350807365211E+01    0.177499437465949073E+01    0.413452585437429798E+00
    0.184408399136362945E-04   -0.239007779169978896E+00    0.144123090767486373E+01    0.477644967994197955E+01    0.819797343715986315E+01    0.103081724342743142E+01    0.341674901215452742E+00
    0.220882806972190483E-04   -0.105523756180600925E+01    0.593435226134399821E-01    0.158206989335771797E+01    0.837334398901877464E+01    0.125776026874232372E+01    0.686441822871437513E+00
    0.195928015398061818E-04   -0.259923739537894605E+00    0.547175681942480563E+00    0.444361258089902178E+00    0.830589816777644785E+01    0.303767439063995559E+00    0.235336976778391521E+00
    0.103697525657763065E-04   -0.418768816489507478E+00    0.147862360981046936E+00    0.551646693345655535E+03    0.782325344866357408E+01    0.119853401595029707E+01    0.683664341017315769E+00
    0.224915893163438748E-04   -0.350923826963753904E+00    0.194329426403931742E-01    0.508815996905101464E+01    0.831211336416379964E+01    0.280249664427797085E+00    0.349826194737472562E+00
    0.243348396873229669E-04   -0.839803607900092453E+00    0.168684364261304717E-01    0.139473046221574287E-01    0.868677816082486132E+01    0.226850249735255982E+01    0.499468417322833313E+00
    0.157308994694998690E-04   -0.466263500325918123E+00    0.419851070921806249E-01    0.788345799031592719E+03    0.796125678296664319E+01    0.100432627456289358E+01    0.471421309971038704E+00
    0.193992284072566585E-04   -0.769914644263142045E+00    0.160477720994487649E+01    0.330015408134406925E+03    0.749963275157435039E+01    0.176744375645011154E+01    0.662147244133228341E+00
    0.135291314554346321E-04   -0.588233657374019669E+00    0.476430608369758368E+00    0.184950151653827735E-01    0.855144276804491810E+01    0.135081048765400191E+01    0.176541623881299042E+00
    0.138431563299048041E-04   -0.632964179278728167E+00    0.598932866191770441E+00    0.201291033853621404E+00    0.861865142303696530E+01    0.154571739973719202E+01    0.528372251944971727E+00
    0.216460365011329462E-04   -0.447590828284291309E+00    0.110892546793724969E+00    0.706260241177409753E+01    0.810589992519278013E+01    0.116940093651796428E+01    0.611334446193082304E+00
    0.155811548749838012E-04   -0.532745456675452145E+00    0.621251439413267048E-01    0.183403588299081849E-01    0.856802801250755763E+01    0.779358240343097197E+00    0.245812234020074988E+00
    0.200427595226348581E-04   -0.637037702117435045E+00    0.742207795544380655E-01    0.269755320431413169E-01    0.854841071761385507E+01    0.151867359571139809E+00    0.506655701504483247E+00
    0.248751941052422637E-04   -0.745170887350408151E+00    0.537529363611655375E+00    0.808589450470297288E+00    0.857553448678739727E+01    0.977800312593672505E+00    0.144380554304849251E+00
    0.497252160017147741E-04   -0.137699869568835354E+01    0.188840400857920243E+01    0.205641516501776636E+03    0.834130538753453621E+01    0.237818523564282014E+01    0.516372067779379940E+00
    0.261951731332033838E-04   -0.881197514932164916E+00    0.933697504300249670E+00    0.227438588105817807E+01    0.859715239975549039E+01    0.136266621900105989E+01    0.312273908141410095E+00
    0.554896424495484995E-04   -0.233433504260220426E+01    0.613525999207721884E-01    0.261445061781332527E+03    0.775553900953840625E+01    0.143480592496539217E+01    0.662074168390971884E+00
    0.526657675823742125E-04   -0.183031592458705572E+01    0.544474155154912459E-01    0.111443888106345170E+03    0.769818437395508504E+01    0.145074445839658628E+01    0.634758317474921840E+00
    0.943151815152961552E-05   -0.101933845413923925E-01    0.310957121840437722E+00    0.459731187372170552E+03    0.804828772579813645E+01    0.175508860720331145E+00    0.246451823875959791E+00
    0.207666166464340773E-04   -0.358835661173575016E+00    0.129907617186421909E+00    0.677502044453373031E+02    0.852906984578239680E+01    0.873024691844258682E+00    0.120751429925778586E+00
    0.265382695779087890E-04   -0.113498731694663491E+01    0.152522097832342413E+00    0.384676302655165401E+02    0.813239656486497609E+01    0.223458206123817327E+01    0.528878799688870860E+00
    0.261838871194915812E-04   -0.160033964960453634E+00    0.859103506425575036E-01    0.794740992234443500E+00    0.819112034575726966E+01    0.195290049516204167E+01    0.489123992285962705E+00
    0.385070447410990050E-04   -0.948140525909558329E+00    0.113470130426394464E+00    0.327994603546638452E+00    0.862059140305391480E+01    0.112444863059258715E+01    0.541132755851668534E+00
    0.208802272403267211E-04   -0.923346138220994872E+00    0.993276832074236324E+02    0.668768059715443997E+02    0.761461677080983446E+01    0.188559781573809992E+01    0.690427690338486055E+00
    0.179188428921580653E-04   -0.321999320280793921E+00    0.853344039771912199E-01    0.876777635449845910E-01    0.834396957327217237E+01    0.140430954047756940E+01    0.102620199746111862E+00
    0.153663683601524985E-04   -0.188624825417754188E+00    0.219673566663882436E-01    0.132211796786578564E+02    0.748544420445052161E+01    0.659619695509409687E+00    0.674548017503834751E+00
    0.282786509980603489E-04   -0.561819139186165883E+00    0.473452197565987642E+01    0.981610933677840762E+02    0.795160395897732020E+01    0.216267937166935864E+01    0.533840722290791048E+00
    0.163074632499026154E-04   -0.109196829326984823E+00    0.613578156036918454E+00    0.110085618743010379E-01    0.835103773616242151E+01    0.175101791630284387E+01    0.636907631274325481E+00
    0.141495405924532207E-04   -0.105752208470299980E+01    0.946345437979064008E+00    0.796307981071121844E+03    0.755227678059998908E+01    0.793039880137855202E-01    0.730303732098323777E+00
    0.203613593448864076E-04   -0.769301664702806365E+00    0.314938711274631022E-01    0.135811188613984453E-01    0.854111781851630703E+01    0.849178757677215290E+00    0.594145352508010816E+00
    0.321107537817782226E-04   -0.144082429447916627E+01    0.519187058317413408E+00    0.113446347015700351E+02    0.836773830843339894E+01    0.599386747567135281E+00    0.504234260861494477E+00
    0.156781119345837143E-04   -0.107271375064410923E+00    0.744722141487946521E-01    0.165163971961259787E-01    0.828618159846112512E+01    0.216336906549001950E+01    0.332498353063697571E+00
    0.219713789940978815E-04   -0.685157841983896843E+00    0.208650587042684021E+01    0.197857911791338580E+03    0.847795784052237700E+01    0.176936406079116582E+01    0.407772971169678144E+00
    0.159406069936043052E-04   -0.176650831282824272E+00    0.401096121864308375E+00    0.814697756715853760E+00    0.849445515746811708E+01    0.238446452890703497E+01    0.355529889857018055E+00
    0.315122482299519600E-04   -0.588340423626160680E+00    0.332151131535867172E+00    0.306111867375820257E+01    0.805066720866295071E+01    0.187117207671177177E+00    0.635256676838156453E+00
    0.296429214062310396E-04   -0.760481222153587932E+00    0.137715811556568335E+01    0.624212407439171391E+00    0.864360070218494236E+01    0.119136243323321733E+01    0.530241291622086552E+00
    0.178262705115232921E-04   -0.417396499085538830E+00    0.378431550769518510E-01    0.454527043230626426E-01    0.836712422795334021E+01    0.925020758022929046E+00    0.197894348668928383E+00
    0.248936420728449655E-04   -0.138002042908446221E+01    0.545014234696131403E-01    0.129530337066763195E+03    0.831184604499956592E+01    0.399893865584459163E+00    0.531522586012968090E+00
    0.229146551784167868E-04   -0.114371924505991740E+01    0.190724119283701733E-01    0.121874432457715987E+02    0.843851904344206183E+01    0.225637355131068151E+01    0.440801155889365970E+00
    0.229000145045241357E-04   -0.971762157104675728E+00    0.507240682175060686E+00    0.530411791465412676E+02    0.850013610840859712E+01    0.240483051320227048E+01    0.320728522501426139E+00
    0.253701576078123900E-04   -0.591121322121972548E+00    0.659760899235776854E+00    0.444100257329685111E-01    0.870500807736336490E+01    0.201617446053912497E+01    0.509247239378921801E+00
    0.157027736961379318E-04   -0.104886550010794104E-01    0.224510342381006950E+00    0.792318611036814668E+00    0.815644708762691550E+01    0.194901746454123481E+01    0.273025789654321005E+00
    0.329410407533031659E-04   -0.141056095353519706E+01    0.146261691063082011E+00    0.166886970398074340E+03    0.828226476163920822E+01    0.993194722493264792E+00    0.507082376586792782E+00
    0.165992826246041243E-04   -0.536127464279462451E+00    0.129465959172530565E+00    0.162423984848567154E-01    0.859745068772612697E+01    0.107723434048956612E+01    0.671937677579358739E+00
    0.163321680911810318E-04   -0.393284309809172408E-01    0.204115704745463283E+00    0.159088789411562487E+00    0.845904312264453928E+01    0.124163085076037072E+00    0.468900450141916170E+00
    0.202560944376488094E-04   -0.260483978290703022E+00    0.310593471767712515E+00    0.119269090491829854E+01    0.820298293010559121E+01    0.230449829593636712E+01    0.417060536447569574E+00
    0.119892845843855352E-04   -0.173969103936773534E+00    0.159818270275952745E+00    0.397441568531491285E+02    0.808015670019277010E+01    0.155170247571140729E+01    0.309314466136591748E+00
    0.135193897797705145E-04   -0.454284237672633040E+00    0.264500142463200749E+00    0.112295937579387661E+00    0.843514074097886812E+01    0.236037353189368160E+01    0.559837147445697347E+00
    0.230375416465097484E-04   -0.440114041817881441E+00    0.541556704213620593E-01    0.634015351182692088E-01    0.861764180662758328E+01    0.172551265457341518E+01    0.136738478680650283E+00
    0.220475362342664810E-04   -0.783876582818294865E+00    0.155829213455474347E+00    0.245882835500089242E+00    0.852936280680026471E+01    0.794150818916020795E+00    0.465617493598747600E+00
    0.206998759475134196E-04   -0.332815944518558671E+00    0.122561952165605392E+01    0.292170772707961768E+00    0.845217428719549169E+01    0.277645222255702373E+00    0.383921512652010910E+00
    0.410391998465421516E-04   -0.184187501968664313E+01    0.106069320190044643E+02    0.872630841181377946E+03    0.806744687195743460E+01    0.207688169685238133E+01    0.643518679003602379E+00
    0.286506193923710604E-04   -0.812389339028343205E+00    0.109023138201396724E+00    0.887985983583244043E-01    0.861246346481511793E+01    0.183372019799892305E+01    0.387270285859451557E+00
    0.255492978686756297E-04   -0.987561368056405486E+00    0.794466289646163365E-01    0.305116266889634113E+01    0.828171883689144828E+01    0.222833848874488094E+00    0.469182999369555875E+00
    0.279607593300696198E-04   -0.660918534028274163E+00    0.159384046815705324E-01    0.211100525681142959E+00    0.850467202588050419E+01    0.226424493863322507E+01    0.194233621199790901E+00
    0.421341631552281856E-04   -0.191103239222132593E+01    0.182217404271476333E+02    0.131570809190999967E+03    0.806149776561074916E+01    0.245546344195781874E+01    0.649113579391359719E+00
    0.216886028121823761E-04   -0.586605173458194851E+00    0.262689308958151013E+00    0.270921851560249560E+00    0.844293369567485996E+01    0.132980361243830258E+01    0.616477557407561383E+00
    0.954279909005273141E-05   -0.426635902619657059E+00    0.138660604645501312E+00    0.136729591119473270E+01    0.815694016630419938E+01    0.615729544922783645E+00    0.442827581987240815E+00
    0.262930310336981541E-04   -0.803557827262512125E+00    0.216247726469423029E+00    0.184835443290137782E+02    0.838679125501813694E+01    0.243163171314923243E+01    0.294518568930595914E+00
    0.213373862331124779E-04   -0.714499103576701072E-01    0.140140642151072847E+01    0.375855928506469127E+03    0.865516149983649896E+01    0.108322736740468728E+01    0.124182780636633169E+00
    0.312222172684345129E-04   -0.981581658279350067E+00    0.308175214793029117E+00    0.367104101589517242E+02    0.860701347053020527E+01    0.265950445888281997E-01    0.158984542097587056E+00
    0.302164497660325265E-04   -0.101019422532071346E+01    0.406185956496580791E+00    0.122892472125746135E+02    0.837910908137713761E+01    0.981085072216691945E+00    0.465227900634579528E+00
    0.247241549693915562E-04   -0.162341439716773550E+01    0.166522100987621343E+03    0.541378300977127367E+02    0.778051041259395060E+01    0.819449569132339795E+00    0.720347446746972708E+00
    0.260534433740152223E-04   -0.926347059477305113E+00    0.141398468395915411E+00    0.399216543368988198E+03    0.847129588852249604E+01    0.627056113092586020E+00    0.241753532844995123E+00
    0.198187567174660345E-04   -0.431693333356336362E+00    0.167302564616873643E-01    0.189381517827060151E+03    0.846353134391965156E+01    0.598237462657419061E+00    0.179785024673490168E+00
    0.275860465835492601E-04   -0.414258788744490680E+00    0.104404854926694688E-01    0.425124315770997518E+00    0.834499311903616814E+01    0.180541321667383037E+01    0.606546665218936409E+00
    0.256390156311515580E-04   -0.476010046419761190E+00    0.236412054681817696E+00    0.133466677168669872E-01    0.861449110209060009E+01    0.689814376427642761E+00    0.342066760488011046E+00
    0.342363776516061834E-04   -0.881192817083010116E+00    0.194857985269910293E-01    0.449839972990271519E+01    0.857590154111973568E+01    0.227457633256856884E+01    0.123863360923366389E+00
    0.178332229355910220E-04   -0.267602849398343168E+00    0.877411193600937889E+00    0.100154097377866142E-01    0.866464406419347632E+01    0.136718463242794885E+01    0.221841834373574853E+00
    0.173197376728226890E-04   -0.274207626955818184E+00    0.807067422971759485E+00    0.569719785303487303E+01    0.828141259959960152E+01    0.159275822385557486E+01    0.452309036096919970E+00
    0.295195975324957389E-04   -0.823465311698549529E+00    0.594627051756507319E+00    0.686366752921360671E+03    0.810996686453459148E+01    0.188543741407234400E+01    0.477531821934301992E+00
    0.183245959251802243E-04   -0.175973382202325029E+00    0.118867982238002412E+01    0.166340603809295405E-01    0.840801934083097535E+01    0.166809201719502996E-01    0.482104902365840249E+00
    0.179047871719950810E-04   -0.903348627019747052E+00    0.129108403136317627E-01    0.708972668928665399E+02    0.849773247891923056E+01    0.197236252833359726E+01    0.298168115662402589E+00
    0.131374732177920967E-04   -0.558043836839940743E+00    0.592381483170198231E+00    0.662061904191604822E+00    0.834625459217011212E+01    0.659050612437541705E+00    0.540612644414268151E+00
    0.323841550693390430E-04   -0.184863767740935092E+01    0.751753452099676034E+00    0.145195953004956060E+02    0.810432017177011943E+01    0.644555661492314025E+00    0.707303872987061211E+00
    0.179023118210748126E-04   -0.106195517964167685E+01    0.320789699948250406E-01    0.117907433810059445E+03    0.845442039404858647E+01    0.138962457806035888E+01    0.342089345300690184E+00
    0.576572210294200885E-04   -0.163119266908467875E+01    0.142177691984730521E-01    0.243224492814279103E+03    0.808914494162690367E+01    0.818588087138989451E+00    0.564616900897507601E+00
    0.197075483356833026E-04   -0.836016034777929407E+00    0.348325108528618754E+01    0.211671295160020883E+02    0.838200121647202678E+01    0.118464074868956470E+01    0.515594201732150648E+00
    0.307076930292861760E-04   -0.728615124925924285E+00    0.964808507302899326E-01    0.212730878337093407E-01    0.860946518152449158E+01    0.588880982716518342E+00    0.264852665867510439E+00
    0.171182753340614664E-04   -0.284727336671377007E+00    0.129482083765518514E-01    0.108552248432736715E-01    0.832794159100654952E+01    0.106333199080243279E+01    0.445234359867093921E+00
    0.226673185911259047E-04   -0.803061239450661990E-01    0.819517630521777729E-01    0.131581832708399361E+03    0.793925120952313179E+01    0.175255735083895203E+01    0.526949811655453182E+00
    0.147702221830705029E-04   -0.179157945016936465E+00    0.100081699871766697E+00    0.186366316485961761E+03    0.787243177380096082E+01    0.218455086819647898E+00    0.444581193949466380E+00
    0.231660622880506073E-04   -0.107066448632367917E+01    0.119295953292002196E+00    0.501273225646562324E+02    0.844016226284159465E+01    0.193401880060853415E+01    0.411368984131173065E+00
    0.217687323143714008E-04   -0.537249390826252005E+00    0.647366695498393208E+00    0.180502194973079568E+02    0.858013111995181532E+01    0.214985028111451770E+01    0.122603988886116372E+00
    0.296096828390466424E-04   -0.624168243756605623E+00    0.117713599367598798E+01    0.565865922866049800E+03    0.831756874128901558E+01    0.249279881768836420E+01    0.362800160296724350E+00
    0.173829239721062918E-04   -0.180309796422115753E+00    0.217979556502134769E+00    0.819715806721297824E+01    0.782699324276495645E+01    0.125488791519671872E+01    0.505098805342330204E+00
    0.188899939041295625E-04   -0.452973283197887100E+00    0.335784341041997156E-01    0.557027984008606647E+00    0.833303016449832690E+01    0.153626397782343727E+01    0.244443836461629094E+00
    0.197615561468703837E-04   -0.338278327923299593E+00    0.328286618946317554E+00    0.457529168871624350E+02    0.721653584374435386E+01    0.183326304593052236E+01    0.667301134775314164E+00
    0.175860308209216111E-04   -0.823270578345636106E+00    0.404328795971628380E-01    0.413051327745853680E+00    0.855538777097251213E+01    0.152157446872137814E+01    0.223417726085468615E+00
    0.146631825402422500E-04   -0.646167130586555505E+00    0.700477595626292221E-01    0.576887497907083713E+00    0.837649537020814527E+01    0.123794910437888617E+01    0.536563329466795524E+00
    0.210355539940635830E-04   -0.461664413957838415E+00    0.365606152401096418E+01    0.188219480714662213E+01    0.822951903371063409E+01    0.308240227033206193E+00    0.585272251224001394E+00
    0.179559570880117830E-04   -0.621858885126132105E-01    0.679558589920083556E+00    0.859445421365488071E+00    0.821991650023253584E+01    0.140812038887668978E+01    0.326746875148465787E+00
    0.296402051006118490E-04   -0.833184177655572178E+00    0.466148129485483426E-01    0.297237405953170053E+00    0.863923163835248253E+01    0.214747834147877192E+01    0.648047713251194368E+00
    0.210100424559870907E-04   -0.649928696652915638E+00    0.514512518852416667E+00    0.111116179316990355E+03    0.838731706628300522E+01    0.504499547258527081E+00    0.242694208701109693E+00
    0.199582300100951760E-04   -0.385143125759522198E+00    0.949372190537971505E+00    0.291785110952791860E+00    0.861513858380167363E+01    0.930482565946591844E+00    0.170171893842493982E+00
    0.190711345799047434E-04   -0.607437707504175473E+00    0.249513157870843542E-01    0.639754631990145484E+00    0.839913271806412531E+01    0.197444926127353959E+01    0.246693118846210063E+00
    0.218838288907765395E-04   -0.645929638670902806E+00    0.100543044078562271E+01    0.596936728145512461E+03    0.836578344887054826E+01    0.249402908720053640E+01    0.342530990885852038E+00
    0.163041659818043627E-04   -0.878917513496295898E-02    0.284572638323750855E-01    0.107821108150103854E+03    0.802015645977854774E+01    0.102388448570747559E+01    0.499432771826336497E+00
    0.398774927079909071E-04   -0.717308606117691427E+00    0.102466214834488964E+00    0.797136375595888921E+03    0.852152615485200648E+01    0.825125927105709756E+00    0.111128336670638886E+00
    0.115396494182561207E-04   -0.747710856491618225E-01    0.145145593157656494E+01    0.530159990178584373E+01    0.768278238271603620E+01    0.232400423328002453E+00    0.722877435574421079E+00
    0.122326202982658609E-04   -0.235488324745815547E+00    0.540051650155878749E+00    0.183457046386046301E+02    0.824421548449810437E+01    0.144519381481195919E+01    0.236140997132239683E+00
    0.185355006143560382E-04   -0.428889754325752715E+00    0.234981607831903951E-01    0.709054451214792825E-01    0.838035828877272060E+01    0.897043093727782459E+00    0.654868604717772418E+00
    0.130766287196433859E-04   -0.403060975247198416E+00    0.101766069200608669E+00    0.105623947700200602E+00    0.838028250020811427E+01    0.161487213177902778E+01    0.528027586620439249E+00
    0.197101206635021691E-04   -0.268206848257855568E+00    0.972566356483835215E-01    0.436934270250708412E-01    0.859303704033861848E+01    0.233077998531189312E+01    0.259351173032085935E+00
    0.228574710220182013E-04   -0.672716589060425585E-01    0.219648210614903555E+00    0.305599358159727899E+03    0.843372677851789732E+01    0.183268428662204519E+01    0.200669680120217131E+00
    0.314427938976044301E-04   -0.118288720881396392E+01    0.249788719355297818E-01    0.253745481386650980E+02    0.787458468895012675E+01    0.218923214792746279E+01    0.612663125836992006E+00
    0.178420096990607883E-04   -0.139834935850532027E+00    0.118240217140611437E+01    0.269329563871091970E+01    0.836608403973432324E+01    0.139422345284769378E+01    0.422646126283152235E+00
    0.310494924560477696E-04   -0.717014398478083681E+00    0.139445442469507703E-01    0.801952458887999625E-01    0.854415750553900288E+01    0.522443698934572542E+00    0.177339020771808020E+00
    0.162182672314328639E-04   -0.848864586302916502E+00    0.549969905074563337E+00    0.196059837913288284E+02    0.837704551069565184E+01    0.167150625984826640E+01    0.360688771283527942E+00
    0.190585259537187076E-04   -0.682776358739903833E+00    0.160506396810076689E-01    0.123414432078589199E-01    0.854405656947891678E+01    0.180721992187637159E+01    0.160187206128041854E+00
    0.214384510851938089E-04   -0.100330262991849617E+01    0.339855325739460590E+00    0.561454385563316009E+03    0.837267418166941546E+01    0.568739966910393413E+00    0.424086802869524382E+00
    0.211182110693356748E-04   -0.778633379343314364E-01    0.655659754635939812E-01    0.620365037276681686E+00    0.819394841749244662E+01    0.126811875994389389E+01    0.218240377904955096E+00
    0.252546651967475576E-04   -0.721889268522342253E+00    0.689727551711888931E+00    0.649663043641472426E+00    0.849395037432812927E+01    0.566442817768799789E+00    0.466233834410250014E+00
    0.343940709568218422E-04   -0.125723274400092411E+01    0.330198948237170470E-01    0.167703390908684113E+02    0.788733048091564903E+01    0.234647373003302695E+01    0.646169619892821179E+00
    0.144641638906537176E-04   -0.520962866814461245E+00    0.230740715121606182E+00    0.385765760734283869E+00    0.837576961801822506E+01    0.109578923688661312E+01    0.636101217552333065E+00
    0.177658730129480827E-04   -0.177374252374131458E+00    0.115234414975415311E+01    0.664705783411051954E+01    0.838187671092056696E+01    0.141979303304980076E+01    0.206044324984558991E+00
    0.260221008377939755E-04   -0.150092838080079938E+01    0.579350970478403227E+02    0.798806981204706279E+01    0.824997287705803473E+01    0.235246286377716096E+01    0.712536533737567646E+00
    0.256569083312681857E-04   -0.168049000360058742E+01    0.883420236609192555E+00    0.951990668728797829E+02    0.807926451077853081E+01    0.157096543341643891E+01    0.650639345549274828E+00
    0.161486055377465646E-04   -0.395579779354428784E+00    0.622616268134364548E+00    0.252647101507836383E-01    0.851941550831754491E+01    0.179977940451022222E+01    0.361488660053515320E+00
    0.999762858561930691E-05   -0.115315330474212094E-01    0.625703896248902236E+01    0.802241450535865819E+00    0.843503450790586662E+01    0.206632975718661704E+01    0.715243712997023384E+00
    0.327038811841292537E-04   -0.163759411098593044E+01    0.196533870812428818E+00    0.839819565020619763E+02    0.818793586687431940E+01    0.368709355928571569E+00    0.599206798954218467E+00
    0.162223684872286333E-04   -0.150315406277971297E+00    0.146089561625021760E-01    0.264285066575136398E+03    0.828338050123025305E+01    0.190127831361220156E+01    0.355382672087979912E+00
    0.365688543889416956E-04   -0.121181773076624766E+01    0.535308464961435984E-01    0.112298616083230414E+02    0.814272804076736634E+01    0.324319239138095849E+00    0.528350335903797652E+00
    0.141834780347598847E-04   -0.398088060596603274E-01    0.179180675371546083E+00    0.433611940701403142E+02    0.844835942159656916E+01    0.180213721048633246E+01    0.138522475987746946E+00
    0.128569434285150029E-04   -0.366263427498075778E+00    0.219230185981301524E+02    0.129077275544840542E+01    0.841576087758142677E+01    0.105898824064021158E+01    0.698909238639289998E+00
    0.173768542035958449E-04   -0.103097776735537161E+00    0.754144125628928297E+00    0.453005314218507316E+01    0.836778389087274910E+01    0.662251218674129727E+00    0.114377519666249206E+00
    0.174880445029737575E-04   -0.104625407613352595E+01    0.231246120788115052E-01    0.114979863729563796E+02    0.832567488449641679E+01    0.436229744718162282E+00    0.469348225699005139E+00
    0.172913143272992092E-04   -0.758109962910254120E+00    0.700914622962794276E+00    0.123452494224552566E+03    0.842474160668323080E+01    0.118092284212072540E+01    0.388286454049858731E+00
    0.192853923353082665E-04   -0.936023198402056722E+00    0.189168081950329380E-01    0.705430013590519366E+03    0.843059041158783984E+01    0.161413934770790557E+01    0.302599343620862715E+00
    0.164736528184532965E-04   -0.529651144276288455E+00    0.134781200313724869E+00    0.473484335168420643E+02    0.846388245946836371E+01    0.227791621072451056E+01    0.278106372538799329E+00
    0.284671414511585530E-04   -0.846715367587856926E+00    0.322631129431599384E+00    0.106682016177995358E+02    0.849162908978758146E+01    0.103613150137310184E+01    0.316130483641188342E+00
    0.344750695313075824E-04   -0.465387361196878069E+00    0.581102932435001301E-01    0.161079525663230631E-01    0.863751335833084255E+01    0.169328456933994609E+01    0.150707070817304223E+00
    0.172162436476144598E-04   -0.310044402098291039E+00    0.675856370048451893E+00    0.467245673405241591E-01    0.845522799836276562E+01    0.994731490401910112E+00    0.391053266831544954E+00
    0.316497892426069189E-04   -0.161427811615109595E+01    0.616850805245972822E+02    0.267600361083098562E+03    0.804201649250474304E+01    0.762437438620623409E+00    0.665953013552831874E+00
    0.112288818192082841E-04   -0.862776396189418732E-01    0.328392643062582923E+00    0.823352716215134617E+00    0.813421058750915726E+01    0.815258010012130718E+00    0.452352613519365510E+00
    0.199085497120917167E-04   -0.518360176490843649E+00    0.384822211747995052E-01    0.994759008901610514E+03    0.783789893006728011E+01    0.155851234042986952E+01    0.546739065932514645E+00
    0.121684806248306052E-04   -0.319922886165650455E+00    0.997515833980553435E+00    0.665499446080142443E+00    0.853266619817543059E+01    0.871752417848027816E+00    0.234023282537195954E+00
    0.176155145917173211E-04   -0.610322195870204642E+00    0.119742529479353613E+00    0.977383633792896500E-01    0.861843686495428685E+01    0.244235418809813654E+01    0.351507238458433013E+00
    0.214539350384398972E-04   -0.579287577060804582E+00    0.556454475980726962E-01    0.952240767125849601E+02    0.836145439520342215E+01    0.149095533985066186E+01    0.386064583961973296E+00
    0.248799731138779166E-04   -0.408541461990486909E+00    0.805663271916750856E-01    0.169539631823863488E+03    0.814180569483521488E+01    0.184962630602187206E+01    0.343790869029716839E+00
    0.318588292915639531E-04   -0.666817687724270636E+00    0.200111582757910023E+00    0.310698680478256363E-01    0.861301373643137858E+01    0.154962781255698290E+01    0.104140890979648779E+00
    0.401082992739960569E-04   -0.210064811106565896E+01    0.114940325763570519E-01    0.219501997818903334E+03    0.785222397967595054E+01    0.190936643995677202E+01    0.677843459301584295E+00
    0.370250953362074399E-04   -0.154200012630973271E+01    0.103500165526231953E+02    0.332381968097277252E+03    0.816621217035697278E+01    0.159362139995284480E+01    0.609729219806071199E+00
    0.179756177681524765E-04   -0.476396420138416432E+00    0.305919657410613222E+00    0.881978402734070244E+01    0.831101033296549829E+01    0.741966490321009475E+00    0.403728165415750739E+00
    0.283013181287083966E-04   -0.920492601486714190E+00    0.247443476208341374E-01    0.101394013647073833E+01    0.850917741182808030E+01    0.158325009234029834E+01    0.380157877549498369E+00
    0.121646900468863652E-04   -0.190093996104841123E+00    0.230544519553526374E-01    0.261063175174747641E+00    0.822007859038322763E+01    0.149941549833001703E+00    0.271255623907610377E+00
    0.331565391847631207E-04   -0.113467020860245427E+01    0.585177490833102443E+01    0.370686475440980612E+01    0.837326589524452203E+01    0.161772198272449175E+01    0.633735336529964943E+00
    0.204975029861012766E-04   -0.793686559709839812E+00    0.726804245776944413E-01    0.256354625613828233E+02    0.851447904002630551E+01    0.217689568485606300E+01    0.185174146725444633E+00
    0.296303034446784379E-04   -0.471623336782679203E+00    0.238638074531865065E-01    0.191884576114965372E+00    0.839957283287743373E+01    0.115098296673348838E+00    0.140426862712666078E+00
    0.149499513223883598E-04   -0.268973485002717783E+00    0.182112391922978484E-01    0.133311742113565998E+03    0.784497378643219800E+01    0.400079623449191513E+00    0.490586929798048854E+00
    0.232757230408134467E-04   -0.760997030950489317E+00    0.145151382287545316E+00    0.148016555336971123E+03    0.852868308110395645E+01    0.236085581017571977E+01    0.172269170051774556E+00
    0.214327301360198213E-04   -0.916523257864694685E+00    0.779645401260369436E-01    0.272604712759791283E+02    0.807093082951361041E+01    0.205814252240962192E+01    0.531469988510123170E+00
    0.140209326880301085E-04   -0.275265757936639655E-01    0.110734713615378063E-01    0.400411747263894995E+02    0.804439421266207333E+01    0.382719483784509096E-01    0.266980519395544014E+00
    0.216414864772284365E-04   -0.488273476789470529E+00    0.101118458478244803E-01    0.133660605502473775E+02    0.825535790188231822E+01    0.213430144565252089E+01    0.270451564965876856E+00
    0.314034330849864766E-04   -0.164307145276492150E+01    0.111812071517360979E-01    0.167842334560620770E+03    0.819133086549596534E+01    0.124986937242684326E+01    0.606144157101644709E+00
    0.207213553510459827E-04   -0.884290082216669826E+00    0.540113206678107471E+00    0.449488413842566903E+01    0.825913776752000039E+01    0.119563039456504638E+01    0.466159018155572036E+00
    0.175058316111059390E-04   -0.361243496907967587E+00    0.306585390897733290E+00    0.373284176478572327E+01    0.818406505834977516E+01    0.513696436971598169E+00    0.276156961072613061E+00
    0.191449598603413002E-04   -0.467014507254387090E+00    0.183843079882935155E-01    0.440528726495614137E+03    0.806377355006232222E+01    0.155173950843969743E+01    0.417824427320725111E+00
    0.257171430995549493E-04   -0.101615571785386694E+01    0.840858701422855792E+00    0.256466329422915997E+02    0.793478402096492186E+01    0.111328416103285277E+01    0.588823798250200814E+00
    0.226775251198211073E-04   -0.396440436306987554E+00    0.130890314406401664E+01    0.581890111777117913E+00    0.864848722567978534E+01    0.207361572431927099E+01    0.293227232507665692E+00
    0.180124093226170163E-04   -0.571889955196242084E+00    0.120260894232883608E+00    0.341375647024216522E+00    0.855848457070259627E+01    0.124205644723856401E+01    0.270009944132528212E+00
    0.166194816571976650E-04   -0.667603050911361073E+00    0.636520733421745005E-01    0.567095387415183971E+01    0.840645840060209437E+01    0.390172927969794525E+00    0.176912062800053782E+00
    0.238201346346465225E-04   -0.761760379501402074E+00    0.226701801303074629E+00    0.609222719632502585E+01    0.823797877387575994E+01    0.659735720574339268E+00    0.570221785363984712E+00
    0.118651058177332929E-04   -0.554801130442551416E+00    0.319033472425745868E+00    0.203683395885267626E+00    0.851668636802536660E+01    0.158640567772470509E+01    0.159011707159069815E+00
    0.130609705080880755E-04   -0.525984869292940194E+00    0.456197711947458062E-01    0.887011595137092428E+02    0.809811975006233098E+01    0.123069912569600559E+01    0.423011239928321570E+00
    0.337378411417476565E-04   -0.115812679372516203E+01    0.119020949033675189E+00    0.141714784891292851E+02    0.825250382607170963E+01    0.178937272588327545E+01    0.483353227539550123E+00
    0.179052127674137158E-04   -0.594547981135891801E+00    0.214921482177662729E-01    0.204789315886982273E+02    0.828948316516824590E+01    0.175664423207112108E+01    0.278428175286887569E+00
    0.205052404282358101E-04   -0.636718899493626589E+00    0.366331442000534940E-01    0.662214351463022016E-01    0.853638779942436088E+01    0.765376827294887763E+00    0.498359106625247628E+00
    0.175665262969721329E-04   -0.256579051947636194E+00    0.401539819214161917E-01    0.176172578314791162E+01    0.816262622760736178E+01    0.827066476242106607E+00    0.246595771562129390E+00
    0.149737402031617635E-04   -0.361693355699521990E+00    0.168173147559302072E+00    0.230415033023889035E-01    0.842292345217242655E+01    0.191590612270310245E+01    0.358497022774471152E+00
    0.106057045313040336E-04   -0.555812008768252985E+00    0.569902702162040864E+01    0.267627624590683979E+03    0.831389463942267781E+01    0.149723082117914963E+01    0.559535091212869928E+00
    0.314760591656449801E-04   -0.622682427849774456E+00    0.716295580458026437E+00    0.123475208236842326E+01    0.859809776894530486E+01    0.125604835429188144E+01    0.196103351275374427E+00
    0.164358790023415164E-04   -0.159243115581695904E+00    0.105470776153587420E+01    0.144830917048131488E-01    0.845745165656010300E+01    0.640914726450898642E+00    0.400317047169191254E+00
    0.494621207357819832E-04   -0.162945213786771692E+01    0.717579203733878623E+00    0.218373107124484527E+02    0.810761867281701143E+01    0.558669447578408640E+00    0.623204554899927210E+00
    0.186006658163936147E-04   -0.195115843589839133E+00    0.288604533364828324E-01    0.242266089846069406E+02    0.807478002637730441E+01    0.514549895393988876E+00    0.287329935941469161E+00
    0.143984882375639985E-04   -0.630388390590132519E+00    0.129580338957736730E-01    0.841820046209826867E-01    0.854262467718834451E+01    0.136075888008330170E+01    0.559599149423051778E+00
    0.265301507309506686E-04   -0.622337738184162270E+00    0.134971450757590761E+00    0.349546749929596987E-01    0.863506265651043137E+01    0.186471040223825479E+01    0.139164132363879200E+00
    0.214590880372478569E-04   -0.463022900708654428E+00    0.739311221201745861E+00    0.144230859553562546E-01    0.865458931955078015E+01    0.212329164616435584E+01    0.441049731514962851E+00
    0.165445328574448471E-04   -0.243130714877865639E+00    0.647098903304176964E+00    0.768722017971712884E-01    0.860333331980491423E+01    0.204218953242098511E+01    0.427793520771888147E+00
    0.172486396079192388E-04   -0.117929360765113653E-01    0.200863060964344753E+00    0.167876548991263946E+00    0.849189391291489315E+01    0.140153910022005390E+01    0.283569439237807419E+00
    0.290786493013286917E-04   -0.959506260546197920E+00    0.284058886365746410E+01    0.390326832973003889E+03    0.793333450227229697E+01    0.174144447567529093E+01    0.580019011840013587E+00
    0.138806206230851629E-04   -0.722366386833849100E-01    0.217623297088185043E-01    0.402657741057052654E+01    0.816588983290652060E+01    0.218512818025010036E+01    0.500207068623622964E+00
    0.297418284952442336E-04   -0.759617113299663638E+00    0.385439970287329015E-01    0.299553189326976543E+01    0.856268664561077841E+01    0.243046646160024737E+01    0.172413617640686467E+00
    0.205149431155402475E-04   -0.994500072818260916E+00    0.282666619559243451E-01    0.195791475796641157E+01    0.837409703974756425E+01    0.720197632904631346E+00    0.569356635584623905E+00
    0.113277032541856359E-04   -0.991228544958835806E-01    0.288325854275557458E+00    0.411923308422041501E+00    0.820647421148614065E+01    0.269754986530527430E+00    0.290686234970375379E+00
    0.233239996370652733E-04   -0.580614286326912477E+00    0.122778389686151040E-01    0.117785598710613264E-01    0.852991958731898592E+01    0.226526407618765147E+01    0.349889878689083500E+00
    0.198162265755664732E-04   -0.363701230564035916E+00    0.338549128042468089E-01    0.231306632019648815E-01    0.842781673026660982E+01    0.240186907601334720E+01    0.470056276659161276E+00
    0.226308281457043004E-04   -0.150956756163799846E-01    0.191779201295217017E+01    0.884246700730083646E+01    0.811517348557700480E+01    0.254085570424292861E+00    0.347385923633366733E+00
    0.145431344769352225E-04   -0.157595622286506032E+00    0.534096533965557896E-01    0.206212629114680274E-01    0.850745639049848990E+01    0.137517995541827776E+01    0.431869889012694297E+00
    0.218941530835626218E-04   -0.699773479257690956E+00    0.787147332290271229E+00    0.514750421167360770E+02    0.768712890288636608E+01    0.941536082685241915E+00    0.614806249468444754E+00
    0.295026072843911530E-04   -0.114406684207586529E+01    0.164528499409124090E+00    0.446148866455551740E+01    0.832220772943887610E+01    0.229526466245533856E+01    0.545281027917245198E+00
    0.183276965567018808E-04   -0.739828762310390964E+00    0.268911872337870145E-01    0.127882075050340061E+01    0.843467337334175227E+01    0.515406389705749923E+00    0.392289425547404202E+00
    0.450574167119300033E-04   -0.140887153031520374E+01    0.425933693481655495E+00    0.100346714108975121E+03    0.820851455366325844E+01    0.675193753003354935E+00    0.549189112390816914E+00
    0.212037842753489386E-04   -0.287329210333286622E+00    0.154729258958216029E-01    0.163995565565321459E-01    0.838136665339990650E+01    0.174171846535009367E+01    0.552900751706415394E+00
    0.245292182618485311E-04   -0.589645708936085367E+00    0.750976688211250770E-01    0.138851071468178100E+00    0.851447952796887009E+01    0.179422560009562515E+01    0.232460908696928342E+00
    0.252332432297346123E-04   -0.418736734728819004E+00    0.343856060072675329E-01    0.119795740356151592E+01    0.838949615552805739E+01    0.222847938430967396E+00    0.571353516125051697E+00
    0.222442566939420278E-04   -0.324742203076527569E+00    0.172700722222636049E+00    0.785634484663973808E+03    0.835980795644444719E+01    0.178307661475019996E+01    0.120312356389987871E+00
    0.235035983019265213E-04   -0.268202394652561404E+00    0.383913783206223854E+03    0.441294558121389713E+02    0.789347806392517626E+01    0.143406721213935184E+01    0.631040999779067802E+00
    0.268551643107621157E-04   -0.113086612757203242E+01    0.106317422305409845E+00    0.316843483410638616E+01    0.834753684362476100E+01    0.133105200478231267E+01    0.587475370751028070E+00
    0.210141954960592848E-04   -0.467287137499315830E+00    0.516774505967024012E+00    0.208958495281439081E-01    0.855764329755630015E+01    0.124002232504961696E+01    0.340624119057491459E+00
    0.196091934213106603E-04   -0.526647352616838038E+00    0.463708737560386219E+00    0.437866590976037015E-01    0.859388777880715082E+01    0.193658381086544296E+01    0.535539453451452041E+00
    0.305743224354887929E-04   -0.891909558881893494E+00    0.832471964741058196E-01    0.850045145613541081E+03    0.840882513418096167E+01    0.155745594571673562E+01    0.319703220952435863E+00
    0.375673056452984532E-04   -0.168294280663604323E+01    0.295840257304224752E+00    0.104157583510288234E+03    0.806032335528136912E+01    0.171004749019459679E+01    0.629008815354314299E+00
    0.135452573052716140E-04   -0.143028615818052540E+00    0.364223105015691662E+00    0.423626806946254760E+03    0.826483870430898548E+01    0.102372989506556644E+01    0.153287338373754800E+00
    0.157717881768432990E-04   -0.239155706626498044E+00    0.355250004466638680E+00    0.288740134448229702E+01    0.797812414175246953E+01    0.128716406995930543E+01    0.598735082806480245E+00
    0.308555042067408953E-04   -0.362215742883868819E+00    0.119245232177904881E-01    0.390448865547199205E+03    0.830281861024835166E+01    0.227750360106068106E+01    0.201274166099976032E+00
    0.209420575723817853E-04   -0.545270424661862152E+00    0.177897456306174317E+00    0.109445320037288314E-01    0.855181477728208428E+01    0.230014403240512655E+01    0.653919135338019264E+00
    0.191374883810159634E-04   -0.830752491421533401E+00    0.166134769420775719E+01    0.248511022023205674E+01    0.841751994820063310E+01    0.181734396665661446E+01    0.646014970788279741E+00
    0.383374200461390955E-04   -0.199195115507983012E+01    0.997493555930632425E+01    0.633394749871510214E+02    0.793588477553359972E+01    0.594362404408287692E+00    0.684899332168028119E+00
    0.160403589047723761E-04   -0.319324848933560834E+00    0.155754067582358491E+00    0.126655572768433450E+00    0.836962837179939356E+01    0.109973811504992236E+01    0.352523176728142928E+00
    0.145972288176127974E-04   -0.556475087345656566E-01    0.386524919398179945E+01    0.256240133732730513E+01    0.829364499895825524E+01    0.175718599408296172E+01    0.605450695258117677E+00
    0.158376534705921971E-04   -0.444817855106157678E-01    0.168536079112643611E+01    0.214357730360874382E+00    0.844223357926234108E+01    0.140801457374443739E+01    0.433129583590942113E+00
    0.211854178097464979E-04   -0.265317986462763167E+00    0.192590266850921343E+00    0.167284995043862722E+03    0.819455857151100986E+01    0.234149504373732231E+01    0.281693579861351018E+00
    0.126982378581824955E-04   -0.146108957481335955E+00    0.639748250560527367E+02    0.853445388013859656E+03    0.770275165670283535E+01    0.428828907682469840E+00    0.671406819955413625E+00
    0.285075985900481578E-04   -0.586075055466402706E+00    0.781233693426215126E-01    0.523383197611061793E-01    0.854056974835190275E+01    0.496382167958721920E+00    0.581325203057303508E+00
    0.223995372886629796E-04   -0.609370203125010668E+00    0.217568856220828680E-01    0.238961915276483278E+00    0.846804170507477316E+01    0.435995102110187882E+00    0.452053614118709812E+00
    0.366006729324012918E-04   -0.129715090788235643E+01    0.254645683453531502E+00    0.334728295247988754E+02    0.812375722433269232E+01    0.575994398225240012E+00    0.546942466676085925E+00
    0.157937747616516061E-04   -0.220200264544889168E+00    0.422748049654183278E-01    0.554923928644185493E+00    0.844521171251022729E+01    0.143362708628860602E+01    0.630132865564879463E+00
    0.147998387661966061E-04   -0.719213528662520640E+00    0.983608777029027215E-01    0.109515447551311226E+03    0.843033842951817647E+01    0.141291269402498787E+01    0.305574429182803531E+00
    0.251600845769703286E-04   -0.154179778010506796E+01    0.245962656084262349E+00    0.521319021416025237E+02    0.785208951950950773E+01    0.205104620868262355E+01    0.678493541578404802E+00
    0.333534908494477003E-04   -0.588829251394799025E+00    0.343432900759927273E+00    0.631175530833029974E+01    0.847671198899102940E+01    0.339535171790827872E+00    0.176186072585548692E+00
    0.178414933486563584E-04   -0.670359331656391055E+00    0.294742257269973232E-01    0.786897068569337677E+01    0.836520551790271227E+01    0.465119401288676348E+00    0.225749741432368034E+00
    0.204802461282851761E-04   -0.458283904741315307E+00    0.539603251291825847E+00    0.963335871456826864E+00    0.834393192465248568E+01    0.211648260976967606E+01    0.489533857393502636E+00
    0.293061413551595487E-04   -0.515091843064921284E+00    0.108432820929168644E-01    0.304984680787939479E-01    0.848524432174455967E+01    0.101237638253265816E+01    0.360622696687196376E+00
    0.163793089159857789E-04   -0.594402633554115711E+00    0.111809575319771509E+00    0.151135994007371460E+00    0.855350891228126997E+01    0.221650611480729909E+01    0.341041975886699822E+00
    0.142653749860045853E-04   -0.404345046071930780E+00    0.204011275662567382E+01    0.111001371682514058E+02    0.842901088738801008E+01    0.173269170665563688E+01    0.374212646732347665E+00
    0.157604116180803507E-04   -0.330479865251321059E+00    0.134296740510756396E+01    0.513632374838530836E+01    0.841137491569993401E+01    0.521712092479141187E+00    0.310328066956909177E+00
    0.166930740077160094E-04   -0.458569895794006310E+00    0.687421080191950445E-01    0.125613135096226558E+01    0.850847922452538619E+01    0.164309931969444234E+01    0.120786899375098969E+00
    0.192786956319124964E-04   -0.831427840889505942E+00    0.902389315406450371E-01    0.857921167860726919E+00    0.842824518683090673E+01    0.266422623014737139E-01    0.673064874639890176E+00
    0.172753863906528479E-04   -0.811987161450955508E-01    0.249762524746939170E-01    0.374375961011058911E-01    0.824907410250384032E+01    0.531691161205963048E+00    0.541969835237869901E+00
    0.140795055998296088E-04   -0.415979086269379350E+00    0.421174566941807521E-01    0.751322276144653983E+03    0.806319616059461630E+01    0.222751663571477954E+01    0.438281743453171835E+00
    0.238728330236436235E-04   -0.243095690452760610E+00    0.114631051142603854E-01    0.185131663474307317E+03    0.825993681471673291E+01    0.975331019940867794E+00    0.141829842482769641E+00
    0.225135012943160580E-04   -0.483540715268902410E+00    0.605291764345407435E+00    0.541198563133751462E-01    0.861395525182363997E+01    0.235654807932975041E+01    0.471898324309020900E+00
    0.239971023854271365E-04   -0.686786713452962716E+00    0.909100117734966268E-01    0.234672005663076931E+03    0.850583148643348785E+01    0.196512106384130836E+01    0.228696215625465826E+00
    0.176098265887240665E-04   -0.446200620640703316E+00    0.294472625442502994E-01    0.128115957725362843E+02    0.840246462848867637E+01    0.242691818083924060E+01    0.110053451554346565E+00
    0.184932244968015576E-04   -0.699650695523701960E+00    0.222744596214452750E+01    0.413070044764356137E+01    0.827474708034055695E+01    0.843645546551283321E+00    0.655045794154861860E+00
    0.122263433949272663E-04   -0.320650564677320338E+00    0.323920894690211569E+00    0.294059894237683572E+01    0.798031007663023573E+01    0.159968376554163116E+01    0.703931777120535007E+00
    0.211973511475484983E-04   -0.305681974299405690E+00    0.560947406332115844E-01    0.189599668735711958E+03    0.778613095253717180E+01    0.208299495216607200E+01    0.532426594397204855E+00
    0.255076228129890496E-04   -0.450181372079910325E+00    0.795088482819657161E+00    0.131830287989911810E+00    0.855767945108767947E+01    0.673510102750297768E+00    0.553737584175203579E+00
    0.185403289911406439E-04   -0.365647393983488223E+00    0.222061748010385163E+01    0.159133297936967807E+03    0.750997598558900581E+01    0.184802198950129193E+01    0.628706822682044253E+00
    0.320048272162581327E-04   -0.577241171530911257E+00    0.100793728027202614E-01    0.395376641162523413E+03    0.821925704480795360E+01    0.631485959034476241E+00    0.322358424472337979E+00
    0.215877692832013955E-04   -0.341253188866167512E+00    0.162780338912504513E+00    0.307006386595192089E-01    0.840253732506834439E+01    0.155080892391817216E+00    0.253506401403110204E+00
    0.298922439828644610E-04   -0.646259750075655282E+00    0.232863064501574291E+00    0.500754966423982428E+00    0.849912589170929955E+01    0.627358836802382025E+00    0.363701476991902140E+00
    0.296262829013246407E-04   -0.596929588464269578E+00    0.313602428050084661E-01    0.176243886740866529E+02    0.847356819034502529E+01    0.146794988921839131E+01    0.111886110680021467E+00
    0.222071025408189579E-04   -0.441817393414606852E+00    0.876554409785513106E-01    0.140977345848908499E+03    0.770865375215744830E+01    0.211552853615856684E+00    0.566298344019389943E+00
    0.383004924540856505E-04   -0.180383337901112184E+01    0.217519678506615000E+01    0.157801970545936513E+03    0.771473083184749964E+01    0.314228955368573204E+00    0.667265926675168486E+00
    0.130536385836296705E-04   -0.355023709070974136E+00    0.485638246489849892E-01    0.953692817497549861E+01    0.835344242936468717E+01    0.229158119981819203E+00    0.169699283962042147E+00
    0.137213250767928730E-04   -0.665734069447954546E+00    0.233581015467636904E+00    0.326751185047331916E+02    0.824828062219059888E+01    0.135707605616932647E+01    0.381065640435315878E+00
    0.125927131409761821E-04   -0.597090023394320712E+00    0.128124978880792301E+00    0.303159071024840276E+01    0.815003949466801103E+01    0.544992921812352482E+00    0.465219749915465774E+00
    0.258315158209885333E-04   -0.324684383764802798E+00    0.143198214137130519E+01    0.129637049386302508E+02    0.836260009678161431E+01    0.710373497048734999E-03    0.421531577848786254E+00
    0.291149576362552635E-04   -0.765271694850475748E+00    0.172180787592893098E-01    0.157276864677455848E+03    0.839815099678655841E+01    0.219896764587049409E+01    0.373866010244663927E+00
    0.358534771146607107E-04   -0.109499139721701089E+01    0.195604804564925749E+01    0.592992879323048072E+02    0.821386930957824646E+01    0.211918224109411701E+01    0.521651662939423666E+00
    0.231567869606517072E-04   -0.844517282284842574E+00    0.173060660939665129E+00    0.392518432033639726E+03    0.805620636006258550E+01    0.121932244669475098E+01    0.519803674826048723E+00
    0.231954773269309657E-04   -0.517079453050139248E+00    0.921826575582935515E-01    0.423691972164270325E+01    0.850024414126377081E+01    0.892117950308867480E-01    0.167484503574852339E+00
    0.199996124719965808E-04   -0.858365832661679429E+00    0.115624896976140000E-01    0.682906138234398252E+01    0.832227031897003577E+01    0.171927243984249056E+01    0.375106517814108864E+00
    0.200128184746827271E-04   -0.494040771755933528E+00    0.361904559848507834E+00    0.993128387811434837E-01    0.854416545616887824E+01    0.224881116608580367E+01    0.574018973958923318E+00
    0.173561386185833692E-04   -0.412998047012458402E+00    0.216383317614987671E-01    0.597572018813461239E-01    0.856909215627384135E+01    0.226235501576048970E+01    0.661530458587883397E+00
    0.249407318864360981E-04   -0.360935936200450280E+00    0.594022877806057309E-01    0.171650701049749841E+03    0.853098465718146670E+01    0.139873041294374190E+01    0.100707064527686685E+00
    0.111093799756595301E-04   -0.153673518438640494E+00    0.104143518390647505E+01    0.320848266201872734E+00    0.837030720155537011E+01    0.672150534454982185E+00    0.425651614840728221E+00
    0.310234797332862899E-04   -0.106868756661699660E+01    0.243368956715003037E+03    0.967398553808083534E+03    0.749201074026660674E+01    0.246004201733492733E+01    0.658161654438202737E+00
    0.208561535046405325E-04   -0.818087939809244435E+00    0.593294868486429827E+01    0.261626325385387702E+03    0.792387979742727300E+01    0.190959130066820282E+01    0.609337121989634967E+00
    0.179334170125111441E-04   -0.299888016167139337E+00    0.156926346017239524E-01    0.106691024368216869E+01    0.820028340289366042E+01    0.813061993065538946E+00    0.373112862687094871E+00
    0.265138558056292252E-04   -0.534383307577781408E+00    0.438546280924756504E+00    0.773626696626397714E+00    0.838992679938182206E+01    0.783368904293337276E+00    0.458882884995663654E+00
    0.195395449687440485E-04   -0.391501919436624490E+00    0.574595540811016048E+00    0.102013102190103965E-01    0.852921849281675648E+01    0.975531485188443792E+00    0.505813199380944267E+00
    0.205288413006437511E-04   -0.296266211820521597E+00    0.106089232647560202E-01    0.108043945629702376E+00    0.853538526093152505E+01    0.131749325290369845E+01    0.575825589771013058E+00
    0.260280894310318368E-04   -0.871792218512995820E+00    0.170390431968477953E-01    0.216807112552071590E+01    0.844811507568529407E+01    0.201480716986913588E+01    0.487745862784057405E+00
    0.177263374973846461E-04   -0.340793312987485719E+00    0.203986201543790019E+00    0.722861403417887516E+02    0.812901572596294031E+01    0.543104810449007824E+00    0.327435971831214256E+00
    0.358964473594102277E-04   -0.164910884684838277E+01    0.974794600845707016E-01    0.209031592159932075E+03    0.751600743546172811E+01    0.122812598518108121E+00    0.683012311497969593E+00
    0.247170410665708565E-04   -0.623160751321430117E+00    0.361265681135628999E-01    0.271696228337186056E+02    0.853409700813469740E+01    0.191196863850934529E+01    0.150752678185986394E+00
    0.133474872608405028E-04   -0.558637166337463187E+00    0.141279952649274565E+00    0.231849198866512646E+00    0.852051413408151426E+01    0.233004781969509223E+01    0.504684571993156861E+00
    0.166412737002618993E-04   -0.364588656126192678E+00    0.110415743144174853E-01    0.543076312411475101E+03    0.806908671378651832E+01    0.215514169472820249E+01    0.542651710085847450E+00
    0.127211504003024288E-04   -0.439222463909884286E+00    0.530251394954059374E-01    0.237185658685063853E-01    0.846125435744335697E+01    0.202605459617122019E+01    0.456070408857352949E+00
    0.156447040195055632E-04   -0.244883668112136937E+00    0.159735842184199561E+00    0.823650710496226929E-01    0.848765169897210470E+01    0.721747169089737572E+00    0.449507153359283262E+00
    0.158563538687908597E-04   -0.485656560507636059E+00    0.922890541222889826E+00    0.642569294941888955E+02    0.812697141732180484E+01    0.589383249128221709E+00    0.428672571255728441E+00
    0.181258930627486407E-04   -0.785532747976540602E+00    0.746261151525028227E-01    0.244808229995433521E+03    0.826682589496480524E+01    0.530216455251800944E+00    0.383570925278297392E+00
    0.213316586702889039E-04   -0.264303278546836273E+00    0.113542597039392647E-01    0.172042685018182984E+01    0.812088572919541818E+01    0.165803143732085601E+01    0.539448115719807442E+00
    0.306614321053133733E-04   -0.550516696712028741E+00    0.571013657430386679E+00    0.136312154199180640E+03    0.802049337851577526E+01    0.137661723164951483E+00    0.461552002699342045E+00
    0.340390425134000444E-04   -0.825573317308187393E+00    0.763932832606541434E+00    0.218293736344826129E+03    0.811243400812564808E+01    0.168762449074864729E+01    0.541566409621633382E+00
    0.204505778421676179E-04   -0.411912854214994906E+00    0.433452121778192603E-01    0.409675036027839085E-01    0.843944886523889792E+01    0.135292382789209209E+01    0.580795690252037700E+00
    0.211359002608850995E-04   -0.443258658841660935E+00    0.790388392507260229E+00    0.111046201992043578E+03    0.835752205055425357E+01    0.318702549596807161E+00    0.331038188197467442E+00
    0.170356067277128252E-04   -0.704401009876419182E+00    0.520160632410701873E+00    0.504221809847386204E+01    0.833575423046974251E+01    0.132210151172884705E+01    0.360486343211044558E+00
    0.163666769872558649E-04   -0.131260737376292319E+00    0.103948916701627429E-01    0.170426228213164083E+00    0.829856946163284803E+01    0.196870855936842282E+01    0.102286268115169582E+00
    0.257178130423577852E-04   -0.917178127156880740E+00    0.283532506604465939E+00    0.316987670063968308E+01    0.829744411220135092E+01    0.138038408109247279E+00    0.497605882290922397E+00
    0.135117745050762551E-04   -0.961639112901853665E-01    0.478240657921148379E-01    0.150384602392048265E+03    0.779468714556598918E+01    0.152493609467834546E+01    0.515501540654866197E+00
    0.246943515852346106E-04   -0.968944565566387181E-02    0.117465185423387283E+00    0.632792181311899160E+01    0.822131719102351965E+01    0.136465046186974437E+01    0.352148790266797573E+00
    0.242457008369838811E-04   -0.119327501627367094E+01    0.949012410457880096E-01    0.623842615613958529E+01    0.829956923246780498E+01    0.160634477279721333E+01    0.579343256164420617E+00
    0.102407275894387140E-04   -0.180277737825575574E+00    0.671942157279231234E+00    0.358665771156940139E+03    0.846454370164405390E+01    0.105295509576529756E+01    0.114147639095618203E+00
    0.158053009119702023E-04   -0.325228366524126677E+00    0.285921429398646176E+00    0.168074507389816469E+00    0.854616454776856571E+01    0.152407545122682109E+01    0.147275657914695574E+00
    0.203988112965063924E-04   -0.422024092444888366E+00    0.444289034543291828E+00    0.110546145026894863E-01    0.852489942712472271E+01    0.932058402613907155E+00    0.642764212282049940E+00
    0.123845049449315371E-04   -0.200304612625505807E+00    0.108523970651514551E-01    0.167374578791628287E+00    0.845732186508949724E+01    0.295373281891942868E-01    0.107265090544139380E+00
    0.209791535199693609E-04   -0.529416166904624341E+00    0.572618289790466473E+00    0.428220178259401507E+00    0.847631585888524874E+01    0.915612670077692536E+00    0.515447077329885817E+00
    0.222019893165916576E-04   -0.866118430400984740E-01    0.703781037864463777E+00    0.145800420488852667E+00    0.834238647515213572E+01    0.887615508380203977E+00    0.642463654264687656E+00
    0.303495351693282258E-04   -0.178953251127448576E+01    0.832760447492040368E+00    0.943240398233556334E+03    0.782495585442613972E+01    0.921170213789287651E+00    0.691640571047728026E+00
    0.198398095321943386E-04   -0.825911328656054433E+00    0.233042080336002960E-01    0.466738163913825929E+03    0.827313856763242228E+01    0.228542448478985349E+01    0.422675016672562354E+00
    0.146602750837133682E-04   -0.395729809000516519E+00    0.817545192065006893E-01    0.262505896205609623E+02    0.813215581113783159E+01    0.239145562753756558E+01    0.526518108814739927E+00
    0.284280810702841219E-04   -0.169383300794923941E+01    0.177350613059724038E+01    0.213634492786350876E+03    0.799011785527221008E+01    0.983933118077400470E+00    0.664901999620234996E+00
    0.361165956994944501E-04   -0.718683377014365465E+00    0.239923782585286072E+00    0.106717772542901224E+01    0.849295838625663357E+01    0.163845079692251150E+01    0.446834956643843428E+00
    0.285693335985485389E-04   -0.872365560619264402E+00    0.119514154536113026E+01    0.289085386285724262E+02    0.790653560539672462E+01    0.109625731132197957E+01    0.624899001252095299E+00
    0.409464685946071924E-04   -0.160680590139446244E+01    0.296442465788939025E+02    0.279416435776832202E+03    0.797333725471967369E+01    0.104008503050620482E+01    0.636702557701345317E+00
    0.208673354449589619E-04   -0.826125453721731184E+00    0.424558287442656987E-01    0.532631147586599951E+01    0.810256781084402178E+01    0.727562033885054693E+00    0.556716025333167330E+00
    0.138836133664316293E-04   -0.832875435235980399E+00    0.103217248443522071E-01    0.126957018563944342E+02    0.817486839892779571E+01    0.651958572495974442E+00    0.471341105403901506E+00
    0.206035070561524290E-04   -0.155023723124909057E+00    0.111409800487032390E+00    0.240061885632794458E+00    0.851585516195234860E+01    0.169579610724807650E+01    0.113125642690491995E+00
    0.198519826313082243E-04   -0.445959548965348257E-01    0.214227184561764128E+01    0.246862718351720356E+00    0.832112396071321925E+01    0.246260078549080108E+00    0.654315157642036183E+00
    0.167152188428979913E-04   -0.476443899524795433E+00    0.146016738254846706E+00    0.563399397323887001E+03    0.841914780038515786E+01    0.567683592322962283E+00    0.140212843417895333E+00
    0.130836831377529055E-04   -0.201308326259229398E+00    0.597479564641735905E+00    0.155681297285607778E+01    0.824023520681292609E+01    0.248485117241143261E+01    0.366635625249303043E+00
    0.287411374936968561E-04   -0.908985087144099091E+00    0.291169814954442101E-01    0.205582209996981513E+01    0.842816755096757930E+01    0.183329260221902524E+01    0.554761339652811825E+00
    0.265182916588108239E-04   -0.738656441473117931E+00    0.373202516669465731E-01    0.106052598827592828E+02    0.840042366533841189E+01    0.615539560462004420E+00    0.268789215447641783E+00
    0.262329070357943791E-04   -0.653917836815784748E+00    0.775682984787462587E-01    0.123449613972345276E+03    0.857296984268553075E+01    0.242218476883245201E-01    0.153954714311310248E+00
    0.332827686792184189E-04   -0.742366439183610893E+00    0.939777369279984759E-01    0.144864841516012954E+01    0.847764023587289550E+01    0.212408796472073380E+01    0.521250094050209500E+00
    0.232102117274483820E-04   -0.389505680886347794E+00    0.178505382196299550E+00    0.643870515519745640E-01    0.847407456502357626E+01    0.176128844788056327E+01    0.500838115075397883E+00
    0.163086397870573717E-04   -0.398299699277529007E+00    0.199131428248593673E+00    0.129477197774547967E+02    0.768061564884353576E+01    0.696279079045316884E-01    0.665278296004316982E+00
    0.176171888271227756E-04   -0.200645507496406694E+00    0.256960283398509848E+00    0.127321863534325064E+01    0.838711902632708828E+01    0.532198086875604215E+00    0.266966476007795162E+00
    0.271441551592925014E-04   -0.272665494142397269E+00    0.765060806137849991E-01    0.124987627933885959E+00    0.840666294726128172E+01    0.178527738631341726E+01    0.392335550827251245E+00
    0.136430054304227195E-04   -0.184434676554215721E+00    0.213787478112143270E+00    0.171818118692079196E+03    0.733534528674828579E+01    0.563656150624283314E+00    0.664715268567550477E+00
    0.263398628255058635E-04   -0.113206182657328691E+01    0.183514569020226626E+01    0.105395020457331334E+02    0.811356345266147727E+01    0.418270262957200933E+00    0.682189253515721239E+00
    0.312271281966086946E-04   -0.715038403986972604E+00    0.358384748266038944E+01    0.184626112639265585E+03    0.835948559730159069E+01    0.109239919152393372E+01    0.456926703204568629E+00
    0.163118156897857695E-04   -0.280082712815256513E-01    0.272733988300775179E-01    0.217112022482371685E+03    0.820843389439045801E+01    0.133381243450785458E+01    0.108197922200357122E+00
    0.360192182310650432E-04   -0.701032523995241408E+00    0.350424236714741433E+00    0.946385509347546261E+01    0.823707185194078662E+01    0.739008542722408124E+00    0.474928269329554675E+00
    0.189873247286352165E-04   -0.524058711598009985E+00    0.148831510747158863E+00    0.206239043110807208E+00    0.849027908356317340E+01    0.105337994606190288E+01    0.614418296964342581E+00
    0.149125968532897230E-04   -0.596750592776467359E+00    0.229299565828771819E-01    0.492598197795213721E+01    0.842190626291676203E+01    0.122724736672763690E+01    0.175570832757300954E+00
    0.269610901707894396E-04   -0.971001868252220485E-01    0.687404830364219288E+00    0.168082932666354139E+03    0.852899300906850044E+01    0.240493630389845370E+01    0.171889454180453871E+00
    0.176055267345733355E-04   -0.576484477816832874E+00    0.747794417210122653E+01    0.443655099725009791E+03    0.823137853302941380E+01    0.238848226321845036E+01    0.556282786348471614E+00
    0.205965712451048085E-04   -0.838859252613185280E+00    0.154607378418261693E+00    0.222134541362188553E+01    0.841040184137406044E+01    0.242486879734804806E+01    0.529465801764968158E+00
    0.242568546298237203E-04   -0.379200596783676347E+00    0.600392930948850001E+01    0.965033897140277986E+03    0.783420205797879809E+01    0.130065197809610100E+01    0.559469604436390266E+00
    0.129372693531904476E-04   -0.162166014008580078E+00    0.213639873910591270E-01    0.260282195688074543E-01    0.849040822294922037E+01    0.180017478379469331E+01    0.146016368871285107E+00
    0.273577452262842797E-04   -0.507443158562563057E+00    0.470496020944853155E+00    0.201656830624665915E+02    0.824600789641118403E+01    0.572977956701435476E+00    0.323798943508568082E+00
    0.160288963170811602E-04   -0.249086514104296441E+00    0.921190164580248716E+00    0.395785272190710247E+00    0.841593857015883273E+01    0.241238555963822776E+01    0.539220887998479448E+00
    0.173754959618143070E-04   -0.487683882756874354E+00    0.121504803368333043E-01    0.143799196546667596E+01    0.841932529513696082E+01    0.107394005988240315E+01    0.345841300519315942E+00
    0.215290494261675079E-04   -0.704584298320134028E+00    0.103557513632880974E+00    0.286188938367913792E+02    0.830955256315325030E+01    0.163490082873946929E+01    0.347990573736119191E+00
    0.255723590888783647E-04   -0.176881097283233701E+00    0.142587864762295357E-01    0.283136148743385885E+01    0.800013079609189504E+01    0.172481707874313051E+01    0.564567183743300283E+00
    0.132703046932863249E-04   -0.608597846816806065E+00    0.139287235005488477E-01    0.162840061366131977E+03    0.809244457912651782E+01    0.129884279019120785E+01    0.476297715986054415E+00
    0.165327594870314321E-04   -0.372022130724323330E+00    0.288707615975227448E-01    0.133980050241098686E+00    0.853078834135613917E+01    0.200673432993201128E+01    0.384725628543377884E+00
    0.398626829179934961E-04   -0.598541699666939708E+00    0.361735710891030529E-01    0.133516643816281508E+02    0.841871679044343502E+01    0.112983003480433020E+01    0.273738930384653356E+00
    0.126348745795090246E-04   -0.151275898807980369E+00    0.556711712542889869E+00    0.449810251572257680E+00    0.841846606303055722E+01    0.788810265023920931E+00    0.101353341412905223E+00
    0.199917348498617392E-04   -0.339768037936406198E+00    0.577600336993797536E+00    0.131982885060608457E+00    0.852893143680098831E+01    0.131451775753098765E+01    0.241293124747466226E+00
    0.140009804032047004E-04   -0.159811949249640650E+00    0.384715920013680227E-01    0.416905565649514781E-01    0.831722077531181192E+01    0.114901335636792989E+01    0.101487160618599082E+00
    0.168473479855343121E-04   -0.190184244687164189E+00    0.177464607783684725E-01    0.270851217132946770E-01    0.846840311907210719E+01    0.669821263090310537E+00    0.262368970881627084E+00
    0.203044654162634620E-04   -0.700676204763363675E+00    0.458846736778459954E-01    0.324339077029124439E+03    0.836830060114213836E+01    0.189203716273987110E+01    0.377586504918264732E+00
    0.204657293545669471E-04   -0.110302464512193654E+01    0.957126993211621535E+00    0.440147562002592139E+02    0.822755334030537888E+01    0.147574898161345813E+01    0.553841304154141789E+00
    0.276005209905459182E-04   -0.210533085577928714E+00    0.480410681106878956E+00    0.169141431887690707E+00    0.853389140786667255E+01    0.114694872549375562E+00    0.461134154204603908E+00
    0.192902713793634392E-04   -0.437035102887846083E-01    0.146310173994065908E-01    0.182424598881354143E+03    0.794908194521349909E+01    0.133792033306402480E+01    0.388236126123653547E+00
    0.248118280442453743E-04   -0.515297909944429477E+00    0.120008285906409874E-01    0.668723735956182395E+03    0.821687293428960075E+01    0.813846119576231541E+00    0.452306764322195187E+00
    0.270601738644898677E-04   -0.152378771321509632E+01    0.169883691787638957E-01    0.214656542851754928E+02    0.842709966362328800E+01    0.129939855288760814E-01    0.509944938872448073E+00
    0.260684961089400704E-04   -0.393682063736048804E+00    0.687681172611975811E+00    0.290063262591756654E+01    0.834774712226460025E+01    0.157213797598759175E+01    0.275021549279510003E+00
    0.253484631127034986E-04   -0.376343795625618927E+00    0.471411912803961011E-01    0.143271163155249354E+03    0.830213539021985270E+01    0.918042558441133250E+00    0.188793452210398144E+00
    0.328146933497537921E-04   -0.588315064666364851E+00    0.302494762622135191E-01    0.110295004395604268E+01    0.852322946189533326E+01    0.189020093274024514E+01    0.141648929724542488E+00
    0.236267367360966530E-04   -0.109443059002154031E+01    0.405979569341871974E-01    0.143694003495642363E+03    0.820482926112961408E+01    0.162069605750402523E+00    0.521373170124673102E+00
    0.164962147859309496E-04   -0.711726847465612211E+00    0.140475096984861020E+00    0.195444330687760406E+02    0.832595295284137293E+01    0.867839803199219051E+00    0.400388098438658191E+00
    0.185482153079580632E-04   -0.457569631842719982E+00    0.259676539667677876E-01    0.326269751744028369E+02    0.798033046312229732E+01    0.194065939719659708E+01    0.491704533982401326E+00
    0.274829992424802928E-04   -0.264719465387077690E+00    0.139082674644758625E+00    0.581569003346877835E+02    0.820618165964198276E+01    0.944146081486201494E+00    0.409663964320795215E+00
    0.180677851448042861E-04   -0.312198478476084229E+00    0.559601910055113685E-01    0.135015757402246143E-01    0.841170224173567505E+01    0.299972753844959694E+00    0.129759816012403190E+00
    0.150592806228629624E-04   -0.155260337925005154E+00    0.132809444683220940E-01    0.145295957435656094E-01    0.845680271254328630E+01    0.743230013431782632E-01    0.617261915814188322E+00
    0.222915408735869162E-04   -0.306374396478781397E+00    0.201054479577283729E+01    0.122947741497870533E+01    0.851915383562985973E+01    0.223035308574129409E+01    0.460775172247707587E+00
    0.212207877838049020E-04   -0.145092814679001925E+00    0.237223915809462761E-01    0.657327262388778024E+02    0.846188627579890706E+01    0.234548212481108864E+01    0.133656360218320447E+00
    0.279226397144458968E-04   -0.193962368269172636E+01    0.699918128756548441E+01    0.364804235346903681E+03    0.774380078173902930E+01    0.123900128542272769E+01    0.716538633114479850E+00
    0.142904990470243542E-04   -0.377442156165014253E+00    0.183086982073156790E+01    0.232187630586599241E+02    0.778391621722538041E+01    0.227107360757060484E+01    0.668947789141317251E+00
    0.190884352204701172E-04   -0.944984255193749401E+00    0.326947233776813739E+01    0.223056817616561489E+03    0.808691587186539351E+01    0.239556273902725625E+01    0.595542355187794525E+00
    0.206674581482842170E-04   -0.487664372522123857E+00    0.159335464610703192E+00    0.461024057424555281E+03    0.831798947246889497E+01    0.223911620701885389E+00    0.250708346467132581E+00
    0.219387842390762863E-04   -0.488376771804810206E+00    0.798733927644884323E-01    0.119958692427399108E+00    0.852326018386793827E+01    0.212988494298021314E+01    0.397218971390040920E+00
    0.257104136802563435E-04   -0.277570494448655003E+00    0.431302203426770434E-01    0.304247146489418571E-01    0.855636087649673804E+01    0.159571675001250335E+01    0.586896167124967394E+00
    0.197049770369570934E-04   -0.439945329229173787E+00    0.135278988366844110E-01    0.478094959009741804E+00    0.838454774343412623E+01    0.270281103446954329E+00    0.295549846791962167E+00
    0.175333792416062749E-04   -0.163517624568335573E+00    0.119382041923967643E-01    0.822620036259104209E-01    0.851627747985042838E+01    0.231215024201450792E+01    0.334165166306718275E+00
    0.144950956242707860E-04   -0.389708118945235271E+00    0.172877560515429546E+00    0.383538623093341968E+00    0.843068150811115125E+01    0.655579347630519838E+00    0.694290625935615746E+00
    0.168089325102812146E-04   -0.393653483418426209E+00    0.602117779308477888E-01    0.269097705758931327E+00    0.850203005971653880E+01    0.127317495601438879E+01    0.169480624756703724E+00
    0.396631902027066557E-04   -0.129259763402112249E+01    0.621661524676379473E+00    0.355891014936147201E+03    0.788229877483014452E+01    0.123580951010404472E+01    0.601819751539375725E+00
    0.131934619046732648E-04   -0.114821017628079433E+00    0.138595437037400987E+00    0.784264215549683869E-01    0.830626366874768962E+01    0.934529750567105078E+00    0.417195571919982910E+00
    0.322502868929637970E-04   -0.212377385286311615E+00    0.100221310399792563E+01    0.115170417020541371E+00    0.859524198444843002E+01    0.189795634604572050E+01    0.441068263181380593E+00
    0.212546527368660264E-04   -0.143606520128845949E+00    0.434086945918552458E+00    0.116839271954238444E+01    0.833360029267960378E+01    0.110340226298897526E+01    0.138532701956883220E+00
    0.164543297055960823E-04   -0.421426418977955131E+00    0.842284360537664395E-01    0.260283099026309417E+00    0.842521361910621636E+01    0.602135614068176284E+00    0.321139069094496521E+00
    0.251463471210583405E-04   -0.406095697559340385E+00    0.169188591254053733E+03    0.151372479806345677E+02    0.806207878513970222E+01    0.854334195203219737E+00    0.631672598795557150E+00
    0.178715963757310583E-04   -0.826250438875260063E-01    0.227588134624543033E-01    0.593482148241381791E+00    0.840809840768238814E+01    0.166550760217858307E+01    0.608794595236623381E+00
    0.134997223421442875E-04   -0.214268843866978864E+00    0.301530207689885595E-01    0.591913052305141036E+03    0.810664753833272300E+01    0.239027124179027695E+01    0.503534598730583594E+00
    0.194804488214538858E-04   -0.500888421577774690E+00    0.988409505326371396E+00    0.681438888048964930E+01    0.832967119587344662E+01    0.682054353730503271E+00    0.336194558312183034E+00
    0.126933064023252058E-04   -0.299560952631432953E+00    0.104371404424300346E-01    0.124962119570015826E+02    0.817941499406551209E+01    0.100346782646702093E+01    0.276515891870699859E+00
    0.151374152879265780E-04   -0.128907493273483983E-01    0.139394339450903265E-01    0.160782813656614572E+02    0.821891519727026676E+01    0.180052182096252422E+01    0.106606298597051077E+00
    0.202078052924240747E-04   -0.512457392319348837E+00    0.334007652585713299E-01    0.180900684558549507E+02    0.782047159580306506E+01    0.987657790915182909E+00    0.659578991931585867E+00
    0.143842550330003417E-04   -0.908067542172381503E+00    0.199034268631061474E-01    0.323683214163956393E+03    0.815566659411663508E+01    0.908627857576378567E-01    0.615725966116627776E+00
    0.135848345994748922E-04   -0.404953542450474324E+00    0.244059803843571371E-01    0.374833393657883041E+00    0.839406247109939940E+01    0.150985395911986497E+01    0.147573320497149885E+00
    0.191116097502612217E-04   -0.570104728116090698E+00    0.134990350232653289E+01    0.335675873472240083E+01    0.835879556401124546E+01    0.204076619790174307E+01    0.428616350103386057E+00
    0.957638875257407338E-05   -0.131448568215269901E+00    0.363577287741301880E+00    0.784806642680359268E+01    0.814032198015823028E+01    0.185700763052382412E+01    0.324521825658290464E+00
    0.128016076856687581E-04   -0.154177509963008774E+00    0.736471998741211831E+00    0.203071868804498123E+02    0.845038105509750181E+01    0.111433352690356080E+01    0.152980078038438189E+00
    0.173630505789094414E-04   -0.533465826564373594E-01    0.692581196936811305E+00    0.254431762933127814E+01    0.831191359213463343E+01    0.744450203198965932E+00    0.353588752616286861E+00
    0.179433984223148892E-04   -0.288503173598474938E+00    0.331260898067573736E-01    0.171865759161847720E+02    0.765652153469594055E+01    0.240310712149281791E+01    0.608300627869408972E+00
    0.243499921855268568E-04   -0.292430455245248133E+00    0.580780800780683948E+00    0.902300772360842829E-01    0.850053813685915216E+01    0.151781468439454814E+01    0.517520110708338255E+00
    0.250477467431068496E-04   -0.401425714983424997E+00    0.125373432294263149E+00    0.235286283055054446E+00    0.850406226723735337E+01    0.627893066046455228E+00    0.158675865054151238E+00
    0.272790249188165499E-04   -0.662850399149174097E+00    0.220650601762863952E+01    0.962273362644791597E+01    0.833602933320244510E+01    0.107600398580577417E+01    0.434285684744753486E+00
    0.113582526298552731E-04   -0.464383484734472218E+00    0.147139125790881030E-01    0.155598814966533439E+03    0.833287100331155273E+01    0.688892894767798025E+00    0.217670927772132705E+00
    0.968026664495184481E-05   -0.365623840392048953E-02    0.122476938180085676E-01    0.124813418061377607E-01    0.826719279929910655E+01    0.162280913715667663E+01    0.502203385185841733E+00
    0.164070069124378198E-04   -0.905167346053187050E+00    0.265674815354240179E+01    0.857562303957322229E+03    0.794535394995224742E+01    0.117286734188496222E+01    0.667151195212771886E+00
    0.208537920419543533E-04   -0.125759134216989454E+01    0.382005028800006863E+00    0.315406021111100813E+03    0.814128804179157584E+01    0.117359839257141463E+01    0.605564876692839205E+00
    0.209492098963651191E-04   -0.440291346948802620E+00    0.130438789433680757E+00    0.143584350599798738E+00    0.854936945530946879E+01    0.218816807069205943E+01    0.629518442209361706E+00
    0.261756184993959380E-04   -0.773483231666753257E+00    0.537668492041365909E+01    0.848161762808162507E+02    0.814358301937036444E+01    0.305161800401750283E+00    0.535415954979435393E+00
    0.227419799379246708E-04   -0.149068751792908349E+00    0.241770451306598133E+01    0.320680426309683675E+01    0.820793130412453920E+01    0.106294992592278525E+01    0.597282844191593498E+00
    0.163539214445287863E-04   -0.138860944586378404E+00    0.208329661573727010E+00    0.635625285988020927E+00    0.836987090820811552E+01    0.396821867523311389E+00    0.467917193498363915E+00
    0.211404741553566583E-04   -0.510942697095055243E+00    0.112025887729944908E-01    0.174511884151969738E+02    0.837434340342529460E+01    0.647250440349094069E+00    0.178505452774878004E+00
    0.155325059091381834E-04   -0.967277054609192027E-01    0.114876068372459539E+01    0.312847346348479164E+03    0.843003612578401196E+01    0.925947847456319750E+00    0.198291596751103666E+00
    0.290443799260617940E-04   -0.994201128560643577E+00    0.838809069703557036E-01    0.515129360554470921E+02    0.812862963461562416E+01    0.504729856552148748E+00    0.556081144697452845E+00
    0.167138315947252754E-04   -0.193438366732163358E+00    0.147378024416163350E+00    0.558498727246453219E+00    0.827239118441946886E+01    0.568702534430808870E+00    0.198460144818582707E+00
    0.210223297407555400E-04   -0.589356755394203846E+00    0.159331912625859523E-01    0.118208000653373446E+01    0.838334945604817960E+01    0.138347753007210317E+01    0.316462978708783815E+00
    0.200161331665774960E-04   -0.608685060150170654E+00    0.616300995660333806E+00    0.712766917557923421E+03    0.836189957938331219E+01    0.133007804326508738E+01    0.347570036442296781E+00
    0.157506179737307848E-04   -0.282995095066744917E+00    0.292339943274823988E+00    0.141798953212365856E-01    0.853882787438771018E+01    0.197565819421931410E+01    0.499430005182233683E+00
    0.219676930709470906E-04   -0.296497159786810738E-01    0.198263354928397778E+00    0.130229134091291976E+01    0.811130489590199666E+01    0.312082676333108544E+00    0.337940355973699647E+00
    0.290576432050063394E-04   -0.111427398983165826E+01    0.820016715341464697E+00    0.103355500132638696E+03    0.841163790984655790E+01    0.179970814174985677E-02    0.511596019238319322E+00
    0.208385122019485110E-04   -0.573363137530686795E+00    0.122536361860284479E+00    0.416953018180139395E+03    0.840949744607894090E+01    0.137894083240222920E+01    0.280408420805107084E+00
    0.137080980573971442E-04   -0.106385532541262030E-01    0.113026227290560465E-01    0.143165721833609788E+00    0.826319741694263499E+01    0.186179456951785860E+01    0.301825170333455239E+00
    0.366281602202471536E-04   -0.118973594361238333E+01    0.938258699496976045E+00    0.241004130969098895E+02    0.782686408230553443E+01    0.217344810154120216E+00    0.633011458871932220E+00
    0.367591040394621497E-04   -0.133320946954085939E+01    0.114414414265692124E-01    0.440126681290363933E+03    0.763135041474801135E+01    0.973602408139470632E+00    0.638289013512321035E+00
    0.105144012481986038E-04   -0.249547483268185127E+00    0.459190161028144167E-01    0.186279968080991068E+03    0.834722987855327858E+01    0.135093547363369915E+01    0.245925938207484152E+00
    0.202449102883415762E-04   -0.295522947311265050E+00    0.130610662546726086E+01    0.346105541593802997E+02    0.837753972495559651E+01    0.132754873923903116E+00    0.282342676907656465E+00
    0.136207161522618467E-04   -0.483713457475650477E+00    0.487607232673519728E-01    0.105700582120180222E+02    0.812283365810887048E+01    0.118432352677130126E+01    0.417591764074609406E+00
    0.297099892867197870E-04   -0.924056413233424911E+00    0.131693671681763248E-01    0.539625672995404404E+01    0.821475214876536342E+01    0.137015203208403191E+01    0.526658183504378985E+00
    0.178997308086317899E-04   -0.139252946008318457E+01    0.123481990277899176E+00    0.161004863607047753E+03    0.751380350028032939E+01    0.150626993476507987E+01    0.751563542828505571E+00
    0.177920498447099890E-04   -0.296242183818339777E+00    0.169686610256566360E-01    0.129154959273849207E+00    0.837255823328445992E+01    0.864122129826181529E+00    0.262389912176543671E+00
    0.268741468710698110E-04   -0.196558053724909282E+00    0.839329268796975114E+00    0.179060143254646391E+02    0.798209927753035942E+01    0.328662486681141952E+00    0.418060354774283272E+00
    0.182194639930703579E-04   -0.460814059159556977E+00    0.444275061435525365E-01    0.477222394504006520E+01    0.819796207764413332E+01    0.629832430838295321E+00    0.518350375834265464E+00
    0.220502990549124465E-04   -0.700065605049735806E+00    0.617028846602485248E+00    0.426978915593138364E+01    0.834506695920612351E+01    0.225063415722780302E+01    0.475100622681676965E+00
    0.993733910102727191E-05   -0.497550984026522564E-01    0.931553634275728154E-01    0.382043662005880606E+03    0.821790809402609312E+01    0.817111048871797807E-01    0.105372531051516463E+00
    0.104787336840152703E-04   -0.832381478245661915E-01    0.122174651084691846E+00    0.221929452047952083E+02    0.774207961992646521E+01    0.359726318669576273E+00    0.555119315619814313E+00
    0.177401878190975273E-04   -0.179369985179776426E+00    0.208385268914061464E-01    0.157727529089525254E+01    0.814920161595470205E+01    0.229906901815767295E+01    0.455338213812055859E+00
    0.192095242969661958E-04   -0.318497867628895148E+00    0.102022261785328344E-01    0.405528865041219266E+00    0.831076382351993992E+01    0.441946047763848271E+00    0.573538682779058506E+00
    0.157780315375303391E-04   -0.189666304812560332E+00    0.157934712659579743E-01    0.439512218990678782E+01    0.823186192774152659E+01    0.225710701689138737E+01    0.199939176742052471E+00
    0.226324928831838954E-04   -0.527803795549255828E+00    0.462677548109085512E+00    0.258880478940192745E+03    0.776540537061801839E+01    0.229101089732466257E+01    0.618425860875860600E+00
    0.147629895513443763E-04   -0.365045356285747191E+00    0.660997544192646891E+00    0.477883971729630332E+03    0.836703658293877695E+01    0.113098785267925450E+01    0.322498326098823618E+00
    0.926843643133586781E-05   -0.483120533371553140E+00    0.132849226166450202E+00    0.222095504368312469E+01    0.809489985836184900E+01    0.423439078823655224E+00    0.745814272515668342E+00
    0.219809604731956902E-04   -0.177544276784661920E+00    0.771138226540374061E-01    0.159719019752678975E+03    0.823049495996603042E+01    0.395023533323024423E+00    0.161886750244838867E+00
    0.202304971465647272E-04   -0.516136691188521346E+00    0.304084490511139921E-01    0.390757867259273350E+01    0.811338849885925306E+01    0.509824345267319456E+00    0.445262853189994368E+00
    0.231666473471020143E-04   -0.436292448121823329E+00    0.528953585977786148E-01    0.328621931339825224E+02    0.829241317742262751E+01    0.175636048286201851E+01    0.262714741081312320E+00
    0.140920500900737987E-04   -0.276701762787815331E+00    0.253001952464997071E+00    0.981652647969834788E+03    0.844937921687175830E+01    0.955559715974589441E+00    0.108188120221663589E+00
    0.196770311447920793E-04   -0.449549699002389835E+00    0.163594302507682782E+00    0.221791384850729401E+02    0.820109844748650829E+01    0.156738512754570536E+01    0.351786802532473963E+00
    0.156589070763589488E-04   -0.948947908487929870E-01    0.470974955856576158E-01    0.102598613184216383E+02    0.817573247279675819E+01    0.391609329059867228E+00    0.372990736706292125E+00
    0.180227278439927867E-04   -0.510634635966026096E+00    0.265410272863863643E-01    0.701928059285361949E+00    0.836815927411852201E+01    0.236070270345201741E-01    0.325288111741748653E+00
    0.367273143537141569E-04   -0.147622503496575375E+01    0.934454459677138694E+01    0.432979233568545396E+03    0.752500321288261631E+01    0.117520143308989677E+01    0.656884239932389313E+00
    0.302673557977648942E-04   -0.650991458053155725E+00    0.467174052114229077E+00    0.463141199588314066E+03    0.828821767219801053E+01    0.401444840338831765E+00    0.407692679336546515E+00
    0.147354551123267654E-04   -0.918587453695853817E-01    0.124890978089421179E+00    0.250067337107621990E+01    0.803593648638594793E+01    0.225340078802025356E+01    0.485632102933966636E+00
    0.198338456635796508E-04   -0.991984075408530064E+00    0.304876415239183736E+02    0.265247233651621954E+02    0.795266824250029547E+01    0.106527270951464148E+01    0.697089083345267646E+00
    0.186815307013899207E-04   -0.463165949351874273E+00    0.334802448988706994E-01    0.278388005203150271E+03    0.844873030449390683E+01    0.115393292191664365E+01    0.150709268635066118E+00
    0.308389242991206317E-04   -0.207997413694835126E+00    0.163264989116721965E+00    0.235636425655878412E+01    0.807482043571632069E+01    0.917271511680432083E+00    0.536949686212814248E+00
    0.263615561436488137E-04   -0.480435809827884308E+00    0.224018459164131961E+00    0.422691129576048326E+02    0.825671804662173514E+01    0.146624358766702256E+01    0.424086668009651668E+00
    0.200506189324234974E-04   -0.684834309852418111E+00    0.487377714181424837E+00    0.113352120297499795E+03    0.796406289058062100E+01    0.200691633932046853E+01    0.556475650642377362E+00
    0.313391653046578465E-04   -0.120212714636122620E+01    0.254165242811927247E-01    0.349047633166322413E+02    0.803559060980031603E+01    0.521970081359763971E+00    0.607309459787542028E+00
    0.279210422264461006E-04   -0.475117949209924784E+00    0.113360433928370752E+00    0.456282515671883215E+00    0.852190244599379554E+01    0.240751282510862152E+01    0.447565706219059223E+00
    0.189458953588155306E-04   -0.472027727399084274E+00    0.165859048551493908E-01    0.306862847194590074E+03    0.832751541449692034E+01    0.450365729118321567E+00    0.214813090042768384E+00
    0.145105032590144990E-04   -0.447679099414183046E+00    0.900027196998026136E-01    0.141828057611207097E+02    0.815753732274563248E+01    0.708996850634788234E+00    0.368595411669432771E+00
    0.136138736690677096E-04   -0.128098508275826195E+00    0.170026539222535925E-01    0.124512456936432619E+00    0.844370677317156293E+01    0.112621959061110188E+01    0.585282465787207440E+00
    0.196867305719463204E-04   -0.516768488370274559E+00    0.160588695981194318E+01    0.645444230617883985E+01    0.827986335305302212E+01    0.651653210032948738E+00    0.417581719624329883E+00
    0.174230930085295643E-04   -0.676950258991962928E+00    0.362276624502456748E-01    0.479662824018603828E+01    0.821666217556207279E+01    0.895311439834389766E+00    0.596768550639367956E+00
    0.138933708633520800E-04   -0.442288124639872660E+00    0.116944259812097866E-01    0.344946313108045355E+00    0.844242473395821058E+01    0.167845826465472259E+01    0.556561412727208271E+00
    0.214262903502373946E-04   -0.796117741316660466E+00    0.469934115582600764E+01    0.202019025608848381E+03    0.811251878091003320E+01    0.969511621391786593E+00    0.561632081484942258E+00
    0.209461675268364540E-04   -0.367998217937257482E-01    0.241168293910746998E-01    0.572303464000366979E+01    0.816014649663243929E+01    0.139597232023333873E+01    0.198827505842903929E+00
    0.948474859394784976E-05   -0.281232433734751527E-01    0.880889723905719513E-01    0.354800318076343757E+01    0.836924463826144205E+01    0.218355509551418203E+01    0.151110762489068212E+00
    0.205907368430596658E-04   -0.582450549884145574E+00    0.303989367268831967E+00    0.215295281849808937E+02    0.834065032940342022E+01    0.144121916480836054E+01    0.318039009638113379E+00
    0.160495959188099865E-04   -0.224145713855416373E+00    0.111573741106717481E+02    0.723432254952032565E+02    0.784346047876801400E+01    0.207821783776883029E+01    0.632248092173805398E+00
    0.234425533916151999E-04   -0.130070454578219619E+01    0.280447731349620887E-01    0.111518583030447580E+02    0.809332238124289383E+01    0.208612398223091278E+01    0.709477239520236225E+00
    0.164646356524216225E-04   -0.205432677895848737E+00    0.479465565154131093E-01    0.315657894200757905E-01    0.838993698476540040E+01    0.199055919526180913E+01    0.229799931960707221E+00
    0.218509312459839779E-04   -0.480982299624573173E+00    0.133134343321360177E+00    0.312196273301442488E+03    0.832931986756977238E+01    0.641364869285871886E+00    0.237442653832406508E+00
    0.265795361073106248E-04   -0.364400306776697602E+00    0.933290035000692297E-01    0.101779131837894754E+01    0.830684946922385592E+01    0.725334594159459223E+00    0.294654285317708375E+00
    0.237483555515281951E-04   -0.448982341941188579E+00    0.802631482641423943E+01    0.346628940019657307E+03    0.770400791694149678E+01    0.172316502891171552E+01    0.598951711183319691E+00
    0.112464206868363784E-04   -0.156480394825424224E+00    0.121453050398346196E+00    0.321238612910944091E-01    0.833946503193696920E+01    0.420925012208800464E+00    0.552238176342142006E+00
    0.204476494814455765E-04   -0.341941026513738144E+00    0.911307149223593571E-01    0.205477221699840951E+00    0.853059247159461265E+01    0.225664360220166405E+01    0.363022140770647095E+00
    0.207635083984423000E-04   -0.569187170365983541E+00    0.995569909458371982E+00    0.185553458269124438E+01    0.841408479788861285E+01    0.237954441669369299E+01    0.487612321167109397E+00
    0.179106026440668105E-04   -0.454090842467114175E+00    0.597802798852287848E-01    0.442480510332779815E+02    0.844129077243167103E+01    0.211446299376429403E+01    0.176920824760416651E+00
    0.338490759560987112E-04   -0.117670194306206888E+01    0.459411465051193879E+01    0.206557688173189398E+02    0.788877606905897988E+01    0.140600559313676010E+01    0.641475264731142358E+00
    0.339281308511565476E-04   -0.993700473108584226E+00    0.165024425516534873E+00    0.263505271350457122E+03    0.806843470940667018E+01    0.345128782794747180E+00    0.528823168327566262E+00
    0.157827472889134540E-04   -0.360289595488545500E+00    0.928516604762607112E+00    0.699089672618599849E+02    0.816581539854858107E+01    0.149720641573446867E+01    0.409103331649552260E+00
    0.239647314243301124E-04   -0.612327672542284152E+00    0.287169127333064614E-01    0.601919727148650523E+02    0.824127079383625727E+01    0.691894541092385462E+00    0.354552481550769127E+00
    0.144367258167209468E-04   -0.444831189681997419E+00    0.108269019162739663E+00    0.106959027806793561E+02    0.834240798157926022E+01    0.753960568469170145E+00    0.253825726556683451E+00
    0.133884035866549789E-04   -0.112627348193514748E+00    0.144381791149520489E+00    0.912562247095237283E-01    0.846873125432050955E+01    0.170284114091286476E+01    0.569081460722767218E+00
    0.173323125729194682E-04   -0.422498802126157480E+00    0.742567148094455537E-01    0.736394239363789560E+00    0.839899745117826591E+01    0.602939658129824974E+00    0.312643272311203479E+00
    0.199572804549737677E-04   -0.541840811639720088E+00    0.103998032879609820E+00    0.137822885131464878E+01    0.836849612886950567E+01    0.605389185713448991E-01    0.235542942906403902E+00
    0.228073078458221951E-04   -0.325084439245861168E+00    0.283150220717313106E-01    0.650884711352724743E+01    0.827715183603080362E+01    0.563999202274995448E+00    0.184089446504929477E+00
    0.146129261806080765E-04   -0.324588778584435855E+00    0.106820752570498841E-01    0.353380225936675840E-01    0.846127760773211612E+01    0.110639142808528179E+01    0.401883019014693699E+00
    0.127407915186749336E-04   -0.560772335136293654E-01    0.127238774935989590E+00    0.391738069747203781E+02    0.813017661268953518E+01    0.891382402101887350E+00    0.248931929201771873E+00
    0.231178686475052124E-04   -0.854740255893096323E+00    0.661045807142499608E-01    0.211761648069116546E+03    0.800751013580125104E+01    0.181233723790443446E+01    0.601512464786140955E+00
    0.191655881110123571E-04   -0.824380543637875052E+00    0.480165171793087442E+01    0.200245757468191186E+03    0.720225649213871666E+01    0.623211370093666339E+00    0.700426680988195494E+00
    0.239226803608327211E-04   -0.249874076181969579E+00    0.727634472244543945E-01    0.116122955520948921E+02    0.838965537383754167E+01    0.273059480201820526E+00    0.150375428909807651E+00
    0.196166572461209985E-04   -0.240301954936696954E+00    0.903323771127276465E+00    0.748117752115695378E+01    0.779456667403186731E+01    0.205294290762150000E+01    0.619090069765532935E+00
    0.200892096790990316E-04   -0.761741839274608784E-01    0.277814325281934005E+00    0.567554856730807522E+00    0.843898017303422598E+01    0.203836708931891897E+01    0.491114075314172172E+00
    0.285368210006051831E-04   -0.125909414506250039E+01    0.231737995022171031E-01    0.183653932032893543E+02    0.804165351610597590E+01    0.626240696040211597E+00    0.647044419321764819E+00
    0.141326716065199121E-04   -0.268333383948632098E+00    0.141257703257587700E-01    0.135456041722963985E+02    0.841990603596264364E+01    0.102710070239503759E+01    0.115115602760681557E+00
    0.217933243310822203E-04   -0.136506341319200891E+00    0.495147705981347497E+00    0.705255741271968162E-01    0.847036897965066871E+01    0.249900249456080115E+01    0.373681602336816576E+00
    0.194900616531188333E-04   -0.118092135945801724E+01    0.982194984096756762E+00    0.898171986572801728E+01    0.810591809235870997E+01    0.224061221045730660E-01    0.686630915746634929E+00
    0.132005445780468119E-04   -0.444652820303726382E+00    0.316325797742215586E+01    0.715107141061880185E+02    0.742320394916464643E+01    0.540489072860522168E+00    0.718514485962660765E+00
    0.259773079261309086E-04   -0.115925756750815645E+01    0.922188542519342819E-01    0.113537846879562991E+02    0.808348756556593351E+01    0.198722896556006634E+01    0.632620466774930890E+00
    0.216506889602140180E-04   -0.424326896260627473E+00    0.191332466437915349E+00    0.908709133579272816E+03    0.798278731791598872E+01    0.215380847710221612E+01    0.489579970544175458E+00
    0.187464059598264745E-04   -0.344997368146245709E+00    0.223310441909856140E-01    0.626412378810397627E+03    0.793178985005790960E+01    0.678367509127773105E+00    0.480451341220054950E+00
    0.277273719127633161E-04   -0.438167809375419326E+00    0.136707821072939405E-01    0.112233346221090940E+03    0.847842400753415859E+01    0.151580946800317795E+01    0.107483145366739544E+00
    0.226500990580694914E-04   -0.345470494721718757E+00    0.115839655953965656E+00    0.158763467345671566E-01    0.849898298955401543E+01    0.145256105961270610E+01    0.573083341841489791E+00
    0.138366476973569273E-04   -0.217190407955246689E+00    0.524511289894215721E-01    0.105246410216427878E-01    0.839778678407343193E+01    0.162092866072140462E+01    0.224087536921716735E+00
    0.183407131020491312E-04   -0.342711354619281094E+00    0.433954499494020596E+00    0.865474540414393232E+02    0.822592978929254492E+01    0.111631138539053321E+00    0.302030696474895055E+00
    0.196892723389300506E-04   -0.596190568018159839E+00    0.132381035457699772E-01    0.983901913389719454E+02    0.819586105753809591E+01    0.248390515384258537E+01    0.494584498905428549E+00
    0.269831353496078260E-04   -0.421270871446207729E+00    0.314427520793938431E-01    0.186367925620532449E+00    0.850368429172370099E+01    0.126114619861766064E+01    0.551650159299258647E+00
    0.163298856897128098E-04   -0.116115629152816729E+00    0.748820975487515583E+00    0.239315952146608835E+00    0.845688571654928722E+01    0.899251947184272371E+00    0.236207626371071927E+00
    0.213278358651912551E-04   -0.258602427701476900E+00    0.293997751011266240E+00    0.583597919087508377E+01    0.812876503522162253E+01    0.149270838017337737E+01    0.522671716394382146E+00
    0.146125463289510035E-04   -0.234130806754006132E+00    0.793087659414774965E-01    0.505850628899944521E+01    0.814326844506522463E+01    0.403711895819995004E+00    0.279546932515832069E+00
    0.151835086782075628E-04   -0.441083231474725113E+00    0.132557019830217393E+00    0.372416593588445277E+01    0.813595061518491391E+01    0.184321540000598372E+01    0.462273263968521420E+00
    0.204192093416994070E-04   -0.793151030825580694E+00    0.714337746877070301E+00    0.628746565868184391E+02    0.782416057236598661E+01    0.198854970499287131E+01    0.616399849753109130E+00
    0.140950589429043477E-04   -0.305982182877196432E-01    0.382318519349708785E+00    0.153287279724840467E-01    0.850279207890593369E+01    0.156629240772699641E+01    0.123989540751036825E+00
    0.176689319538712840E-04   -0.221946125845252057E+00    0.302667309904938453E+00    0.192424787551041154E+01    0.821231671767115401E+01    0.170680687083638927E+01    0.330842269049782423E+00
    0.187445921291264474E-04   -0.488430573901031603E-01    0.193380277778145029E+02    0.405214410840680955E+03    0.772269695782257060E+01    0.209266285774118188E+01    0.601043449908496785E+00
    0.170441923042578566E-04   -0.345658564506984956E+00    0.157239828563054629E+01    0.644748997551127090E+01    0.799891551321395866E+01    0.474329809878773379E+00    0.689992070854787864E+00
    0.208339456610281817E-04   -0.255559181904608745E+00    0.516326963442309439E+00    0.705056970800453098E-01    0.854842287344722429E+01    0.198472957219566171E+01    0.579250952030283206E+00
    0.352861260356612038E-04   -0.106033740008984778E+01    0.124989698322798236E-01    0.335395305763771603E+02    0.764562437017402274E+01    0.145528543536380006E+01    0.648557991177587168E+00
    0.250454206977833064E-04   -0.878894863637144530E+00    0.955175155289196137E-01    0.833551547070888610E+01    0.825107268353286116E+01    0.110241666034294394E+01    0.467211077778083017E+00
    0.158487904899377098E-04   -0.267069213678561512E+00    0.195748754121576364E-01    0.215060479135169347E+00    0.844107365642466334E+01    0.867326362017225794E+00    0.573993717740698850E+00
    0.227392406624015811E-04   -0.403120212801114861E-01    0.763110475877602640E-01    0.100251895782607406E+03    0.815376736391776369E+01    0.197502120164385758E+00    0.375984746589045793E+00
    0.237237253992647104E-04   -0.642272422963590661E+00    0.820433319321003274E+00    0.102631234782674596E+02    0.817321766639019209E+01    0.128825242833665010E+01    0.459935108346937738E+00
    0.929685686852462141E-05   -0.266576310452905307E+00    0.394453006574334575E-01    0.237221589222478352E+00    0.839275351338463338E+01    0.188000101051736945E+01    0.184834021814371363E+00
    0.184421864780845141E-04   -0.227298563911354279E+00    0.219421283973620651E-01    0.354746344080184128E+01    0.832442779599880289E+01    0.200181364341979329E+01    0.307242809381225446E+00
    0.394399896582378872E-04   -0.108648311658155450E+01    0.682719753289878772E-01    0.978764452783939191E+03    0.757942367713237974E+01    0.118364333790834242E+01    0.616643369822160503E+00
    0.216042775731390937E-04   -0.827274679546862401E+00    0.109548417797428813E-01    0.492359448662874577E+01    0.826464699535551262E+01    0.235765466267710533E+01    0.521443323882806897E+00
    0.276951359115909094E-04   -0.322778776091505404E+00    0.137877299506775020E+00    0.144349710797043134E+02    0.766716085460298480E+01    0.160844394080059849E+00    0.591801356956291880E+00
    0.151497381249018070E-04   -0.679143558612764320E+00    0.102290383973617366E-01    0.230162348249094805E+03    0.825581988543953571E+01    0.214066370891553293E+01    0.435643741515462257E+00
    0.210286698166836104E-04   -0.186938753064433555E+00    0.335335113031798471E+00    0.144633040482674169E+00    0.841565231395447100E+01    0.185334463249019654E+01    0.584332949158907766E+00
    0.220642171198240601E-04   -0.652711262530399350E+00    0.129704120078876096E-01    0.240370602488788032E+01    0.832515798399450802E+01    0.153551068652116074E+01    0.398149768467778498E+00
    0.214364413684725991E-04   -0.281019365669075649E+00    0.843235025275366340E-01    0.236357962916964169E+03    0.829945925504397408E+01    0.189928338703336719E+01    0.345593237651617313E+00
    0.189740214671143189E-04   -0.348692894022667732E-01    0.214465181874441933E-01    0.723658993390752840E+02    0.782062518344187119E+01    0.164319542131720486E+01    0.560748353933880783E+00
    0.176958753798147974E-04   -0.407693796300671263E+00    0.676189634391653471E-01    0.497191058325334723E+01    0.838241858255621253E+01    0.879100266285069099E+00    0.156609968489565321E+00
    0.191238157794424209E-04   -0.683759875265843031E+00    0.102715612353639907E+01    0.441418506983268077E+01    0.822074069146668762E+01    0.346486938202451078E+00    0.580853680029154384E+00
    0.156000651531463360E-04   -0.485616623908070366E+00    0.332141385269960759E-01    0.233353567067733803E+01    0.838491533975066261E+01    0.218829816457942483E+01    0.228948078713895858E+00
    0.245050784559672783E-04   -0.816187575890193751E+00    0.153734102220641267E+00    0.257910626970430656E+03    0.810959065513104171E+01    0.460194774310859200E+00    0.547548813309024052E+00
    0.244928248481866902E-04   -0.633014854470116184E+00    0.101050542121073650E+01    0.395560619847432733E+02    0.769270227409842544E+01    0.163381284626616696E+01    0.608140752784756322E+00
    0.133720564115559956E-04   -0.256410738690697679E-01    0.146394918733809398E-01    0.868775769414682070E-01    0.828542132281153165E+01    0.159020055033844976E+01    0.584594399007365539E+00
    0.246009108633595455E-04   -0.201505843689435027E+00    0.132898667026726449E-01    0.105901853206016042E+03    0.828247173684294680E+01    0.999938735954306379E+00    0.151080726807950316E+00
    0.140238357885853685E-04   -0.172751623038401747E+00    0.101515330263674992E-01    0.558210451466555901E+00    0.839478211255440421E+01    0.108836480407596192E+01    0.342309701829181634E+00
    0.276053896718224456E-04   -0.418400482804357376E+00    0.176255981612124767E-01    0.215676543709262880E+01    0.846055224357246871E+01    0.200682644726045067E+01    0.153873743270995095E+00
    0.112279977299244234E-04   -0.114064990091559834E+00    0.256986369043659901E+00    0.194847242061988084E+03    0.821774741251370777E+01    0.218203254864235507E+01    0.255786475976581607E+00
    0.140310791725064957E-04   -0.285780214633266083E+00    0.342701688326117715E+01    0.418859852525265580E+03    0.813131417434740733E+01    0.222713024373292789E+01    0.507887492182136469E+00
    0.229950595702576377E-04   -0.818418033155589031E+00    0.763615358990011872E-01    0.939501439393215065E+01    0.797176917670475493E+01    0.689356376338734256E+00    0.601975556526401445E+00
    0.233712612429247982E-04   -0.482909250365638976E+00    0.893597453027491218E-01    0.188083966137507218E+03    0.815296156683999662E+01    0.212547286345209197E+00    0.467773636330581777E+00
    0.160841302790405400E-04   -0.108285801304847468E+00    0.519394331601182174E-01    0.519617986369274448E-01    0.848807915484753650E+01    0.222099198187864788E+01    0.436262649153542070E+00
    0.179636753384510287E-04   -0.108281301871624824E+00    0.433868002789498663E-01    0.828208968225765041E+01    0.842957102114884194E+01    0.225541714887871114E+01    0.134038763716085363E+00
    0.188799892688429978E-04   -0.444916503752769921E+00    0.355518797728192348E+01    0.320164258248905620E+01    0.814322003560042873E+01    0.109710556605151534E-01    0.624030813410150986E+00
    0.189596215554830528E-04   -0.213996733720651894E+00    0.215067721089195030E+00    0.361079009550676915E+03    0.826210848579141377E+01    0.284162339288288712E+00    0.316382497137506769E+00
    0.141062300375627799E-04   -0.672417654327281261E-01    0.102237186687382936E+00    0.270891099192145275E-01    0.847527937477041959E+01    0.200638261419633857E+01    0.332601242603055014E+00
    0.280476985739954617E-04   -0.112233734918366923E+01    0.112624382878084198E+00    0.220993720889834968E+02    0.805789659974979955E+01    0.163435409600471737E+01    0.587956665104345855E+00
    0.208800525754950779E-04   -0.839772699231825626E+00    0.527368675173793822E-01    0.954156906587176763E+03    0.818381207272031475E+01    0.150447423891777698E+01    0.496446315565642005E+00
    0.255255070220028978E-04   -0.837350999867035456E-01    0.122842277555670745E+00    0.360669161663369309E+02    0.813259239054047889E+01    0.248530565272186887E+01    0.308656039656165171E+00
    0.240244261584278610E-04   -0.504109488976872244E+00    0.939887846498068391E-01    0.112249253772820889E+01    0.843485182406009670E+01    0.104803334058666620E+01    0.333147025675778696E+00
    0.223440369074325662E-04   -0.275005230440499189E-02    0.498084361538469578E+00    0.355746391160304598E+00    0.843966672550125807E+01    0.571990186834395509E+00    0.345443423149330853E+00
    0.170808897016361921E-04   -0.381818537585446482E+00    0.481301353003263516E-01    0.113903477609850583E+02    0.829018144700409110E+01    0.451667570646985539E+00    0.226286285895818534E+00
    0.240731656259011383E-04   -0.326990253287252952E+00    0.218664729333028912E-01    0.279902007216706693E+03    0.837290919882246243E+01    0.499027532105259630E+00    0.210183447445947386E+00
    0.215670588916274877E-04   -0.171539383585164684E+00    0.106736781744066000E+01    0.329130276311972692E+01    0.808422531073035522E+01    0.153976067602512789E+01    0.478379337411528605E+00
    0.192576059334967394E-04   -0.344011629805503982E+00    0.369926564907973543E+00    0.818088542502248717E+00    0.844365324079486257E+01    0.138239678187735393E+01    0.434682505979147371E+00
    0.151106393053042174E-04   -0.317579113781696676E+00    0.113741595018768820E+02    0.807080676801107984E+03    0.792713711301964352E+01    0.748776812480675735E+00    0.601547398427347946E+00
    0.180146216234880363E-04   -0.148739144462730649E+00    0.384548862103620992E+00    0.608208049337630396E+00    0.827356706913885631E+01    0.864127129112545189E+00    0.452314424495049883E+00
    0.311928436640748148E-04   -0.113226389351251422E+01    0.107738055067886108E+03    0.103966265669574923E+03    0.748803501196605481E+01    0.182714643593940096E+01    0.662240674902016435E+00
    0.177587027058548679E-04   -0.249533056081505805E+00    0.253573621586087906E-01    0.271235959784431269E+00    0.837168817763438078E+01    0.163583090669022047E+00    0.114699555560158206E+00
    0.292999830310108630E-04   -0.132681608097532555E+01    0.481679278435420883E+02    0.325866272645335329E+02    0.777942839125842234E+01    0.207036145771811642E+01    0.685760654030315608E+00
    0.172167468347672121E-04   -0.229684894829678993E+00    0.187561784599275388E-01    0.170325803774804399E+03    0.804465380725647705E+01    0.148794347710119768E+01    0.398800299287137672E+00
    0.291705995068094844E-04   -0.440977486349944381E-01    0.110796652184909986E-01    0.168915538841254111E+02    0.810648860436560348E+01    0.210591937297431109E+01    0.304211134909636471E+00
    0.159970563793980504E-04   -0.193602468891485080E+00    0.795784034618262415E+00    0.113164275009342319E+02    0.822087161367819697E+01    0.962447903818453687E+00    0.421207244496871636E+00
    0.209459929006885852E-04   -0.581442816707137711E+00    0.271618412092777506E+01    0.334022625427046194E+03    0.821436340235993256E+01    0.510333352212905655E+00    0.487995425054657650E+00
    0.230210822608610481E-04   -0.126597676036447782E+00    0.156118597371064562E-01    0.407189256762554024E+02    0.823121270842957031E+01    0.128514961158195229E+01    0.181869377581327374E+00
    0.291728701969649735E-04   -0.112315578182547293E+01    0.433476964437848888E+01    0.121356802183387614E+03    0.733924443560706496E+01    0.101081600488565782E+01    0.675569594458031886E+00
    0.177092544848772793E-04   -0.520771754400906506E+00    0.238590946945209763E-01    0.109357138746287283E+02    0.833249081295526217E+01    0.180185594963834816E+01    0.297363597045218309E+00
    0.298320070775993657E-04   -0.647403757207116626E+00    0.106388321049067994E-01    0.742044091549925700E+01    0.795947214640747447E+01    0.115902721279476850E+01    0.599063510863877102E+00
    0.183559046284363517E-04   -0.853561403242047989E+00    0.865005925915722507E-01    0.278380084874749116E+03    0.803862621924746179E+01    0.300342239462413008E+00    0.559035361758506100E+00
    0.205783101651346430E-04   -0.279969799518082541E+00    0.212144412660347309E+00    0.512499117020622369E-01    0.849273108306497093E+01    0.197217505057490516E+01    0.432098591418540012E+00
    0.172839139029555510E-04   -0.329348281564915357E+00    0.580135339483797541E+01    0.145111870972896270E+03    0.782852816123201123E+01    0.164605661492306998E+01    0.590447678546938581E+00
    0.178969396667947492E-04   -0.104271895550221205E+01    0.435610784766787829E-01    0.353998046007418381E+02    0.780290638243234458E+01    0.127124464320634734E+01    0.671334154960882112E+00
    0.213647942724675575E-04   -0.130167258651384066E+00    0.751501390494066168E+00    0.603383986711212073E+00    0.841662563297172994E+01    0.204596342107825802E+01    0.279352449279748560E+00
    0.227887393052751711E-04   -0.185520351490508634E+00    0.268742965957121038E+01    0.630789524369999839E+02    0.826214103855506821E+01    0.174003775289352047E+01    0.440721792884535613E+00
    0.245302319121922027E-04   -0.213469256801054552E+00    0.451779350031225949E-01    0.125425038029773077E+03    0.822984651152079749E+01    0.168081336573560258E+01    0.243979792786871236E+00
    0.141303645781485648E-04   -0.375318374886921213E+00    0.206785461009967808E+00    0.124968234876862496E+02    0.828913752375163781E+01    0.167930932618525519E+01    0.372874201705554076E+00
    0.138304594352012003E-04   -0.115714728929258923E-01    0.146063671289795305E+00    0.120148757558011596E+03    0.797624598097904070E+01    0.226613774090223963E+01    0.524605822068240246E+00
    0.266978711860921336E-04   -0.700413066183631194E+00    0.351713775916014312E-01    0.308371317347711269E+02    0.824576660933336925E+01    0.430254704931594234E+00    0.412497926323458941E+00
    0.216591583651388979E-04   -0.426950634411930374E+00    0.913787471568969500E-01    0.147560749148259106E+03    0.819204565350891478E+01    0.616434249596367057E+00    0.440033193724619354E+00
    0.197807533914932108E-04   -0.299982247537715185E+00    0.455842061716350277E+00    0.970777775477655314E+00    0.846094654912427302E+01    0.228427191917123062E+01    0.338487113590829725E+00
    0.151563411978362827E-04   -0.105073731660758497E-01    0.114929821225155493E+00    0.112392098065325925E-01    0.843426120372915733E+01    0.846626477712861147E+00    0.173527863526769716E+00
    0.409322227330734541E-04   -0.893152940035308318E+00    0.600271433646812014E+00    0.312711975597851186E+02    0.769938505777828208E+01    0.221151807832722458E+01    0.617896874620622261E+00
    0.213309389582255880E-04   -0.958339813387188710E-01    0.177562682923753275E-01    0.564645305305227563E+01    0.834302668201674180E+01    0.146389616547170837E+00    0.183489165026874596E+00
    0.246709884083753687E-04   -0.923077193654371242E+00    0.227381837488384482E-01    0.106543493256549723E+03    0.804654230952859351E+01    0.115562144552234525E+01    0.589287279669580832E+00
    0.280369508057110066E-04   -0.701793139837410818E-01    0.150496393846456494E+00    0.154903603352582204E-01    0.840379422651933261E+01    0.169962781901747517E+01    0.547910699130042533E+00
    0.235091566109454286E-04   -0.302607797872734230E+00    0.133841744509773080E-01    0.107918171479204142E-01    0.847533473743328081E+01    0.155112266048606640E+01    0.209621003853122156E+00
    0.151981016989813260E-04   -0.406781498720498735E+00    0.178947905422117831E-01    0.120096305963761041E+01    0.834601400617760625E+01    0.855789155166473026E+00    0.214960431540810154E+00
    0.159097256517768091E-04   -0.800709276523469023E-02    0.937905373945820964E+00    0.887418468264871002E-01    0.836705061809766093E+01    0.578496176465782441E+00    0.670750944862701926E+00
    0.248270426348567771E-04   -0.316715652334562225E+00    0.118047084612565977E-01    0.533055980411620656E+01    0.820888248881737681E+01    0.230585169672520562E+01    0.445750323948900240E+00
    0.142420616252922327E-04   -0.392261705905636693E+00    0.144245246315582495E-01    0.253345451377186279E+02    0.780445957373688781E+01    0.193641251589696317E+01    0.590018797331760325E+00
    0.138785550403977319E-04   -0.267627996393884515E+00    0.109517881112203708E+01    0.902246097112951588E+02    0.796018009132322835E+01    0.950214193389905537E+00    0.506457976075141425E+00
    0.200215631283163168E-04   -0.236930137100613419E+00    0.658650283082351629E+00    0.450138901522469439E+02    0.844269432526879626E+01    0.222528479615520958E+01    0.211344261199455319E+00
    0.256955839463137453E-04   -0.906866242099421793E+00    0.256808251507576246E+00    0.542701837876139237E+01    0.821270886373041087E+01    0.989511662737831754E+00    0.566660821910918489E+00
    0.185297212007606835E-04   -0.627691674279235556E+00    0.163047674079137367E+00    0.394529134264702918E+03    0.822023613434026856E+01    0.212859890307234645E+01    0.478645189658910453E+00
    0.146287354745968261E-04   -0.128645491822995228E+00    0.392866500978986954E-01    0.349591450294669051E-01    0.838344005807799597E+01    0.239891412430818107E+01    0.566007357883019813E+00
    0.327850120139552590E-04   -0.400611402686222029E+00    0.581163354021604975E-01    0.930716500989380746E+00    0.840446578011437850E+01    0.135446202672243832E+01    0.352915802053992644E+00
    0.323635266575199849E-04   -0.128641792792046239E+01    0.479934490132513727E-01    0.196136348617125513E+02    0.795129504622682592E+01    0.231453794552418129E+00    0.650407470280538691E+00
    0.288342493084006844E-04   -0.679629624857935877E+00    0.411690973570813690E+00    0.107783205455537949E+02    0.819340233322559541E+01    0.245186414896408778E+01    0.492518189627013769E+00
    0.215286245335362396E-04   -0.649491850523748582E+00    0.423476772519587499E+02    0.948829704233744224E+03    0.707719469443588789E+01    0.199919202077990921E+01    0.681134332212527061E+00
    0.182609205862854059E-04   -0.643642166213265865E+00    0.147606573630693280E-01    0.528877465886332061E+03    0.820303987068836271E+01    0.500373230337438635E+00    0.455530123770071516E+00
    0.255307484626843654E-04   -0.882229355690813954E+00    0.191834657503866968E+00    0.802187326969282744E+01    0.829701130288629329E+01    0.355021000101975459E-01    0.427789811376109053E+00
    0.138646565353763079E-04   -0.178404856254105404E+00    0.513230366847300876E-01    0.678050231141180820E-01    0.838536097811351766E+01    0.172947739826813573E+01    0.376629685818764992E+00
    0.130568143664660586E-04   -0.317716764534351603E+00    0.536508156456219742E+00    0.913306141647803855E+02    0.798459768328566888E+01    0.479559585959167201E+00    0.485148588736844411E+00
    0.176814482809711466E-04   -0.354590476045738234E+00    0.585913928105213699E+00    0.129629575895447744E+03    0.751877589461703622E+01    0.196534005893425534E+01    0.657411534551216814E+00
    0.202659404511320462E-04   -0.556417578087931131E+00    0.288841202235924410E+00    0.348287979406847148E+01    0.822374133217137882E+01    0.110561917201614746E+01    0.437153337647380402E+00
    0.134992920868461147E-04   -0.287359621131899889E-01    0.180670513659036636E+01    0.266009560921526678E+01    0.838150125172804472E+01    0.192610043150295640E+01    0.341855697830378835E+00
    0.170085836153032510E-04   -0.224143909569148841E+00    0.549687636058001861E+00    0.276484659895044693E+01    0.808513015105880051E+01    0.106007249719555136E+00    0.478683761304101174E+00
    0.293984385978045819E-04   -0.470199612464060834E+00    0.217789164217457691E-01    0.790488504103106671E+01    0.819369368639255669E+01    0.125428651931687707E+01    0.363775443293359979E+00
    0.190311697139820353E-04   -0.897108205729189737E-03    0.185514602086725375E+02    0.421766216113178757E+03    0.785439828643452742E+01    0.144125839414688239E+01    0.599716255698675593E+00
    0.907930507737964624E-05   -0.301538633074334594E+00    0.182558845005928658E-01    0.109544649980107822E+01    0.828386246886939048E+01    0.196926231625109649E+01    0.373578792341680677E+00
    0.116939594651743024E-04   -0.665451842057261100E-01    0.915748474693251907E-01    0.182383384968133441E+03    0.807404098911778334E+01    0.261795816584950852E-01    0.488586336443316172E+00
    0.284904972192133561E-04   -0.602925151579514429E+00    0.373578770596586507E-01    0.294003290791544680E+01    0.831637447330118817E+01    0.217021633248989687E+01    0.467314001426166303E+00
    0.249267927217796524E-04   -0.685124050675833263E+00    0.407389282734446745E+01    0.131378256932367009E+03    0.747589804530722368E+01    0.189924873981219333E+01    0.652032941356625928E+00
    0.152103743117457140E-04   -0.371593390053498895E+00    0.258908295497548430E-01    0.611767271459611628E+00    0.838283338406731104E+01    0.117190896051624383E+01    0.311163210572730775E+00
    0.176164995961944030E-04   -0.136456955741747238E+00    0.593776060021873192E-01    0.991646720861430242E+00    0.830064574909461861E+01    0.362963414367691806E+00    0.583514530866306114E+00
    0.186018579049878440E-04   -0.392464171640025561E+00    0.184955797848586645E+01    0.350925143165902114E+02    0.799873394694989859E+01    0.210241485716239601E+00    0.503988191177445977E+00
    0.226862447140092284E-04   -0.322901825612567361E+00    0.233818465677588204E-01    0.267170567748217902E+00    0.841655794002052815E+01    0.102820190687113833E+01    0.315575560077889228E+00
    0.153773847739461867E-04   -0.166714962779519166E+00    0.643588971752875327E-01    0.958181373762103362E+03    0.780491426638285901E+01    0.908107392537551794E+00    0.528213284835462371E+00
    0.150128933519355716E-04   -0.366296215983086260E+00    0.305164708392517692E-01    0.577734181699353115E+02    0.827993961547499069E+01    0.175002298694334835E+01    0.275310235213307886E+00
    0.126765963689285178E-04   -0.264259113804731438E+00    0.999544547201758754E-01    0.331934788941871062E+00    0.841554946217853939E+01    0.191757466077478145E+01    0.567217679689265952E+00
    0.174057336224543674E-04   -0.398098989633893674E+00    0.612097803993542411E+00    0.246613787847141595E+03    0.745599388984749734E+01    0.233163755336928702E+01    0.651550035495946589E+00
    0.156086947289559162E-04   -0.189274767603665850E+00    0.688181156832119445E-01    0.505953525737499433E+03    0.826469992305015388E+01    0.578432334942611148E+00    0.163949144822013088E+00
    0.136642169014678389E-04   -0.133330823766587031E+00    0.197730291789836067E-01    0.536685133748999843E+00    0.839420554083221937E+01    0.206663630322964353E+01    0.569800114483503650E+00
    0.273012962526032715E-04   -0.420563032851967722E+00    0.284371158386014337E-01    0.300630562764039766E+01    0.839490134735110516E+01    0.222250924728125998E+01    0.225483580465960481E+00
    0.187864092160104623E-04   -0.163453890494095866E+00    0.311934419699000931E+00    0.150018322522532657E+03    0.823982778823476636E+01    0.142416770283523908E+01    0.373713867374489306E+00
    0.182590819687131848E-04   -0.684504303012400728E+00    0.131285818995536679E-01    0.252861300448016202E+01    0.823158674163967063E+01    0.153429179580998665E+00    0.668785065190182770E+00
    0.264060747179285886E-04   -0.526191427708463721E+00    0.296075627434434496E-01    0.251248332184522205E+02    0.802471626120265036E+01    0.945954555137362152E+00    0.474839657960348660E+00
    0.197982493883170542E-04   -0.293856405716872271E+00    0.282740653351100102E+00    0.456587673103470681E+01    0.790984604361871035E+01    0.105968405736801929E+01    0.650877302436294047E+00
    0.167840113802657184E-04   -0.285683272927012122E+00    0.176060709183814612E+00    0.920391408066160599E+00    0.835520131705891878E+01    0.519126725790075683E+00    0.214979245458467777E+00
    0.197584722704824524E-04   -0.209157712691316083E+00    0.103263448089656124E+00    0.143165381103675404E+02    0.837688996664667762E+01    0.189334803471041413E+01    0.104742796618304906E+00
    0.295608055192270939E-04   -0.194225040908584418E+00    0.957972542927680720E-01    0.957774022838747685E-01    0.846694627167696723E+01    0.741271192507538146E+00    0.295903785812698439E+00
    0.458764481000454514E-04   -0.175682547190234839E+01    0.767776300762669450E+00    0.387308578211185619E+02    0.800227949936696703E+01    0.734378490671237227E-01    0.652452598158074215E+00
    0.182787323601099378E-04   -0.337494367380839821E+00    0.269314505199625097E-01    0.781170121648090571E+03    0.840144263275613667E+01    0.241746519546809235E+01    0.171837941231057473E+00
    0.239234827970848878E-04   -0.102123328405926805E+00    0.140245337106505708E+01    0.416407302912315558E+01    0.818321181814075693E+01    0.596599750807206175E+00    0.483624136556423778E+00
    0.190038162129228356E-04   -0.206347519640768279E+00    0.131304911157485105E+01    0.950308740828307492E+02    0.785950015027529059E+01    0.449568090011369326E+00    0.509998431317569390E+00
    0.132974603699439757E-04   -0.547466856007658098E+00    0.250938452455658911E+01    0.430176394224098360E+02    0.812399008064177508E+01    0.441023151956290438E+00    0.550386299078433505E+00
    0.221607061600838526E-04   -0.651599702308520712E+00    0.121150109008685924E+01    0.332332742506039210E+03    0.795841707535546306E+01    0.121176609456591500E+01    0.554520928348973041E+00
    0.171188626045881390E-04   -0.650880741019157216E-01    0.164732659487887394E-01    0.165858681961512378E+00    0.843627666970676238E+01    0.123551001582337250E+01    0.155571511667588536E+00
    0.158476417055903503E-04   -0.147284509297030443E-01    0.629857264930570593E+00    0.611758473420631361E+02    0.813634994266048395E+01    0.139851510908906507E+01    0.313472907325817451E+00
    0.162087460599045709E-04   -0.566643936348722455E+00    0.935343865737639640E-01    0.358672494048310426E+02    0.819398474236989927E+01    0.162547917771901584E+01    0.431542557200530030E+00
    0.138454794384291857E-04   -0.172133302337297456E+00    0.204771702253694413E-01    0.127723244026768740E+00    0.845058855933532449E+01    0.210440066962961581E+01    0.451439156600382585E+00
    0.200417460715230257E-04   -0.458410914815617909E+00    0.140022768561656230E+01    0.284394105104039738E+03    0.761035225544167027E+01    0.134073610408330635E+01    0.619820717796722098E+00
    0.183718744572390998E-04   -0.124455735245184732E+00    0.220756270315687647E+00    0.617922537054235860E-01    0.841416324858659870E+01    0.175040097595869870E+01    0.125466500589564767E+00
    0.182298316031598198E-04   -0.317437878765526427E+00    0.367611733548486863E-01    0.741257862145466220E+03    0.841087850530593606E+01    0.117348217010421996E+01    0.130287949476465242E+00
    0.280472849455616911E-04   -0.993112378768393533E+00    0.324838436226498273E+00    0.858236639682303576E+03    0.806434478925593723E+01    0.992240249147768649E+00    0.577070223634169821E+00
    0.218642512546604685E-04   -0.121208359879476368E+00    0.105219131266441716E-01    0.861187272400828763E-01    0.847364307509821657E+01    0.140630901672469255E+01    0.181632433652405306E+00
    0.203344576617448921E-04   -0.809930791477848189E+00    0.129987361854716674E+02    0.130348237163368680E+03    0.734741658976182954E+01    0.198592011263748747E+01    0.696372605589171911E+00
    0.152395732424825681E-04   -0.401206830152779470E+00    0.307148564420024021E-01    0.283797554660758863E+03    0.814247896146603800E+01    0.130012612821906570E+01    0.397135837871121944E+00
    0.204036091348833496E-04   -0.446435413069656339E+00    0.176805181191257259E-01    0.482689677587160872E+03    0.840155268570803848E+01    0.545218593768359225E-01    0.146315411493196601E+00
    0.227082649659154975E-04   -0.596837612556081365E+00    0.193545302068628688E-01    0.228275801395294877E+02    0.826998099854277591E+01    0.182794778527076751E+01    0.393914514002716709E+00
    0.130947878007831203E-04   -0.546847166378877213E-02    0.165505059772471132E-01    0.502176577538341462E+01    0.800690914626578198E+01    0.164847128806150023E+01    0.374615388013737727E+00
    0.181657468838662330E-04   -0.736864487565587201E-01    0.546391455987821795E+00    0.292085944085122118E+00    0.842999878119667301E+01    0.245443009415430780E+01    0.254109781936905477E+00
    0.191679809392405189E-04   -0.488967917372434058E+00    0.996326298114932202E-01    0.982566002319472091E+03    0.820552595725518685E+01    0.219690917420546583E+01    0.401495197283688987E+00
    0.155723286364935433E-04   -0.176835377942424488E+00    0.324657900098431429E+00    0.120581450943233526E+00    0.845391380072582521E+01    0.161688758292740298E+01    0.527050261001812625E+00
    0.215034260836852112E-04   -0.566763280025818550E+00    0.127112243569740494E-01    0.593000968266373274E+01    0.828425549036882103E+01    0.228764971435706777E+01    0.403575697993543758E+00
    0.168974167229500462E-04   -0.145284379342608932E+00    0.242032838664962176E-01    0.110391721277607402E+03    0.741793948901128974E+01    0.186767521846425955E+01    0.632438953423268835E+00
    0.183747025609696880E-04   -0.194961195267292775E+00    0.119987520694277919E+03    0.416138983480741800E+02    0.775679222336284369E+01    0.437273247560502121E+00    0.659552185976346794E+00
    0.193641316117257423E-04   -0.324616740808103599E+00    0.148715826230569181E+01    0.108084785863165678E+02    0.803180225842177364E+01    0.232802352094381604E+01    0.572567376136948303E+00
    0.172552897233434675E-04   -0.313895451668294578E+00    0.138981611174019744E+02    0.635651975606349051E+01    0.817697481370050561E+01    0.158096186666741523E+01    0.622137309123902416E+00
    0.186168572263323199E-04   -0.197428279076082736E+00    0.109492633600567196E-01    0.571620946659927714E-01    0.842415170804487801E+01    0.235832636579805044E+01    0.622776314232394879E+00
    0.151172160471160420E-04   -0.228909135011787834E+00    0.398963631273302616E-01    0.286408816195715588E+03    0.837834990303301375E+01    0.168209414591980178E+01    0.186792677494169779E+00
    0.224587337325508024E-04   -0.201976908118691290E+00    0.521562748027847523E+00    0.176012920673399442E+02    0.842644377633299868E+01    0.228327571370045845E+01    0.189430513466145228E+00
    0.208654033006232586E-04   -0.198985106326961148E+00    0.176153968989298082E+00    0.400677820425678188E+01    0.798331404150623847E+01    0.198005085977524020E+01    0.544499162438961792E+00
    0.267765622765027652E-04   -0.155473036699404071E+00    0.193555088682630799E+00    0.581941978359289713E+01    0.839673266095512716E+01    0.218623003931566906E+01    0.118807853826335602E+00
    0.153021777760499102E-04   -0.351417478216330070E+00    0.349964426235159387E+00    0.887660085386019260E+00    0.838106501084990896E+01    0.164945517707733513E+01    0.491564523947018994E+00
    0.166337051364811483E-04   -0.293926512272100648E+00    0.371667977819030854E-01    0.173644407082697057E+03    0.811760198186153836E+01    0.210615321351236373E+01    0.391502502872570934E+00
    0.174540110026276887E-04   -0.250270516376170538E+00    0.260701958172340834E-01    0.978140182489099230E-01    0.843341885070779895E+01    0.151429588801034543E+01    0.579949606520239858E+00
    0.158716593963752107E-04   -0.334498715291135923E-01    0.217214877127214850E+00    0.100083946623495054E-01    0.847173766271894380E+01    0.155263172269245708E+01    0.384716164754952628E+00
    0.201671397165639495E-04   -0.267987827920020349E+00    0.407600841702793273E-01    0.166030187991741123E+02    0.806807830782120128E+01    0.494367165943390974E+00    0.485575205679744770E+00
    0.165489665629896986E-04   -0.229922036945828218E+00    0.956590362355815294E-01    0.109935484666927530E+01    0.836366650504799480E+01    0.110925184384021724E+01    0.355845764001172404E+00
    0.114799883072200010E-04   -0.159928892944683487E+00    0.586054494792672021E+00    0.103994335318929913E+03    0.818849510789427981E+01    0.150235159189520351E+01    0.340717235012633290E+00
    0.306382448225121646E-04   -0.869998218578593580E-01    0.394804372387679514E+00    0.175179750514272758E+00    0.839828600387735413E+01    0.612692261262940852E+00    0.599605785849747108E+00
    0.166856675209691506E-04   -0.204893374919926985E+00    0.324900626497467981E+00    0.380159497226298981E+01    0.832482058082599252E+01    0.413015456647615631E+00    0.200765028849358623E+00
    0.191058966781022194E-04   -0.201789290635232710E+00    0.836734822045463317E-01    0.139781983599196018E-01    0.848647334492709327E+01    0.166562978127996164E+01    0.408573370158505589E+00
    0.333206087454442838E-04   -0.814881179244164588E+00    0.708328720374504506E-01    0.974767064529124127E+03    0.803062872124460903E+01    0.159464278160091921E+01    0.533520006301284488E+00
    0.185713956144590683E-04   -0.238374561184537315E+00    0.454896924956769255E+00    0.430418428821718824E+00    0.847478295313989705E+01    0.389101808605412935E-01    0.269473674243857264E+00
    0.202591812064429920E-04   -0.121983356607812274E+00    0.185885977739974027E-01    0.939873965853041859E+01    0.820613861993330929E+01    0.210382142620666013E+01    0.238123865628926179E+00
    0.198264852110065625E-04   -0.974896048094391759E-01    0.105427959677767084E-01    0.911576210181661017E-01    0.845433829425301653E+01    0.110868648597418185E+01    0.277777987881799415E+00
    0.307824093727112781E-04   -0.754010459236777786E+00    0.283767584222241395E-01    0.562144854146777817E+02    0.748718043495328267E+01    0.173498831380161977E+01    0.631364825008139841E+00
    0.122293092923809431E-04   -0.138324646069704515E+00    0.107874632376046414E+00    0.122133063100808625E+01    0.822132136154374749E+01    0.215539829993642318E+01    0.353110395998400217E+00
    0.168016141865847092E-04   -0.516842531864095345E+00    0.649887393686296722E-01    0.550353812829825301E+03    0.837076919067956737E+01    0.548126843286869392E-01    0.271286046303951145E+00
    0.239136285446326653E-04   -0.239600464802320029E+00    0.481968987812156774E-01    0.317579833982557114E+01    0.829588901890820196E+01    0.227222774789420567E+01    0.356614154963841634E+00
    0.151048207322668146E-04   -0.247841851039640959E+00    0.115246714255886507E+01    0.114184912798255795E+03    0.791802034034627589E+01    0.198831833784839906E+01    0.530086587991504210E+00
    0.151323198146866693E-04   -0.483743520499354818E+00    0.168182690710888365E-01    0.170958953355947507E+02    0.823121203511039568E+01    0.939908206325067885E+00    0.363200690702985107E+00
    0.124897217290485616E-04   -0.209999181532926571E+00    0.107732461653268097E-01    0.351602799106686903E+00    0.834759293780186518E+01    0.120007795046443633E+01    0.181333333613447584E+00
    0.201756289394690805E-04   -0.112647832404496398E+00    0.121324105224823287E+00    0.590178022058335543E+02    0.748106091145011565E+01    0.698490001367734648E+00    0.627949319915964588E+00
    0.191585769660359848E-04   -0.265748272765915172E+00    0.142531496475662971E-01    0.730828608434666762E+02    0.803518382939194353E+01    0.407367861057078340E+00    0.396301471239613567E+00
    0.140935938969955745E-04   -0.177536544850168787E+00    0.268556351710692691E-01    0.256345420076589635E-01    0.845084458575545305E+01    0.241526592337675350E+01    0.156504871188171163E+00
    0.269759644886565654E-04   -0.324984389244139305E+00    0.513586980927021319E-01    0.969266471323541445E+01    0.827741631041219961E+01    0.675945178583437056E+00    0.328519138712194847E+00
    0.173202512636033652E-04   -0.147295506505869783E+00    0.187021901789006170E-01    0.125007726196743452E+01    0.814168635817532405E+01    0.107669432246648289E+01    0.660261194449862865E+00
    0.154939961872646157E-04   -0.210705146249342279E+00    0.195289949661338787E-01    0.216650543242084090E+02    0.781922659328716740E+01    0.647710246024719938E+00    0.605408150461157146E+00
    0.124850052452382002E-04   -0.139554764115717461E+00    0.105892544574756675E+01    0.407088763716874169E+01    0.832004721550051940E+01    0.191090463782085784E+01    0.322736556675028818E+00
    0.147504679199414134E-04   -0.456021150358537963E+00    0.257424354553982930E-01    0.255704895361081119E+01    0.812584031598065692E+01    0.710678295996043485E+00    0.607341784298895737E+00
    0.147948806595182451E-04   -0.367901912109113438E+00    0.381636810215553804E-01    0.120809580462358146E+01    0.835634694031420366E+01    0.147371195552518319E+01    0.315354694235783606E+00
    0.161962009638034720E-04   -0.290227343623897460E+00    0.809929112667390649E+00    0.359326934715119819E+03    0.825509270424898922E+01    0.157527023594311721E+01    0.352689220638954359E+00
    0.178121164081101900E-04   -0.437336548414143655E+00    0.309373781264165523E-01    0.112361489837138393E+02    0.809872154743517214E+01    0.887837929772986034E+00    0.426382154178316042E+00
    0.175289327181300046E-04   -0.210943868558920666E+00    0.303450937997718106E+00    0.423618822835330422E+00    0.839334636485475016E+01    0.687797052319352398E+00    0.379740282740848478E+00
    0.136351207461133243E-04   -0.493635691094258741E-01    0.195960332615190413E+00    0.803167303733607341E+01    0.821737730785978115E+01    0.965706783354772780E+00    0.192462304112473642E+00
    0.214360154673394312E-04   -0.223243392293947553E-01    0.123546294664240885E+00    0.169681296970103279E+01    0.830105470954096702E+01    0.130564712420048945E+01    0.331790263511486105E+00
    0.104186271321281589E-04   -0.100210564198558089E+00    0.185244910282674237E-01    0.217611150911017660E-01    0.839217723505294799E+01    0.146937536595074603E+01    0.551717194778597264E+00
    0.114436887971804275E-04   -0.773474999446990275E-01    0.131692882657630961E+00    0.142655338740998484E-01    0.839701635159300608E+01    0.101823135041974777E+01    0.101804695519326097E+00
    0.293871156669293511E-04   -0.337508544037797509E+00    0.190901014344925402E+00    0.452065598148617767E+03    0.809955299059302547E+01    0.757220959291578621E+00    0.391514423070993489E+00
    0.192261376574630366E-04   -0.703658993882747108E+00    0.284625479873093258E-01    0.790214795963228426E+03    0.809825297608619721E+01    0.465949881962830825E+00    0.539675517551380990E+00
    0.193039937339882158E-04   -0.196478247764271918E+00    0.397343592622380770E+01    0.177619650939141049E+01    0.818843732565310667E+01    0.429703994673725276E+00    0.617071943706939630E+00
    0.218576017108385789E-04   -0.251963107235982975E+00    0.234004883572473676E-01    0.165251716608155658E+00    0.845545134483764116E+01    0.206129883100365152E+01    0.282363018770607932E+00
    0.169805929343119162E-04   -0.441909165160410178E+00    0.636376281345360506E+00    0.591432158642228160E+03    0.812319202034173315E+01    0.228992063278651470E+01    0.469034443813643676E+00
    0.114580652174828977E-04   -0.187666214857915681E+00    0.114423531254416230E-01    0.228409842719595986E+03    0.815559726226696391E+01    0.124078719413707539E+01    0.311033944559331976E+00
    0.254618956303737344E-04   -0.417123505090081670E+00    0.354129050058343484E-01    0.986089659582960643E+01    0.834795548522547470E+01    0.122540688493912153E+01    0.251331277212288318E+00
    0.149422791463090311E-04   -0.630925715611098531E-01    0.697770735286283639E+00    0.190366302340831695E+02    0.767953720000215601E+01    0.104818942392035730E+01    0.579472161247202244E+00
    0.201508583673552879E-04   -0.277742562388284708E+00    0.405898426318945099E-01    0.425056145339247067E+02    0.825187014177279643E+01    0.211365795508912235E+01    0.373775821282760878E+00
    0.106482046905513810E-04   -0.127339383593416455E+00    0.285698266398968087E-01    0.239254866607707122E+02    0.815053861549404601E+01    0.120179375569853231E+01    0.291030135910785193E+00
    0.250044752267287268E-04   -0.321987892222198868E+00    0.223496896134033812E+00    0.620865322243198193E+03    0.837754011667834675E+01    0.154205948759541878E+01    0.221537689239267754E+00
    0.124100952971616005E-04   -0.241461413700026079E-01    0.635076587149321137E+00    0.240023493591189805E+03    0.796591175181101985E+01    0.192413341584158548E+01    0.541350708680284787E+00
    0.193499658009727630E-04   -0.166331159906040998E+00    0.417274996658811546E+02    0.614288699453213098E+03    0.716595810391024912E+01    0.144018133128632453E+01    0.656624068981047415E+00
    0.204583901533977716E-04   -0.607238396459857874E-01    0.140660074855110066E-01    0.407951056366260389E+03    0.819091702318094050E+01    0.127112803189297452E+01    0.363935175631915020E+00
    0.115359109336983733E-04   -0.191448304477318879E-01    0.311753119341041274E+00    0.998275507602028433E+00    0.813754036573563866E+01    0.103224882238417970E+01    0.661977770489089123E+00
    0.150280411850388752E-04   -0.797397151168537099E-01    0.805961174426758742E+00    0.126373288777536132E+03    0.789675158052920789E+01    0.347785057186582369E+00    0.555739359054729154E+00
    0.217866946535217953E-04   -0.159394723564651730E+00    0.120485880881983087E+00    0.115171004989372836E+02    0.828996939967572111E+01    0.131978474528876966E+01    0.302186220824883445E+00
    0.280969162080414214E-04   -0.982986495705750474E+00    0.415108868908446033E-01    0.236762643782950484E+02    0.806067827044223861E+01    0.808138136124033513E+00    0.563496063175367601E+00
    0.141700022844016716E-04   -0.148664090171636787E+00    0.183402431653992337E+00    0.355327485033376774E+03    0.813530010321572483E+01    0.168349066883264697E+01    0.336926720067370178E+00
    0.207803166257844266E-04   -0.554908247405967336E+00    0.212960274243967840E+01    0.908326742259539515E+03    0.802410480192675202E+01    0.502976411900302040E-01    0.535250384748705121E+00
    0.200778172193188115E-04   -0.974068397770082139E+00    0.257416479794589481E+00    0.247277621614669201E+02    0.790622270697171636E+01    0.181438183525977159E+01    0.667588278154956694E+00
    0.163437538539369018E-04   -0.150724392286891745E+00    0.121685718717036706E-01    0.324198305412353782E+00    0.835304084616939946E+01    0.242322305517558911E+01    0.357917520828191393E+00
    0.251973324185192276E-04   -0.468173395780976886E+00    0.772068052423144136E+00    0.200542740509286199E+01    0.831433649048810608E+01    0.248204282042249424E+01    0.605995554545356696E+00
    0.187088622235729632E-04   -0.851126697994105119E-01    0.255951506479749069E-01    0.230488013188544834E+02    0.835940615878817184E+01    0.728324390393616405E+00    0.144614785450327299E+00
    0.243239569394176238E-04   -0.272074146444012677E+00    0.204020822663349144E-01    0.179485129902625516E+03    0.826775162294512000E+01    0.146514011672654343E+01    0.244945881641733476E+00
    0.163016982119295116E-04   -0.259003251510248667E+00    0.362752573858516669E+01    0.354927498400394029E+03    0.709575093694820236E+01    0.100345108972979968E+01    0.684985162893482102E+00
    0.237377773189395282E-04   -0.534743754316862469E-01    0.312604279783350503E+01    0.428443686150415743E+02    0.814848215341531201E+01    0.231731318227804817E+01    0.470738017881320081E+00
    0.154957542277141445E-04   -0.701448155753079838E+00    0.157324719609558232E-01    0.414657913659054334E+01    0.815936553821558697E+01    0.240345673074485155E+01    0.670113206220434243E+00
    0.200283306651864064E-04   -0.189841392048892166E+00    0.840663826051917668E-01    0.165377893688678981E+02    0.769382859013660081E+01    0.695949440783914186E+00    0.567494983773016659E+00
    0.230161302333678770E-04   -0.447112479151871994E-01    0.426386631738260441E-01    0.361259920799460588E+02    0.756548230217160267E+01    0.282264040990134135E+00    0.559442844224983471E+00
    0.147685787268955074E-04   -0.274325314470666048E+00    0.924802561687875085E-01    0.816889518264288306E+01    0.824521455921377644E+01    0.136084391743495403E+00    0.256326421688453543E+00
    0.284203522735200052E-04   -0.649569006692576556E+00    0.800964300744374302E+00    0.439118126064500245E+03    0.814888013348453200E+01    0.175448001422649358E+01    0.491160247715682785E+00
    0.150808535777701735E-04   -0.388735217345145406E-01    0.790069344256048578E-01    0.412802698775616636E-01    0.831740755538767651E+01    0.734186115910546944E+00    0.576394299311084657E+00
    0.209404435688986485E-04   -0.133067949446152828E+00    0.211187103020471882E-01    0.132430682385595255E+01    0.840401192583048839E+01    0.234846251317787535E+01    0.154752673407357572E+00
    0.121515913863802870E-04   -0.425466661053154116E+00    0.485800674550075751E+00    0.499919961075341313E+01    0.796330649971710081E+01    0.121248729902533503E+01    0.669459670501187487E+00
    0.230920696566425300E-04   -0.225892555767716052E+00    0.391501435584499402E+00    0.185877296696916318E+03    0.828791274260361632E+01    0.782675047637831245E+00    0.241777845784288709E+00
    0.170254489424376284E-04   -0.174355929393880671E+00    0.725460854274797895E+00    0.104557446489321171E+01    0.832628496766204584E+01    0.141554434292863207E+01    0.373761366099090719E+00
    0.146757535043972111E-04   -0.236392751297933690E+00    0.106193985511907674E+00    0.649012284134137585E+00    0.831282140505454059E+01    0.763464474674515725E+00    0.385982624413676589E+00
    0.250118570014154387E-04   -0.222144710388500172E+00    0.120099570221409938E-01    0.926016493615557656E-01    0.845720020534406736E+01    0.150291825356399622E+01    0.389954163680788946E+00
    0.198286992714359221E-04   -0.978034944586615995E+00    0.382632512875900402E-01    0.145431766981462090E+03    0.751316503144215186E+01    0.211213567341104236E+01    0.698134861966103970E+00
    0.104426032145145113E-04   -0.800381842725869097E+00    0.504690692918741313E+01    0.112374629934138621E+02    0.801603560669992632E+01    0.133400741374244602E+01    0.730533146341574735E+00
    0.187050850592445172E-04   -0.305326195766918813E-02    0.687018425245608189E+00    0.895883458657249037E+02    0.809240522658956962E+01    0.112778391261452993E+01    0.343009781876117748E+00
    0.200501687134386625E-04   -0.252733154812993521E+00    0.222995160639173101E+00    0.337244448945597640E+03    0.798942720215076996E+01    0.243558613924579825E+01    0.468621056677813397E+00
    0.321508207266486999E-04   -0.121475058608555897E+01    0.676565259081451514E-01    0.159478912704718056E+03    0.755674010376176764E+01    0.545103854881344718E+00    0.651366722068917325E+00
    0.239713091379287038E-04   -0.134483752693940473E+00    0.123462706108322211E-01    0.120472485073060898E+01    0.833213516471054483E+01    0.182353955539160228E+00    0.220621072511536093E+00
    0.198508839615454965E-04   -0.118559259033222952E+01    0.116758946121270313E+01    0.466335907764785915E+02    0.772775727033913284E+01    0.104267189443074049E+01    0.716947710222557766E+00
    0.181845624727490149E-04   -0.129541162645152946E+00    0.850354842098468566E+00    0.360277940552516052E+00    0.842852258726929193E+01    0.213608645312634415E+01    0.561586294548641174E+00
    0.143539785488916968E-04   -0.148744652908305824E+00    0.800647031263148207E-01    0.937168326958573855E-01    0.843334435379227543E+01    0.225432191209202637E+01    0.653648069716141755E+00
    0.254156860152220863E-04   -0.123577003793368756E+01    0.488223490037817176E+00    0.753618960427913180E+03    0.786577390708002433E+01    0.735819493170296712E+00    0.646988167872862618E+00
    0.224943829435609507E-04   -0.834099552568364877E+00    0.127305918384858018E+03    0.467229588644508311E+02    0.798165945720993530E+01    0.137898340868238573E+00    0.667312406984615469E+00
    0.237362439741493865E-04   -0.359973975415834313E+00    0.207394370292292643E-01    0.187370635129455962E+02    0.790346265588082719E+01    0.153299128900447035E+01    0.569604841737818668E+00
    0.304230355603097830E-04   -0.502086712786019129E+00    0.898532801620323118E-01    0.777210710763447565E+01    0.804954610154390338E+01    0.213602321431078135E+01    0.508162521671416623E+00
    0.200825296907136696E-04   -0.474440814982302617E+00    0.336028073714589137E+01    0.416215362192575089E+01    0.817940066155702539E+01    0.238156932039735009E+00    0.587574736292372335E+00
    0.134855049168380598E-04   -0.285245391205163012E+00    0.341189659529432809E+00    0.391523843594046639E+01    0.817827644760228978E+01    0.844177426427231148E+00    0.502656264140375675E+00
    0.197453355151306030E-04   -0.344451610721241364E+00    0.409650691426765468E+00    0.398095025941681024E+01    0.814240077494732972E+01    0.213831520388986185E+01    0.457550421768681992E+00
    0.148573617974618935E-04   -0.162008443575729855E+00    0.276523485240571590E-01    0.202972062729093738E+00    0.841922874153985745E+01    0.165671668112548542E+01    0.454829543185023555E+00
    0.157229885381815825E-04   -0.313732623000020361E+00    0.106063274721292261E+00    0.596079493143688524E+03    0.816451267844959716E+01    0.219135002460066647E+00    0.370004912278324993E+00
    0.194722264931029687E-04   -0.447780548067715639E-01    0.751580817759781139E+00    0.501776624467208943E-01    0.848001845085028272E+01    0.105667450285723419E+01    0.562704162198077062E+00
    0.166384777993639968E-04   -0.494584142277539884E+00    0.492679125906749171E+00    0.118948313425196375E+03    0.755881739599533731E+01    0.245381813229777279E+01    0.654994912384367467E+00
    0.244375128476983905E-04   -0.497545892205921270E+00    0.118963249302305799E+00    0.208189634334578983E+03    0.817596634351035512E+01    0.690473827194504786E+00    0.450676682964680664E+00
    0.147062284204286453E-04   -0.450894553102058282E+00    0.112345487274571187E+01    0.328456545843466756E+02    0.778999707943625985E+01    0.249365638503998266E+01    0.653976240434902434E+00
    0.154986143573389237E-04   -0.294815596330210261E+00    0.587334259441268866E-01    0.827210017160272204E+00    0.829594262396171800E+01    0.112136955832992835E+01    0.582591140494187920E+00
    0.272559782025534089E-04   -0.102997244054253090E+00    0.534042978721881723E-01    0.208672652294372180E+00    0.844627972225275414E+01    0.102140735933432780E+01    0.238262870657661385E+00
    0.182772045616202416E-04   -0.378269316593931482E+00    0.104568872386187461E-01    0.849142059021478524E+01    0.823273480646846068E+01    0.738387155017023122E+00    0.378276067386514869E+00
    0.186364707214505870E-04   -0.572080093289204616E+00    0.239270231925159706E-01    0.769232524302390797E+01    0.815394609627816536E+01    0.211556190427440827E+01    0.530523017296767763E+00
    0.221006947313228361E-04   -0.152157957719700310E+00    0.150454023263220712E-01    0.128086277075331156E+00    0.846228061292166700E+01    0.159691791164949315E+01    0.173381340976439535E+00
    0.254368881380715280E-04   -0.661973570398384670E+00    0.963654219045302796E+01    0.811372225566154412E+02    0.801994231873136521E+01    0.713384829955851618E+00    0.591467975031925830E+00
    0.196020607673186500E-04   -0.132703703665404155E+00    0.106130326750775977E-01    0.134612608048024618E+01    0.831329958636598931E+01    0.234551357834689433E+01    0.116225037105563006E+00
    0.180055556274423961E-04   -0.442123039766374515E+00    0.596921533627434542E+01    0.558246786912988000E+03    0.767924284304118565E+01    0.129254575826885221E+01    0.628443831485556825E+00
    0.159191140717751695E-04   -0.137111163736421578E-01    0.902985881477088165E-01    0.118026839945364358E+03    0.823503135206203751E+01    0.397168436145850845E+00    0.116427580376342363E+00
    0.156528687774107621E-04   -0.411310598559090895E-02    0.514577584010742384E+00    0.904066990311393148E+00    0.822281267798385329E+01    0.126909697571763891E+01    0.405290396318809587E+00
    0.343074828023221985E-04   -0.608370790737972178E+00    0.502247136229993507E-01    0.135674870691600109E+02    0.796887252441004978E+01    0.541721655096092602E+00    0.515610695346222725E+00
    0.162678602565946395E-04   -0.367193289262101541E+00    0.214582737342733296E-01    0.146036502220762046E+02    0.813943366071719154E+01    0.179091148066333039E+01    0.481367430674635499E+00
    0.141179180035936762E-04   -0.164741451014363688E+00    0.121900828578991004E-01    0.363598697123575931E+02    0.839273295330345803E+01    0.243163671307248874E+01    0.112789900335718007E+00
    0.195428965840326912E-04   -0.220166865860750238E+00    0.499341149898264780E+00    0.103170623680705265E+01    0.822981526632612770E+01    0.701872622654632128E+00    0.660271149067907626E+00
    0.117690389630642698E-04   -0.212350494595990730E+00    0.608224820770197142E-01    0.387807561555382733E+03    0.829416556989235509E+01    0.172817697973591811E+01    0.267782658773294824E+00
    0.185387426341388909E-04   -0.518731229463790314E-01    0.546763571791974434E+00    0.171563287923092792E-01    0.844309045473111830E+01    0.917162789412201640E+00    0.599603799895962464E+00
    0.190891404072239772E-04   -0.280100989250606613E+00    0.956533036418281274E-01    0.106540240691741483E+01    0.831535101700101009E+01    0.100789199974670257E+00    0.200575133141493528E+00
    0.297385026975468367E-04   -0.144642004006485858E+00    0.108667917647927263E-01    0.264671314885012032E+01    0.836463191810461915E+01    0.234400349427917476E+01    0.151812459960577795E+00
    0.213144325440606407E-04   -0.442774596742647242E+00    0.131149194779172865E-01    0.226819158751837247E+01    0.831040754841087015E+01    0.228158165588020045E+01    0.387429257324181320E+00
    0.155499801636567744E-04   -0.232515243192616822E+00    0.520801943686695218E-01    0.397291845408367428E+00    0.838096840206575244E+01    0.134092283137719015E+01    0.501095584262116311E+00
    0.161485667849267469E-04   -0.114041727475714838E+00    0.764540966277830053E-01    0.351192991910037122E+01    0.803309387036709133E+01    0.333598718838437502E+00    0.387484584224656481E+00
    0.225427151007563084E-04   -0.760563099645955476E+00    0.725697972075817987E+00    0.197941487940302636E+03    0.765447053807372146E+01    0.149372075964539563E+01    0.636769083637628297E+00
    0.210099382236526605E-04   -0.102666981028842225E+00    0.613755410297257442E+00    0.121093475462444733E+02    0.773256237058885265E+01    0.829681924397905779E+00    0.554715840766835222E+00
    0.158245943572546832E-04   -0.127357481489133617E+00    0.112533895697818220E+01    0.127118713819703416E+03    0.781930789333974108E+01    0.653114083503947007E-01    0.597957493400854245E+00
    0.148653213610552194E-04   -0.830618898948023293E-02    0.720537151117619235E-01    0.254876149786877546E-01    0.844459371957921157E+01    0.217463071760769022E+01    0.416395068587993356E+00
    0.168455201495013368E-04   -0.462331072839351431E+00    0.536000233265850934E+01    0.206624761743646502E+03    0.814404778891676884E+01    0.132962745400891480E+01    0.551792400009408657E+00
    0.191525728631206274E-04   -0.224840772032866634E-01    0.884047238713681904E-01    0.494614963781021004E+03    0.816267373688660669E+01    0.664290273126564301E+00    0.216144078513204108E+00
    0.245999677313383209E-04   -0.424201950211577500E-01    0.338758029221613022E-01    0.767165102781522478E+03    0.781200936216031838E+01    0.122790102801923262E+01    0.536766237924939604E+00
    0.218527951959532744E-04   -0.138776845702076101E+00    0.120032686939278488E+00    0.215434179065404905E+02    0.831944439083243381E+01    0.498662482188350520E+00    0.119678674079985531E+00
    0.167545342032437972E-04   -0.205676755869277743E-01    0.176595873045493956E+00    0.296627443251255909E-01    0.839710962514287651E+01    0.526642316026209589E+00    0.553730703364084365E+00
    0.244425631323930191E-04   -0.300171503282438246E+00    0.336316583963532645E-01    0.182270290277150018E+02    0.830025490952417400E+01    0.716195591975216317E+00    0.286056951447657137E+00
    0.149095625651409056E-04   -0.259082449613964871E-01    0.138702427539298789E+00    0.125559322397260971E+02    0.802826943439891139E+01    0.182161775493323708E+01    0.379254390613192993E+00
    0.147518918051643278E-04   -0.967099168408760285E-01    0.640812956744283707E-01    0.101537212859930684E+00    0.835862240160574643E+01    0.123593939455899093E+01    0.338798584233953148E+00
    0.151389055177147827E-04   -0.143688879616364978E+00    0.297899452819492504E-01    0.298434591910826386E+00    0.842647499180534254E+01    0.246134793847265065E+01    0.291592186377459428E+00
    0.148735277929273080E-04   -0.130542137839454852E-01    0.123414477769753436E-01    0.321720947602913143E-01    0.835325512064416742E+01    0.247190408294337605E+01    0.154997560700550208E+00
    0.305995650804628667E-04   -0.103058806157113447E+01    0.486384043048165893E+01    0.425025853033933885E+02    0.767876190587788798E+01    0.201173987571988899E+01    0.649256408972853527E+00
    0.191299084257283848E-04   -0.495012348885182432E-01    0.674295743030895234E+00    0.138548105097387889E+03    0.822550245980790073E+01    0.215597564630461802E+01    0.291559438959334671E+00
    0.258951948516213172E-04   -0.102544274633173371E+01    0.591220886283680344E-01    0.314018271028232689E+02    0.768277701043583328E+01    0.169997760120621111E+01    0.672960470428836444E+00
    0.138736858702122542E-04   -0.501576383989775887E+00    0.363127648652505242E+00    0.539146411547145643E+01    0.803800426148205283E+01    0.243848984485268649E+00    0.708949592357268621E+00
    0.318346998313932285E-04   -0.123463074675414042E+01    0.243530947654645225E+00    0.677893057251344970E+02    0.788009373746383002E+01    0.499992723394797722E+00    0.627167106479786685E+00
    0.153502764038685030E-04   -0.141196594025675165E+00    0.296310314486413102E-01    0.100649099369522765E+00    0.843627012730642534E+01    0.249703481334761435E+01    0.573192462892869847E+00
    0.310032973469957072E-04   -0.426086710120625822E+00    0.158832772022828028E-01    0.305919621557261312E+01    0.828220305915703570E+01    0.111852155099646855E+01    0.387296005118176856E+00
    0.151879248444260777E-04   -0.356680350896055098E+00    0.555933008366006010E+00    0.643164716928954363E+03    0.822188176998096232E+01    0.246018140639392469E+01    0.423478304341231793E+00
    0.193933206236119689E-04   -0.770733026144878153E+00    0.273020723352136563E+00    0.812366384489172560E+03    0.791594696004629395E+01    0.132542059471711982E+01    0.627333170799322937E+00
    0.202367709255237368E-04   -0.205318733311729229E+00    0.797672197983645077E+02    0.478343470221339331E+02    0.791070936985993889E+01    0.677386255029639006E+00    0.637105726267159556E+00
    0.165835693375660755E-04   -0.735323716370759883E-01    0.245336867534543743E-01    0.375483026227393768E+00    0.829678453487949241E+01    0.118360116503455215E+01    0.118394677998237108E+00
    0.207214473802521717E-04   -0.214778158458101109E+00    0.266649807243504067E+00    0.571221643219359643E+00    0.843080768318830387E+01    0.183941007090345465E+01    0.307705687849743059E+00
    0.133759409269329108E-04   -0.458411909122323769E-01    0.127869972910517410E+00    0.688185402915519973E+02    0.760333289069472773E+01    0.186232347427191591E+01    0.640489367472162341E+00
    0.204073526973701901E-04   -0.728759036240192171E-01    0.582677878615883230E-01    0.555127989043181724E+01    0.832861830855542529E+01    0.240924483030111114E+01    0.235011419828317941E+00
    0.119260666853127798E-04   -0.568571241771841165E-01    0.188983163801249215E+00    0.577417690227893061E+02    0.817585136491278064E+01    0.106892434989759444E+01    0.261619882586914376E+00
    0.189232133460654793E-04   -0.174894389288716492E-01    0.177588695044226863E+00    0.719763482510512032E+00    0.835221230941939119E+01    0.750159892460657285E+00    0.314115863993334465E+00
    0.225912005850406234E-04   -0.540657131613041630E+00    0.650265014289410359E-01    0.972939115862783183E+03    0.736173931921098568E+01    0.876190098704983655E+00    0.656381059688694313E+00
    0.160923020833158621E-04   -0.388444430420115616E+00    0.187894028381351985E+01    0.183211977521871319E+02    0.813253182725333801E+01    0.146849159032703153E+00    0.522500671106229997E+00
    0.252305430327007295E-04   -0.170166701723050401E+00    0.323680646383677995E+00    0.778800311427272277E+03    0.831588307096646773E+01    0.143913067376682546E+01    0.287430114410227477E+00
    0.195600243589027452E-04   -0.228071830222586272E-01    0.236014142978407601E-01    0.219908472135926530E+03    0.783909531317154418E+01    0.186653942218621505E+01    0.482549844602790490E+00
    0.144116077328182693E-04   -0.784231329957025963E-01    0.293900456237209083E-01    0.113549866530837651E-01    0.843722124891534975E+01    0.218405814714883029E+01    0.105738429896794925E+00
    0.185758454966777373E-04   -0.180663828982543212E+00    0.485589702925981193E+00    0.125737038062299746E+03    0.821680024044984592E+01    0.110224144980122540E+01    0.302346918518096142E+00
    0.198515732593053006E-04   -0.350233351777137103E+00    0.761087431083350974E-01    0.268640432490256451E+02    0.823392696338713925E+01    0.168778740795629822E+01    0.393901807968542128E+00
    0.299940898593759228E-04   -0.489163450072211736E+00    0.554877640433490554E-01    0.114928315285808775E+02    0.817508746860992019E+01    0.109892387478272147E+01    0.405253667319623090E+00
    0.140342642721714865E-04   -0.201595456779305626E+00    0.169183924697832860E+00    0.382907061432037068E+02    0.786553002157513070E+01    0.557304482520119659E+00    0.516790383261602870E+00
    0.134637897638843439E-04   -0.322306342074519026E+00    0.603294496637362884E-01    0.408422322179842254E+02    0.824494838862892010E+01    0.101940978868278087E+01    0.347882864916036705E+00
    0.207090516955807803E-04   -0.359144203403913898E+00    0.987652357237201572E+00    0.337645068284385452E+01    0.825009191824746679E+01    0.195662538636028693E+01    0.527219011942824944E+00
    0.223513832018239034E-04   -0.395338988012767734E+00    0.200266284107625869E+00    0.802790127331185310E+01    0.787620338542606468E+01    0.134737115905647831E+01    0.592499286134775982E+00
    0.119808084062127111E-04   -0.553388101554120659E+00    0.283702948984495995E+00    0.282880957826778854E+02    0.774067324091740705E+01    0.130631091570635771E+01    0.666463071010463204E+00
    0.313830625837180143E-04   -0.505319329154247265E+00    0.589891295943752558E+00    0.152418845154405432E+03    0.787254022471504022E+01    0.174953607513490872E+01    0.538943653413901047E+00
    0.142321759541695172E-04   -0.274794261536886242E+00    0.988432194994633140E-01    0.421634198646294109E+02    0.736286113181511581E+01    0.532613831798244508E+00    0.685754938345764398E+00
    0.219173200856151451E-04   -0.756572289484277904E+00    0.252677846973893372E+01    0.986166766408323383E+02    0.769700051896512694E+01    0.185375280717620150E+01    0.652279178378020297E+00
    0.185866450159211589E-04   -0.683191220057742798E+00    0.174227528285150601E+01    0.899086011708056390E+02    0.795629096005398040E+01    0.961859474866938680E+00    0.615565994422221596E+00
    0.203417175828370880E-04   -0.312884109465883520E+00    0.106923386247743009E-01    0.139376163634610428E+01    0.835540457369170753E+01    0.244270177716860459E+01    0.270435297975088806E+00
    0.295148450086490404E-04   -0.663765568943053497E+00    0.497663572895459649E+00    0.867607091737641589E+01    0.817635947331264745E+01    0.117033142199038639E+00    0.540472147538165748E+00
    0.238664021503395944E-04   -0.404616727385549990E+00    0.551997147358183060E-01    0.444119325557491464E+02    0.820173115706196398E+01    0.600490338458936401E+00    0.404028730486206133E+00
    0.221464565912859535E-04   -0.182294595606248611E+00    0.762642863457845266E+00    0.201484271991154973E+01    0.825983916335002810E+01    0.142976223131822566E+01    0.598809062265277414E+00
    0.151147463980646551E-04   -0.366077783098648801E+00    0.306915649702019684E-01    0.725462840591297777E+03    0.823729291011504294E+01    0.208832225308142805E+01    0.381071123832161462E+00
    0.245412331762787491E-04   -0.186051302609521574E+00    0.225489823786012400E+00    0.131887956961863004E+02    0.838118006738481824E+01    0.194708694577979657E+01    0.201922890389015897E+00
    0.262286820031302671E-04   -0.356114702013179074E+00    0.927534475401965292E-01    0.170311635996097194E+00    0.843094041863631283E+01    0.441443866535543537E-02    0.392494591196222542E+00
    0.157016098296920587E-04   -0.807412611871855673E-01    0.583654561951888334E-01    0.185048789252957868E-01    0.845011009676692382E+01    0.232182712776143330E+01    0.636569499719384480E+00
    0.219458779211558143E-04   -0.887908714299370273E-02    0.122845851041031651E+01    0.120018533228594578E+03    0.830702991724868767E+01    0.198701581413775674E+01    0.333369685498580315E+00
    0.198063751725412032E-04   -0.805438864187810327E-01    0.358734218445901976E+00    0.527639306792303486E+02    0.796344129171523640E+01    0.712948567751643530E-01    0.429875328071859242E+00
    0.150257154863382495E-04   -0.621647673728307620E-01    0.279727864036248830E+00    0.265856616255682297E+03    0.809056699506159127E+01    0.141256191311515589E+01    0.350450102708357525E+00
    0.136337682056306402E-04   -0.428106495081053973E+00    0.452022963244284592E+00    0.808048942218773725E+01    0.814440717165491890E+01    0.612760858373988415E+00    0.453206583308970345E+00
    0.202701606400417764E-04   -0.463309732776339911E+00    0.260426522760337786E-01    0.543819231871642561E+01    0.824275813218795506E+01    0.152676009063884610E+01    0.365994265745317238E+00
    0.204683382302964397E-04   -0.842183553638053417E+00    0.308864453433242814E+00    0.609527618780960267E+02    0.798743443052638291E+01    0.205012035854577412E+01    0.606260283529404864E+00
    0.114395086552112636E-04   -0.401793907077302725E-01    0.216945013862332343E-01    0.369612079950863912E-01    0.836488154321336097E+01    0.154700031010164252E+01    0.645073039691027250E+00
    0.146511380611127597E-04   -0.179939269173459010E-02    0.103409632666326468E+00    0.484636267186128317E-01    0.833499540709388498E+01    0.134089987569796598E+01    0.631099084677957500E+00
    0.150426554879754855E-04   -0.546796432237339980E+00    0.569374542319714752E-01    0.118325558042308032E+03    0.813763321284068653E+01    0.175804591048317427E+01    0.506527796068196534E+00
    0.128159322092892709E-04   -0.104742833366481353E+00    0.107232846254120134E+00    0.170318797399824398E+02    0.822895925900722958E+01    0.214466198550373877E+01    0.346143275950526741E+00
    0.195702734037461528E-04   -0.331419561769316140E+00    0.299341406706666702E+00    0.621742529132878818E+01    0.821743003703180186E+01    0.172864266840447423E+01    0.354196973512140412E+00
    0.150817576298538699E-04   -0.169829044004652319E+00    0.516974395993453698E-01    0.190123537126253761E+01    0.833204305088475117E+01    0.238316840372774941E+01    0.148458397521067209E+00
    0.178235836204860065E-04   -0.178144113010653866E-01    0.248757665154911656E+00    0.306558660195443800E+02    0.830227206156149933E+01    0.715081504263093803E+00    0.226319480214898894E+00
    0.279734900019285027E-04   -0.409096952440886841E+00    0.632010291771708532E-01    0.321591986923776460E+03    0.818188241989747667E+01    0.171889264749223170E+01    0.422535897445377895E+00
    0.298726252650756381E-04   -0.652419887271107446E+00    0.639449907133208306E+01    0.166960765153361280E+03    0.802097311619128028E+01    0.110069798357084303E+01    0.564805104035598693E+00
    0.231608951961496457E-04   -0.328500875515201241E+00    0.109993233639938945E+00    0.162460465646715280E+01    0.831837660874947105E+01    0.567005598299401115E+00    0.331023767189119522E+00
    0.166542494597246668E-04   -0.680329520290076095E-01    0.468961543305270248E-01    0.561767012162167761E-01    0.843355136492509416E+01    0.150743906091320534E+01    0.171280029168480008E+00
    0.116301223390282719E-04   -0.193784168292596114E-01    0.293395678423688036E-01    0.567454202936129651E-01    0.836434992956570866E+01    0.105212574658902147E+01    0.449133990410947703E+00
    0.198583723981928918E-04   -0.114890498647528649E+00    0.977861151079000984E-01    0.174339873607195633E+00    0.839951696009868876E+01    0.198943456502169758E+01    0.272119772995733089E+00
    0.232206612872158546E-04   -0.722394198581092439E+00    0.112702323729073117E+01    0.466809314360135872E+02    0.754395223346886112E+01    0.216654537367776534E+01    0.673983369149897205E+00
    0.196866870501426566E-04   -0.266733583880214897E+00    0.126311264326770898E-01    0.227269731294534116E+01    0.825931219160361962E+01    0.269405764820469740E+00    0.259054928923411920E+00
    0.150994407493969020E-04   -0.747738870858163651E-01    0.752771255364052316E+00    0.722259407213178606E+00    0.830265054288533122E+01    0.925776262847613635E-01    0.412592079396806533E+00
    0.249777021284354823E-04   -0.271332595509861163E+00    0.170357482412288763E+00    0.746627361862353922E+01    0.798203975403560761E+01    0.175577192656241143E+01    0.589304626118140162E+00
    0.139273043449669026E-04   -0.190362536120088105E+00    0.220011954770014340E+00    0.149279664718988663E+02    0.781051631998355411E+01    0.375883468342341542E+00    0.545863930975214906E+00
    0.169822986514722601E-04   -0.868966251112444354E-01    0.350213932454811888E-01    0.152405192059118977E+01    0.833919616382760154E+01    0.170366713059912334E+01    0.215267508591793610E+00
    0.254193266260406115E-04   -0.466176589234450267E+00    0.465667073403543574E+00    0.259947459226774065E+02    0.820161758992467327E+01    0.663374379029094241E+00    0.421245616730400507E+00
    0.150568749748021384E-04   -0.321962552547852110E+00    0.174143818641639900E-01    0.169404643952739664E+01    0.828245924306341941E+01    0.166642736033314454E+01    0.348838775698784964E+00
    0.245394577973679498E-04   -0.108889294658454816E+00    0.107565329679545407E+00    0.132773663607822293E-01    0.843358391175525668E+01    0.934096747831481444E+00    0.371015047249186436E+00
    0.252533317326181244E-04   -0.988444911340399246E+00    0.152083459665175749E+02    0.763441476842992017E+02    0.786830286948644453E+01    0.642682226745398655E+00    0.640155829886554506E+00
    0.191291101659316268E-04   -0.657610985263009096E+00    0.935966684332686233E-01    0.329600021613770844E+01    0.815300450430645363E+01    0.979731249386305014E-01    0.690541097712329854E+00
    0.213078157843117742E-04   -0.434943348548244568E+00    0.359276335957810222E-01    0.854330992117095604E+02    0.816588767043088737E+01    0.198689410653354148E+01    0.456658906432273248E+00
    0.169445824577918798E-04   -0.137256324269594693E-01    0.431520761383031859E+00    0.298972982373950369E+00    0.845398669879952180E+01    0.249144003656258128E+01    0.383825025842869039E+00
    0.135716448809983037E-04   -0.343239943316871132E+00    0.111642700367969105E+01    0.125612952619907414E+02    0.817935679649897196E+01    0.211663643431199544E+01    0.476145637476578787E+00
    0.184007260976485460E-04   -0.303555575618503382E+00    0.723476739442099670E+00    0.148281477380615323E+01    0.831759627982869354E+01    0.876488510290970968E+00    0.476095124904260536E+00
    0.229526274391545229E-04   -0.131495307811845930E+00    0.171419499975885237E+00    0.187942361553913884E+02    0.838021333922738165E+01    0.580665903312582860E-01    0.214588484069286323E+00
    0.166975012846814412E-04   -0.134307786855134090E-01    0.521354429787820206E+00    0.643829758660784401E+00    0.843523965767152006E+01    0.136482679263439044E+01    0.138073923526632447E+00
    0.187805090569047462E-04   -0.270553824386553371E-01    0.117349443552488220E+00    0.269154464626770000E-01    0.844242916567672275E+01    0.120489666890577451E+01    0.188721917882181123E+00
    0.194598914107517398E-04   -0.313674525879664656E+00    0.288227002443096868E-01    0.141882466869769331E+03    0.825687737000074407E+01    0.154658806682146688E+01    0.354154429111873448E+00
    0.150527150447660844E-04   -0.647844832338557580E-01    0.885927452787888814E-01    0.165099637578720682E+02    0.823183264763688172E+01    0.121411918336743785E+01    0.192656793716697861E+00
    0.238479964772978871E-04   -0.336192470947080602E+00    0.242456584550210727E-01    0.234583991937058158E+03    0.828320820835565996E+01    0.760103442747735780E+00    0.278373410162235491E+00
    0.277471846818034233E-04   -0.519582267773371909E-01    0.129179701688332704E+00    0.394281062029256990E+01    0.803295039589109372E+01    0.247311218311442094E+01    0.457914665766482765E+00
    0.152936019552948962E-04   -0.735719554520934849E+00    0.265684263438288992E+00    0.129172044663493590E+02    0.803763270968084953E+01    0.159087749306211668E+00    0.621373519429612609E+00
    0.198553298831525451E-04   -0.176066871277856835E+00    0.207352306078796636E-01    0.325915557997059466E+03    0.822617404687764342E+01    0.150511208096355764E+01    0.252317622581871626E+00
    0.217428340563437720E-04   -0.766586010952150620E+00    0.160505823606111493E-01    0.757821517530856710E+02    0.734629761549821758E+01    0.141941746385985024E+01    0.682550439740513326E+00
    0.113429075532034048E-04   -0.249840815468620525E+00    0.160867779682460399E+01    0.976459049359734422E+03    0.805921619045163240E+01    0.435045850249191735E+00    0.527233901181104248E+00
    0.102753185927625747E-04   -0.910824527130196515E-01    0.841723422531467785E-01    0.605046665246052044E+03    0.744952095561884420E+01    0.205398155049159081E+01    0.693159965537667899E+00
    0.185545495752891050E-04   -0.131267482271894387E+00    0.107306993808322004E+01    0.263610091911165023E+01    0.836710086469368974E+01    0.866358990511960636E-01    0.296218113434413621E+00
    0.218311538056284929E-04   -0.204457787127173052E+00    0.511743537986271146E-01    0.177350133177472969E+03    0.826162271618147415E+01    0.201514417083306130E+01    0.330873217244450679E+00
    0.164691206723356673E-04   -0.549188785836926208E+00    0.137206321867363694E-01    0.789905701682389605E+00    0.845716882641809420E+01    0.659362487192517287E-02    0.215554810987952511E+00
    0.137221025778405055E-04   -0.117115076257288800E+00    0.355340021984621057E+00    0.119202151322743148E+03    0.805298476566762567E+01    0.787021763333931035E-01    0.398171501486640045E+00
    0.249963421094349709E-04   -0.714733332164455282E-01    0.116244092507692808E-01    0.816389394617724751E+00    0.837492688995825496E+01    0.201167400942655306E+01    0.265706363322855577E+00
    0.178014251617530441E-04   -0.116874585639349590E+00    0.108977665396668366E+00    0.148782724460443614E+02    0.839334957686677186E+01    0.237250266185628966E+01    0.106768873474165291E+00
    0.168050242052553089E-04   -0.707584300188372373E+00    0.601523226805008235E+02    0.766727499396317569E+02    0.727550956988941167E+01    0.153301183960162790E+01    0.718485836015740120E+00
    0.183836941096842497E-04   -0.163080190894927507E+00    0.247759521096624996E+00    0.201271729166652991E+01    0.813106528557957731E+01    0.215211881328899635E+01    0.564012660603682492E+00
    0.186617555140255609E-04   -0.765402009494304814E-01    0.194828656178459181E+00    0.208433680748424978E-01    0.843078404140171855E+01    0.156705136912486442E+01    0.568383092902257081E+00
    0.137279868628092507E-04   -0.344564704830054913E+00    0.121189387248909347E+00    0.213247205079220770E+01    0.821373215077156260E+01    0.211134221871964334E+01    0.539763439974936698E+00
    0.228781507364629609E-04   -0.238366830195081481E+00    0.405885421246189940E-01    0.653144984159191182E+02    0.831532044899018707E+01    0.645546057924851979E+00    0.212441422586090362E+00
    0.143137052085522190E-04   -0.143158551331035375E-01    0.489456508449517824E+00    0.898472008057707217E+00    0.838852951054539631E+01    0.212441735196759085E+01    0.255434071022241027E+00
    0.177587757122287735E-04   -0.235371639491604473E+00    0.138257574400542027E+01    0.833894940821547159E+01    0.817461741131383235E+01    0.111210169533046499E+01    0.475154857458767954E+00
    0.213269609610940802E-04   -0.561669912554493167E+00    0.428729152988402348E-01    0.399490570898220625E+02    0.811000220759088819E+01    0.988394616185699570E+00    0.470498923331724495E+00
    0.166337528329827970E-04   -0.185849188711382951E+00    0.134299485524733941E+01    0.963547706398880521E+01    0.783141048478076485E+01    0.656270485113608970E+00    0.670068127479252262E+00
    0.304279252373911569E-04   -0.154079914772210086E+00    0.536838590555788128E-01    0.726380222987276341E+02    0.828917003639241479E+01    0.758258506784586506E+00    0.220206599543258497E+00
    0.252485865656921016E-04   -0.509416753473210249E+00    0.247592844370278753E+01    0.797691126786113728E+03    0.724923992685183904E+01    0.207826279259068647E+01    0.644972723433983708E+00
    0.153591723789113259E-04   -0.208881227057693380E+00    0.847748851796694125E-01    0.113040969605360542E+01    0.823091908191339883E+01    0.163038358814352646E+01    0.617703619973095530E+00
    0.218755741393728103E-04   -0.140426802638779546E+00    0.113082677620238142E-01    0.354428082251102524E+03    0.823166717226028588E+01    0.223834792996549892E+01    0.343085206850260338E+00
    0.183791939607866220E-04   -0.504690981798542326E+00    0.172942616220316189E-01    0.350117879294708878E+01    0.815906941217028958E+01    0.537483902511932454E+00    0.643337068938291234E+00
    0.199557830355354002E-04   -0.497472231260658107E-01    0.256640197853125130E+03    0.389961471898427249E+03    0.732127203589384745E+01    0.221188117362202519E+01    0.648228948376714409E+00
    0.259970308719903468E-04   -0.124409895065643128E+01    0.591618712062099289E-01    0.330503822260620836E+03    0.772417234344571391E+01    0.208013534958609525E+00    0.668956008462266438E+00
    0.243295968997364458E-04   -0.192764057062137367E+00    0.180391604372009857E-01    0.760458656284158541E+00    0.838010993522856218E+01    0.200991594899042214E+01    0.465715016398638659E+00
    0.145548157867606909E-04   -0.500509016944204577E+00    0.372206768131006616E+00    0.286511385488932930E+02    0.769319499809988461E+01    0.124888730017015304E+01    0.651032330033768591E+00
    0.130786222645640806E-04   -0.259518648211082392E+00    0.258659389112826481E-01    0.262015823951386508E+02    0.811875029413683791E+01    0.383161054992490868E+00    0.422974421966617609E+00
    0.178024627517238857E-04   -0.819031163049417643E-01    0.977947023815331912E-01    0.127126289208283165E-01    0.842595333130565294E+01    0.163855503883309361E+01    0.216365992151799746E+00
    0.190918876242955680E-04   -0.556569279024460961E+00    0.528466913022062265E-01    0.277233130877857121E+02    0.803339158062496317E+01    0.218951743258624454E+01    0.528056851471533917E+00
    0.159747143472764641E-04   -0.153428299461957435E+00    0.509508032098043717E+01    0.159169364104897824E+03    0.763888092304012112E+01    0.338838662574333649E+00    0.608475371545533106E+00
    0.152302140965915972E-04   -0.363611842297345694E-01    0.305289345358979836E+00    0.480366316948609817E+00    0.835900662621661716E+01    0.247423927617972206E+01    0.268490039062400654E+00
    0.179345883479468333E-04   -0.107089193620015261E+00    0.113665150734894755E+02    0.121093076367214550E+03    0.811247104410756847E+01    0.886166284792455183E+00    0.544122748739505946E+00
    0.227819289573619188E-04   -0.426324080916374859E+00    0.225614067293419707E+00    0.849564410892589805E+01    0.822190542668182012E+01    0.113919424918643086E+01    0.410841275653623716E+00
    0.133008365728017835E-04   -0.821631510070719717E-01    0.570900150213416932E-01    0.121963978385956540E+01    0.832215538309926117E+01    0.169642263404746751E+01    0.225402652070276377E+00
    0.279377979727587326E-04   -0.791007616935360258E+00    0.340783447040682919E+00    0.358625430130898167E+03    0.786556816224198130E+01    0.191295792121753716E+01    0.593570577911431640E+00
    0.165867987651657659E-04   -0.940406307788153595E-01    0.558372768382597029E-01    0.833394624249518074E+03    0.805707033385274229E+01    0.172961018782922160E+01    0.472199227400436961E+00
    0.175565643458299783E-04   -0.256421425385517487E+00    0.463992055217587129E+01    0.318331503183014547E+03    0.702972299701217906E+01    0.306657543291307733E+00    0.676705680422134970E+00
    0.192056714414741570E-04   -0.931323508297424607E+00    0.519234062388954018E-01    0.854004299929603690E+03    0.731040060186969409E+01    0.157325363540250462E+01    0.706273260108703393E+00
    0.195383139050759930E-04   -0.595456205040378106E+00    0.192431540098609959E-01    0.624183432643469516E+01    0.818188465865331338E+01    0.142135924571076655E+00    0.464898521869568926E+00
    0.143094384390878999E-04   -0.839326201957975998E-01    0.116190629449111182E+01    0.297779711481923428E+02    0.744738347761308361E+01    0.650048478371182403E+00    0.653327196470579796E+00
    0.247443506316411522E-04   -0.110299969908665113E+00    0.203121034041783027E+00    0.148991714439077616E+01    0.839589889862441829E+01    0.143138453460340132E+01    0.143330329857775496E+00
    0.113681463240141069E-04   -0.257360647551445124E-01    0.227879925217972165E-01    0.722647815470654020E+01    0.817053929912555077E+01    0.140497018889436359E+00    0.298784944551541254E+00
    0.166502207469465584E-04   -0.100496929834889295E+00    0.128000138348627668E+00    0.125377111694994059E+01    0.816427221254350854E+01    0.146326786226154715E+01    0.602397288135053555E+00
    0.215167376052637823E-04   -0.750166462763394604E+00    0.869976750064601345E-01    0.106784748043841677E+02    0.799764169875112785E+01    0.164235175021195001E+01    0.603246777890862007E+00
    0.138450932335470530E-04   -0.185897723060881342E+00    0.215072357749941157E+01    0.396084809814838877E+03    0.812580314413647464E+01    0.186417421444980036E+01    0.476297352230863891E+00
    0.134417102162114882E-04   -0.805990787156747740E-01    0.189710384006459898E+00    0.599028403394362297E+01    0.829150406998441980E+01    0.854036842438673283E+00    0.197351550536917719E+00
    0.148532341993813999E-04   -0.114880297589998154E+00    0.242944933388621678E-01    0.445273694370186846E+02    0.832622979343064529E+01    0.194739620909024880E+01    0.199861848891325994E+00
    0.131775315971512163E-04   -0.556695890785231073E+00    0.565878653941940146E+00    0.321458696499327004E+03    0.783825170624423695E+01    0.236977579099721680E+01    0.635337133151541611E+00
    0.288913191599626949E-04   -0.849552176682498827E+00    0.503027068675159006E+00    0.166595410341412247E+03    0.753738676591069989E+01    0.221519676073265570E+01    0.637868324810310083E+00
    0.124951695062967279E-04   -0.458744363468933214E+00    0.228122073945676601E+00    0.295603063036654078E+03    0.810696977118248974E+01    0.109039495334125069E+01    0.493645021264849992E+00
    0.108761105729668413E-04   -0.730774114757501841E-01    0.615011056999518885E-01    0.303988936469407847E+02    0.827145435528346695E+01    0.174368308233397862E+01    0.204844948964637064E+00
    0.143988000560454258E-04   -0.513415628567481189E-03    0.380232123326412208E-01    0.123559299945701085E+03    0.821033461394111796E+01    0.170734843855396301E+01    0.195471223518286247E+00
    0.109494781283135320E-04   -0.144924506677523657E+00    0.676838148228791209E-01    0.151539772214098662E+03    0.812487671448960036E+01    0.153818303996140093E+01    0.440347242530541139E+00
    0.185134813190554065E-04   -0.812096515291995009E-02    0.637853257897554038E-01    0.196810341483427784E+02    0.822765060429764539E+01    0.236138800945231431E+01    0.321937978231789212E+00
    0.205310031794827599E-04   -0.279849527764183481E+00    0.104278314553234641E+01    0.204369833800015588E+01    0.829900019337229722E+01    0.222594153147461515E+01    0.533832867033589897E+00
    0.187818808235177397E-04   -0.309880488908254148E+00    0.245382587052442813E+00    0.517990283189310041E+01    0.828271114920072193E+01    0.106214406654693794E+01    0.305529281596080782E+00
    0.175450228960564926E-04   -0.404826787899608020E+00    0.324628680188984609E+00    0.446974187630530650E+01    0.821002142896460718E+01    0.222341999355758579E+01    0.456412757710930150E+00
    0.318200328841844674E-04   -0.438150853970544873E+00    0.237812396341821959E+02    0.842703294586119256E+02    0.770125914324899874E+01    0.180137632087535149E+01    0.597435109624862459E+00
    0.267705098548664657E-04   -0.420132274990026644E+00    0.259546966753800001E+01    0.830373082852761257E+02    0.795191293768447860E+01    0.176417147062117685E+01    0.552231373992015828E+00
    0.215713610043950556E-04   -0.184987747677394735E-02    0.163245047334531912E+01    0.796010624626251797E+03    0.831295879875011856E+01    0.899926283043883557E+00    0.305896422115134903E+00
    0.256231078549991375E-04   -0.235972302553085593E-01    0.437748116908568616E-01    0.359954763183962882E+03    0.816292033727267885E+01    0.144431879042143918E+01    0.265722759973715639E+00
    0.178714189473522521E-04   -0.502207900623026671E+00    0.163345816690406642E+01    0.176731903598931723E+03    0.776695617538271588E+01    0.218026793074102970E+00    0.605822608768719406E+00
    0.124463771925378450E-04   -0.155707225055015053E+00    0.142005871394807637E+00    0.336505907829765022E+03    0.810648663069221342E+01    0.236854540353353027E+01    0.467661072999610683E+00
    0.229183926430039661E-04   -0.208510419976551287E+00    0.121097658234636321E-01    0.663585790453325597E+01    0.818468139544483719E+01    0.229397515075074132E+01    0.399187202574559752E+00
    0.119524693006048776E-04   -0.876020975648796885E-01    0.809121355657414720E+00    0.595916109594951877E+03    0.798953530666417322E+01    0.846505675950764425E+00    0.531250675616732004E+00
    0.226939552507131026E-04   -0.226600675724382590E-01    0.239364353349876650E-01    0.191267064023922129E+00    0.835972187946408951E+01    0.216952572421071599E+01    0.593160064601971126E+00
    0.207183957956508387E-04   -0.335468260108370331E+00    0.128524096474177218E+01    0.985981000016180701E+03    0.819469211497553118E+01    0.705573105661396638E+00    0.421225894950037705E+00
    0.122812218499982260E-04   -0.206541939687639148E+00    0.121546067341357169E+02    0.193970541353282670E+03    0.795519522420086389E+01    0.393598739159232602E+00    0.616267529700416206E+00
    0.319403065126326062E-04   -0.642355655642396384E+00    0.363980676631206457E+01    0.247353296776386088E+03    0.791405834993383639E+01    0.309480834610095179E+00    0.553090711177250061E+00
    0.186964572536098183E-04   -0.847305284761021814E-02    0.313534973082566948E+00    0.483171793866979655E+02    0.832089412613250623E+01    0.443805308011760935E+00    0.130381805432082332E+00
    0.284570809390942555E-04   -0.673462136400150402E+00    0.147292909513749137E+01    0.127937201226202745E+03    0.740489874038448015E+01    0.269818688315066002E+00    0.633009430325342404E+00
    0.199431878995605776E-04   -0.256071379743468865E-02    0.128120648479238156E+03    0.446780614601610012E+03    0.709947191110688536E+01    0.161835267034863417E+01    0.646115182787241116E+00
    0.150306313612529853E-04   -0.360684544566204635E+00    0.154858498122289107E+00    0.380573171584804641E+03    0.808165411718698046E+01    0.707215612155213780E+00    0.500679073018450160E+00
    0.208390755323387063E-04   -0.531516258638556116E+00    0.444808354573601183E+00    0.890438400915086504E+03    0.796024793346522586E+01    0.114579522135098158E+00    0.587664267081523861E+00
    0.152024166869183422E-04   -0.382044054216222562E+00    0.922339755364503799E-01    0.268181750395491303E+01    0.814684177797976083E+01    0.218111357151263130E+01    0.642422062413965378E+00
    0.130266114920955442E-04   -0.206290006152187733E+00    0.181828770849635313E+01    0.173867245358227258E+02    0.817236776923241059E+01    0.129313241297283010E+01    0.469308774878032575E+00
    0.181720765237580451E-04   -0.324312449713233697E+00    0.515426437917773511E-01    0.212179066100252278E+01    0.827477081137709725E+01    0.834667447869715140E+00    0.362462567330164687E+00
    0.220431548867220890E-04   -0.189667141283769602E+00    0.122052322868667559E+00    0.195504460644911315E+01    0.823332290428718139E+01    0.126521766610092712E+01    0.305818206607890442E+00
    0.156603347028710765E-04   -0.105859201423296176E+00    0.207836006620669450E+00    0.698511466386672719E+00    0.830387840328777926E+01    0.622630329724485176E+00    0.621587552947851840E+00
    0.148041103254784867E-04   -0.102534705921615218E+00    0.668931178970763873E-01    0.275005438867260787E+01    0.832972810031417410E+01    0.190002657234318284E+01    0.130612969108352878E+00
    0.182252983561236026E-04   -0.623056647012801140E-01    0.112870416610766258E+00    0.803242722580571056E-01    0.843309389932980125E+01    0.212372556704613613E+01    0.216106419277573458E+00
    0.153020205720019031E-04   -0.641825354865008912E+00    0.134278062850425095E+00    0.200108278479239878E+02    0.776776828611702896E+01    0.179557445438767393E+00    0.656504381187292596E+00
    0.159801849865474555E-04   -0.422244601774495257E-01    0.374282964078008484E-01    0.328898398536713898E+02    0.808338019166488309E+01    0.197139551147719017E+01    0.347407661350375929E+00
    0.164023056168386834E-04   -0.215385882783369342E+00    0.134353438176056678E-01    0.302456055962028017E+03    0.820746696770708972E+01    0.148683453983904790E+01    0.301222113055787777E+00
    0.149207910034055365E-04   -0.459651570532838422E-01    0.483822964572461975E-01    0.673672660130531620E+00    0.825834525314068024E+01    0.602027967248398466E+00    0.149673631180348321E+00
    0.150461887766325040E-04   -0.504872449909382515E+00    0.474790216481021932E-01    0.113606384544295160E+02    0.805043112538954375E+01    0.245023907295891785E+01    0.540762644720349295E+00
    0.139542834181231367E-04   -0.232507047390824950E+00    0.101273505888114772E-01    0.103677681302101865E+01    0.828206973752160280E+01    0.189038171764362439E+01    0.622483541916823757E+00
    0.221805902818277075E-04   -0.622819791939519148E-02    0.188304904206948731E-01    0.433254184477190607E-01    0.839510425485226719E+01    0.246095814670194635E+01    0.573142382122851290E+00
    0.118638802327400852E-04   -0.558137365311868888E-01    0.983747544836489074E+00    0.280374402296790599E+02    0.814645435852444066E+01    0.195605716397795426E+01    0.446263989542834527E+00
    0.213501247553933435E-04   -0.908593825192671511E+00    0.216156041347452117E+02    0.942215306922025349E+02    0.749792988406245620E+01    0.148653886730250484E+01    0.691713446400865184E+00
    0.176299760650345256E-04   -0.335685699099490600E-01    0.459661189624873623E+00    0.789737312824323467E+00    0.822269239106985950E+01    0.717160913929567601E+00    0.536646148338163265E+00
    0.169498202644550631E-04   -0.114762532140381479E+01    0.177332922861364983E+00    0.476632923014218534E+03    0.737056587105981720E+01    0.103791936569645449E+01    0.733935755127134826E+00
    0.171115320119097419E-04   -0.193306425751824273E+00    0.547851199435593975E-01    0.132009215560578550E+02    0.817779834906856529E+01    0.192354469770815406E+01    0.327990050743764860E+00
    0.203321014016268866E-04   -0.855107254039233627E-01    0.105087861468366045E-01    0.468881741018239914E-01    0.841477255011558611E+01    0.972156841385860560E+00    0.444118706187129453E+00
    0.153254431091837378E-04   -0.192171236150196663E-01    0.609548329951274392E-01    0.804759666202641455E+01    0.769664251096708973E+01    0.744407015096352431E+00    0.624166902040522942E+00
    0.203443953428557259E-04   -0.914049456104287228E-01    0.423956292797504491E-01    0.388621049398658491E+00    0.833282915605395758E+01    0.366568327012762984E+00    0.198959329218290848E+00
    0.163792749114056451E-04   -0.179627375315965482E+00    0.410783459632641304E-01    0.573036457967708301E+01    0.829881064183620509E+01    0.229450182059039376E+01    0.237034934132195202E+00
    0.157695225964487180E-04   -0.580221930610753334E+00    0.112561110428400690E+01    0.232111955167511930E+02    0.770490285006881681E+01    0.143977138037311869E+01    0.664680627421338710E+00
    0.209587236525731690E-04   -0.377318387415415069E+00    0.120046819684548023E+01    0.623327343923824401E+03    0.827827652127356828E+01    0.631767594316029191E-01    0.431882198083298197E+00
    0.128296711402955028E-04   -0.327729416621924896E+00    0.499705423072070512E-01    0.945569258933168044E+03    0.808568324586049769E+01    0.143385630249934315E+01    0.456730539596672980E+00
    0.161266911487880707E-04   -0.130987230050508247E+00    0.141426561762886330E-01    0.862862256370737324E+00    0.823787546362333245E+01    0.280853227428177754E+00    0.592565664641885870E+00
    0.212652849295459985E-04   -0.160143254704672000E+00    0.123623337447271409E+01    0.294370217032325797E+03    0.806311477585630598E+01    0.143636349183335255E+01    0.488224497928829382E+00
    0.216366899080450513E-04   -0.390024462583931752E+00    0.610057927590736682E-01    0.624410554494717871E+03    0.814989727693364330E+01    0.227123286454192552E+01    0.432488959337819057E+00
    0.131779186502249696E-04   -0.365130514684818136E-01    0.266489847315933892E+00    0.134048739472372560E+02    0.824622956743817603E+01    0.158958528909049690E+01    0.301373440867494402E+00
    0.182290825207516162E-04   -0.248429598328716444E-01    0.163464560999232816E+00    0.142338604761934190E+00    0.843673194426598272E+01    0.218966615581597779E+01    0.340570142382178642E+00
    0.206240427048217627E-04   -0.450721406152138626E+00    0.352424046204966521E-01    0.632736114194595967E+01    0.816582926232052131E+01    0.121190713572455877E+01    0.480498281759455526E+00
    0.234690818711063216E-04   -0.725095954784460539E+00    0.343404611720946676E-01    0.448242126103465921E+03    0.805869424046238336E+01    0.723683379984818437E-01    0.526056149769118853E+00
    0.190353819247114712E-04   -0.117606199115014715E+00    0.257855053393400480E+00    0.463886577434098115E+03    0.833847482657123962E+01    0.180936008939630111E+01    0.223014375324989744E+00
    0.214542789128264334E-04   -0.321125607179279626E+00    0.120805057949448808E-01    0.137340641781664790E+02    0.815499384362266788E+01    0.265863510824090543E+00    0.402305570423256209E+00
    0.121698001086988266E-04   -0.143426143855064192E+00    0.247333971282397536E+00    0.130351613061997118E+01    0.819900452492418452E+01    0.464335867110822142E+00    0.620974825405723796E+00
    0.230287355476982132E-04   -0.293188304317875070E+00    0.831792454410830162E+00    0.823822212870026789E+02    0.725185790858096269E+01    0.717156360734477971E+00    0.655806976225589811E+00
    0.216859416303300546E-04   -0.502607402328550668E-01    0.114344526555004260E-01    0.722253604024037044E+00    0.837798423830657946E+01    0.161493185804175532E+01    0.155364809555264660E+00
    0.160126444197475838E-04   -0.273195658042072409E+00    0.419793020166375452E+01    0.396079167469220351E+03    0.778668430302286740E+01    0.110646650781112199E+01    0.596823766032732572E+00
    0.282967290349948873E-04   -0.146631488141875321E+00    0.111394544185565453E-01    0.114826443174128570E+03    0.822353347518743583E+01    0.570067822626473153E+00    0.304737710761408820E+00
    0.213782674302601346E-04   -0.685535348371249409E+00    0.643960689181405227E-01    0.992944391030883651E+02    0.803975506125762251E+01    0.133936418785782241E+01    0.556013079311363123E+00
    0.209151436561257072E-04   -0.946222195281969936E+00    0.794827850076980646E+00    0.127079649848070474E+03    0.765093213440125108E+01    0.377761818528437321E+00    0.664980342840273964E+00
    0.167577658769154683E-04   -0.101616804592689521E-01    0.684375600320589333E-01    0.257837301623675304E-01    0.843096920460669530E+01    0.203217795438248627E+01    0.394777610420095848E+00
    0.201128978209632081E-04   -0.113358391627762622E+00    0.502895099840920817E-01    0.371263853062265226E+00    0.839837223303050529E+01    0.107358914835229613E+01    0.124089716851438533E+00
    0.274940446391443958E-04   -0.877919502012715867E-02    0.104561128860872016E+00    0.497729720224659022E+01    0.831463386435322782E+01    0.193611436686808647E+01    0.190523328160307481E+00
    0.170124138259231266E-04   -0.215567799082254818E+00    0.730940692569500072E+01    0.636792187302513639E+03    0.764234260376055197E+01    0.230512841392360235E+01    0.623171262047037322E+00
    0.210610116302031419E-04   -0.423676148467417579E+00    0.359236401938399064E+00    0.230948229554704065E+01    0.825268240126536412E+01    0.116289710770717880E+01    0.543393406827303971E+00
    0.101963352378006341E-04   -0.263493549029166441E+00    0.195214493566540914E-01    0.420516398836122889E+02    0.768543203360013116E+01    0.159362483549583223E+01    0.677201774329903361E+00
    0.166564041507847154E-04   -0.243650399530822800E-03    0.397107764419093179E-01    0.222172677270059793E+00    0.830112685595523381E+01    0.118686116926208607E+01    0.313307752999335665E+00
    0.160380701616516702E-04   -0.255394923990502454E+00    0.126635687133187402E+00    0.153586797626273075E+02    0.796736585406503295E+01    0.214286379879406530E+01    0.499607061290390120E+00
    0.147176057364153756E-04   -0.226910652790680567E+00    0.413842973270205405E+01    0.813310201226378808E+03    0.773663519928482390E+01    0.229866477811452397E+01    0.636395553477307585E+00
    0.279245464476055173E-04   -0.489247177592259996E+00    0.176409804584869345E+01    0.333595169143141220E+03    0.794413825004019802E+01    0.178207101669785151E+00    0.523843959073016285E+00
    0.119452324491297196E-04   -0.323087264434627264E+00    0.269044270355121329E+01    0.112312698402053055E+02    0.796898415126701121E+01    0.123664992922174632E+01    0.638445034423115843E+00
    0.143130177576735749E-04   -0.768988875038228853E-01    0.272598366442652236E-01    0.638609216566805813E+02    0.728629915180339616E+01    0.155628691586326884E+01    0.678155628828522650E+00
    0.151502841346665928E-04   -0.778653917763043046E-01    0.231480885364939507E-01    0.186910208490493024E+01    0.825702220222595074E+01    0.137598263209167349E+01    0.153840720773956663E+00
    0.187727026643990095E-04   -0.557814250934131062E-01    0.763973295564841837E+00    0.765991421675433548E+00    0.835395782283078248E+01    0.113757921671967921E+01    0.357111195887432453E+00
    0.151568635509631830E-04   -0.134309601293940262E+00    0.408080036012070657E-01    0.128090359284473259E+02    0.821006669533321443E+01    0.110183922737723283E+01    0.255469235891967628E+00
    0.272903437460389317E-04   -0.301856033759509479E+00    0.572267252683913874E+00    0.478085490989185402E+01    0.803820163630402895E+01    0.234121696499325216E+01    0.571348976182074253E+00
    0.162961781858716273E-04   -0.272025982117801934E+00    0.145716096178619362E-01    0.747450600252839270E+00    0.837932242958763140E+01    0.265748357044584271E-01    0.506413708953274200E+00
    0.206197861883517895E-04   -0.935953698823519323E-02    0.611431303092249134E-01    0.263609961315448039E-01    0.837816102662278439E+01    0.507114704105631864E+00    0.487344257203032760E+00
    0.202179875650905528E-04   -0.487311555135057972E+00    0.101547786971203508E-01    0.202224733397580479E+03    0.767700484639817127E+01    0.117629080447227752E+01    0.612131408421434875E+00
    0.218902278305950360E-04   -0.904602101808193337E+00    0.398501796018831539E-01    0.798383066788684459E+03    0.788483021498873438E+01    0.125973359537349139E+01    0.622567728925553454E+00
    0.124701399433089019E-04   -0.314873273670498111E+00    0.116100790611879146E+01    0.480021791669830336E+02    0.768686836077172142E+01    0.191808829745368858E+01    0.645567594856009119E+00
    0.196115675058507766E-04   -0.251809351313184770E+00    0.174771178583032927E+00    0.309371221934384657E+02    0.810329517344329631E+01    0.735990685632837094E+00    0.385572910907057143E+00
    0.226847278069440370E-04   -0.433579669172307391E+00    0.634341813327337434E+01    0.548633937562343235E+02    0.826606128443636123E+01    0.832667958509718809E-01    0.506899373860088431E+00
    0.154405028064702312E-04   -0.658519296808504490E-01    0.252066550957960114E-01    0.652055776090730954E+00    0.832590043363340726E+01    0.202139188556361216E+01    0.105142088721395424E+00
    0.134061400766490783E-04   -0.440526141266110172E+00    0.331795631109477115E-01    0.671625905855914880E+02    0.738457048151437956E+01    0.282655271159343413E+00    0.719687810742794198E+00
    0.232581051334612865E-04   -0.148528619359012152E-02    0.107890648470372899E+00    0.115291797542006003E+01    0.816318217215189357E+01    0.739729585263417810E+00    0.427417040886314603E+00
    0.172687700818460368E-04   -0.939254319516698161E-01    0.290205124979213691E+00    0.566729279335745630E+02    0.827244360434996295E+01    0.178214965644237755E+01    0.240016980286091947E+00
    0.182841561102524781E-04   -0.558160500254028746E+00    0.103175281843327715E+01    0.990690203959834648E+01    0.803584032962183947E+01    0.203795124826460228E+00    0.575763473902937917E+00
    0.187812928071195120E-04   -0.510305469570365045E+00    0.115548440398422755E+00    0.625733284492076880E+01    0.805809603683151821E+01    0.230146543758124178E+01    0.574435507819356816E+00
    0.116801375379420797E-04   -0.336638907610569083E+00    0.127723392980964356E+00    0.604726643736363556E+01    0.796477918519642181E+01    0.202923698614776082E+01    0.615931720037193542E+00
    0.170519353346068921E-04   -0.113292520986581574E+00    0.230313251497466683E-01    0.718323982096177455E-01    0.837274480953688816E+01    0.524780474493143495E-01    0.399309231457093738E+00
    0.107861087703111171E-04   -0.392873836476368088E+00    0.118010038103697412E+01    0.542107385753066282E+02    0.785518625617827482E+01    0.225092749311830848E+00    0.617852097200734085E+00
    0.187901743778937110E-04   -0.345085878347927144E-01    0.156638336879988266E-01    0.678759305161000803E-01    0.838341184596944800E+01    0.198850812551449674E+01    0.498912515459660311E+00
    0.169775078977863827E-04   -0.942528932893713089E-01    0.124923282270394495E+00    0.122716133037758102E+02    0.786733643784704295E+01    0.177015041834645714E+01    0.506482469454939577E+00
    0.220602830802100320E-04   -0.560158110782521645E+00    0.411664864578712653E+01    0.322174827421140492E+03    0.773278563784956496E+01    0.837226935506176217E+00    0.610807238680530884E+00
    0.150699785763866772E-04   -0.961062499681361072E-02    0.263094834280101324E-01    0.488039425204513648E+02    0.812877860601768809E+01    0.121146065788972868E+01    0.392052353296119871E+00
    0.939305610970405954E-05   -0.108509790800326647E+00    0.102183567639163544E+00    0.760627945736766975E+02    0.806237002383175394E+01    0.649746955337348719E+00    0.428868689690971361E+00
    0.191184107457999744E-04   -0.387710590048600534E+00    0.227404090630083829E-01    0.460817309953551018E+02    0.795546317040324080E+01    0.937641791145975012E+00    0.558878714808862420E+00
    0.170924974240100071E-04   -0.106555582965912901E+00    0.225289687646123032E+00    0.621305799440656870E+02    0.786642600721010332E+01    0.118147262155621391E+01    0.500335794646500243E+00
    0.159687549147036388E-04   -0.618050294300212966E+00    0.172567868764491017E+01    0.210776448949428676E+02    0.790567158857459962E+01    0.148624657428204898E+01    0.619416980597842115E+00
    0.202641005705663176E-04   -0.200049437500442767E+00    0.414178446625336094E+00    0.801464643886862227E+00    0.832082609798724349E+01    0.123265197124039771E+00    0.524217736636984677E+00
    0.179156240397436506E-04   -0.313155605093574096E+00    0.106512928479368829E+00    0.823555079662289131E+02    0.814618125015875094E+01    0.182702438669554934E+01    0.409456328739526532E+00
    0.139300528105438481E-04   -0.767964502896508784E-02    0.836590288992627440E+00    0.324641629094488792E+03    0.824086831007856091E+01    0.177105503701390710E+01    0.311496882416429699E+00
    0.157072937625326274E-04   -0.201449010158412128E+00    0.247985073862887623E-01    0.880888570306813357E+01    0.824368129412235184E+01    0.177645223439092370E+01    0.290724736690051222E+00
    0.176136600518607621E-04   -0.167062848458518542E+00    0.605839768186894542E-01    0.737523246198374522E+02    0.825782704146653401E+01    0.208253250707020676E+01    0.310493700934714179E+00
    0.269321780873720203E-04   -0.334025036923186192E+00    0.333466206908385221E+01    0.122223005165529575E+02    0.806757662568312561E+01    0.125773913151008254E+01    0.510459179562948284E+00
    0.143270278394204088E-04   -0.175898919525775438E+00    0.145818012562063185E-01    0.164277293750060807E+03    0.816334731744511188E+01    0.666095972305394302E+00    0.317838227775007143E+00
    0.241580259106324092E-04   -0.611466653074880573E+00    0.346652212541803006E+00    0.422733953036258825E+02    0.793868690184705894E+01    0.166833096033162143E+01    0.575044770275725980E+00
    0.129493819505138288E-04   -0.108944023831933134E+00    0.834912812925828085E+00    0.417807078016100508E+01    0.811656451592314454E+01    0.219260413337996329E+01    0.458366454100731402E+00
    0.220818614910098201E-04   -0.539800706470128011E+00    0.132194946901692895E+00    0.579893804272970481E+01    0.803557928462464410E+01    0.269170537205315252E+00    0.568184963413591038E+00
    0.161362721441502795E-04   -0.689856554914173525E+00    0.120481220495979375E+02    0.529497083801915025E+02    0.760331812248350492E+01    0.127288510044145764E+01    0.691611181197500535E+00
    0.112305662930731804E-04   -0.238613490627240174E-01    0.107124294743092142E-01    0.841010928381074385E+00    0.820777926452506179E+01    0.533587360228385155E+00    0.536739472760881187E+00
    0.232322278973332583E-04   -0.619769286642738670E+00    0.498438106021102723E+01    0.988552724363252651E+03    0.782322444597013966E+01    0.443731562477446717E+00    0.597469677355579321E+00
    0.183589710451097753E-04   -0.595972278072378847E+00    0.100137029472967352E-01    0.115714744891681125E+02    0.801549100061597031E+01    0.113284662691363058E+01    0.550823105606785934E+00
    0.113298096178281212E-04   -0.283603673570563597E+00    0.327743252978382027E+00    0.878805584741724566E+01    0.807636942032262084E+01    0.137766456271471682E+01    0.479863971676867784E+00
    0.252199062382361499E-04   -0.119629247359175177E-01    0.305208940474108070E+00    0.183848123865917734E+01    0.816807608754062997E+01    0.760116070991502801E-01    0.310155665315554829E+00
    0.225331239721355418E-04   -0.495186842930876503E+00    0.439087589201113473E-01    0.368119246314383588E+02    0.804793845426757493E+01    0.932426360639385776E+00    0.522071892036695795E+00
    0.161347486119552034E-04   -0.708328191374920646E-01    0.153332154084473201E-01    0.155724928065628045E+02    0.796258372516526602E+01    0.830609440984654168E+00    0.425257582966546810E+00
    0.178364273541287185E-04   -0.444329900915315379E+00    0.234312855807367937E+00    0.937024909119921467E+01    0.809364293425393022E+01    0.179075552550629902E+01    0.525639347138152746E+00
    0.175175393000952347E-04   -0.317096827179516524E-01    0.171337714878839406E-01    0.180866188677418421E+03    0.825686484632858608E+01    0.169003708769371563E+01    0.274822729795398180E+00
    0.322561696947327233E-04   -0.178167734962368401E+00    0.147807362503718185E+02    0.539450874269451447E+03    0.757838538724067856E+01    0.107081378137341843E+01    0.576816735753764798E+00
    0.198150625871453519E-04   -0.481978140994800686E+00    0.254319747220650219E-01    0.366642063564049522E+03    0.770660436382856329E+01    0.242954216722135952E+01    0.613459945417791919E+00
    0.217360482336190641E-04   -0.676713195219225128E+00    0.875382861235228904E+00    0.204841810980265194E+03    0.797903050694696692E+01    0.105297151903558861E+01    0.582956704906249512E+00
    0.235154508167362850E-04   -0.885949468544263485E+00    0.280154031110235113E+01    0.277780641251740917E+03    0.717951940703129932E+01    0.150865035256942837E+01    0.686215891854073834E+00
    0.197706329198835957E-04   -0.488820583306735945E+00    0.243575922720571277E-01    0.579484066298854472E+01    0.809289975879108070E+01    0.154051785000225627E+01    0.594323553589075404E+00
    0.250300520522601962E-04   -0.476624596226077668E+00    0.684164658572885692E-01    0.183672683531311009E+03    0.723015577097237205E+01    0.183946796653396394E+01    0.643182444711576040E+00
    0.177230656885980034E-04   -0.219189901267827780E-01    0.118066988577170337E+00    0.106140490128219476E+02    0.828860701152663992E+01    0.926654795568437328E-01    0.231539481399177766E+00
    0.206875315136641568E-04   -0.178007977351645585E+00    0.933317350307530796E-01    0.908693479842917040E+00    0.832814160266197590E+01    0.167318159427128510E+01    0.378252334619884611E+00
    0.154687677137854860E-04   -0.124778016478007833E+00    0.411373439007814201E+00    0.415395902453205181E+02    0.813385937243923784E+01    0.226023693481413757E+01    0.438489886769832471E+00
    0.182974770202297820E-04   -0.300630316704165346E+00    0.678555924120141896E+01    0.376990399223791826E+03    0.804939473306274600E+01    0.146262963448111671E+01    0.567680463914574274E+00
    0.142752349600008486E-04   -0.762234836587408066E-01    0.777578414673933871E+01    0.723853813378675454E+03    0.806193839523550260E+01    0.216986774917239655E+01    0.567590731719710306E+00
    0.205507705792263551E-04   -0.481422034253590980E+00    0.561538517919611735E+00    0.986926312062854265E+02    0.802196317827491256E+01    0.179836643288106268E+01    0.521928063462738234E+00
    0.306135235675417111E-04   -0.433875437239587269E+00    0.627084559451100865E+00    0.325532430761429907E+02    0.802062116552489712E+01    0.551773072851310276E+00    0.479277258323690281E+00
    0.176428170803223486E-04   -0.735766890920454664E+00    0.393765930388567664E-01    0.891848523730831459E+02    0.783735002748372533E+01    0.225515262865455046E+01    0.636079646082477801E+00
    0.150861577472115717E-04   -0.229944839326416350E+00    0.431096861636300829E-01    0.828116495434798736E+02    0.723862080225848370E+01    0.834693113853028246E+00    0.683625715782445464E+00
    0.213198797627200787E-04   -0.390694803160409498E+00    0.143853220415186504E-01    0.301578249297125645E+02    0.810131048049080249E+01    0.144481491210684787E+01    0.478942181036925430E+00
    0.243375678490794350E-04   -0.334241330561977690E+00    0.149174229761840055E+00    0.251103939824110967E+02    0.838145806504172697E+01    0.464515147271542320E-01    0.191439083513570724E+00
    0.184882089300691478E-04   -0.142592128012598018E-01    0.207592902821317760E-01    0.249633175984711395E-01    0.841399308661084078E+01    0.186649979385453246E+01    0.596500576393125703E+00
    0.176106805488410893E-04   -0.294811969610206059E+00    0.798012021582766157E-01    0.165177744324404358E+03    0.804735706430965259E+01    0.316666873622490241E+00    0.435092239062093267E+00
    0.199917584776017828E-04   -0.128921741904870379E+00    0.351862330846637664E-01    0.149777946710052333E+03    0.742554595369234605E+01    0.179663077859223197E+01    0.617902862679298504E+00
    0.142489780037966745E-04   -0.434395092784816639E+00    0.177199886433142639E+01    0.535946323148462156E+01    0.807817225121056204E+01    0.113958658659723233E+01    0.607900976070608112E+00
    0.111149203544704667E-04   -0.773382505426923050E-01    0.177330156668290898E-01    0.559539333496894216E+02    0.815548432817307756E+01    0.206944881818769666E+01    0.337406853617669533E+00
    0.238046616095616998E-04   -0.141759401736703067E+00    0.318520709568261784E+00    0.101617273196671709E+01    0.833173734534204513E+01    0.186720594537297835E+01    0.460714787238895473E+00
    0.235391176447400761E-04   -0.735206434256036601E+00    0.405524892407254298E-01    0.557557566508353020E+02    0.770649888812826944E+01    0.211139350691510730E+01    0.630196516023309283E+00
    0.146124946409932345E-04   -0.566685836855279845E+00    0.253214008463818308E+00    0.252347405677499523E+02    0.799571981602527870E+01    0.566448845953094082E+00    0.578886469999649877E+00
    0.192616180931179415E-04   -0.844850500263950727E-01    0.571543728921665439E-01    0.365704550320313215E+01    0.823618579592006839E+01    0.238982173478324889E+01    0.241715302875842863E+00
    0.234755654279903630E-04   -0.454730716785153311E+00    0.198750057263058673E-01    0.276902360947179673E+02    0.809343158090269377E+01    0.240055876408265118E+00    0.462574204768707475E+00
    0.123666511541994400E-04   -0.577406881367463543E+00    0.134204206725287174E-01    0.633720999986416018E+02    0.798942210269742681E+01    0.966235256263091813E+00    0.593625443372457928E+00
    0.140388508264535197E-04   -0.253935164130201563E+00    0.269903275833763279E-01    0.647211196243701892E+01    0.818917427629478745E+01    0.156320505980942470E+01    0.372434932988799594E+00
    0.161922913899938263E-04   -0.158140254882137676E+00    0.224490107535354581E-01    0.695375694586798204E+03    0.807853439056960099E+01    0.173388124255497522E+01    0.396684440602490196E+00
    0.170272896914503746E-04   -0.247956983335514719E+00    0.181786924763468333E+00    0.222151241077204675E+01    0.823202034495869839E+01    0.925295323596027064E+00    0.481984134284096033E+00
    0.184228194134566440E-04   -0.414834326801788444E+00    0.544771142114318874E+00    0.148861392497839802E+03    0.808539447706556658E+01    0.190719935907837623E+01    0.506539008714991246E+00
    0.214406498489551632E-04   -0.694214405682367808E+00    0.340281851624674947E+00    0.196628866914537497E+02    0.790227714971161976E+01    0.344399373798162212E+00    0.588575048680626822E+00
    0.226467628905378884E-04   -0.598032128408782573E-01    0.918422303084880653E-01    0.203368500731408631E+03    0.832762980872906411E+01    0.226677370604906692E+01    0.195823446099898602E+00
    0.269595828940465717E-04   -0.404673188544703855E+00    0.971359161113016234E+00    0.185330021615081449E+03    0.795372796784454117E+01    0.419592343048382499E+00    0.501853085679560218E+00
    0.135939733309197044E-04   -0.479008697880334289E+00    0.229095203576393036E+01    0.111341696292197412E+03    0.727521454286911062E+01    0.161937755587747723E+01    0.715470396552925103E+00
    0.190231499085593283E-04   -0.298588236944606483E-01    0.302844234825189906E+00    0.251613652445834788E+03    0.835124314497495313E+01    0.169890130793185823E+01    0.174874293410025750E+00
    0.149536547879630071E-04   -0.529552920407179162E-01    0.524507491225351119E+00    0.808121806023716999E+03    0.733475529848029240E+01    0.139418935461450766E+01    0.653422574516961729E+00
    0.178234679987217820E-04   -0.490871606695424192E-01    0.208218438696609193E-01    0.197227517990764539E+03    0.740530275553647499E+01    0.221148329005970856E+01    0.625068359540324359E+00
    0.148573626661675390E-04   -0.769358019380144031E+00    0.115524550411134230E+01    0.751590258030438889E+02    0.752160578228972643E+01    0.130155182369979117E+01    0.719229304278516834E+00
    0.200033768825762962E-04   -0.486577116688915345E+00    0.343748771295737798E+01    0.512384066138379737E+02    0.780099233522082258E+01    0.560667501304026095E+00    0.596651151975207572E+00
    0.165485806762906933E-04   -0.377286509671401482E+00    0.153195374142739427E-01    0.966512476668305339E+03    0.806757798983644392E+01    0.306349165135695378E+00    0.470693803406944555E+00
    0.228858305275382681E-04   -0.212137647468581048E+00    0.316911505923769099E+00    0.160877203414808108E+02    0.790967911659344125E+01    0.222218752530698183E+01    0.506242759936073594E+00
    0.136255765950730358E-04   -0.896389167460270170E-01    0.236049980043762559E+02    0.775450656895915280E+01    0.805795576311446204E+01    0.192218369200838124E+01    0.667764175846119801E+00
    0.153343001876829277E-04   -0.812926763145128128E+00    0.302240871250085107E-01    0.530261890386248297E+03    0.782347560058862523E+01    0.126691087870664210E+01    0.660088933509003550E+00
    0.222339581552851062E-04   -0.669877149603513189E+00    0.186371163475403812E+01    0.992989424542098931E+01    0.797616285439852213E+01    0.173373262108066761E+01    0.634392140981292596E+00
    0.102602336953622391E-04   -0.433332379698497028E+00    0.352521510898545054E+00    0.221795354981055333E+02    0.780877498339384157E+01    0.241678128625658184E+00    0.654508201090875708E+00
    0.168563534286503622E-04   -0.428899412791650170E+00    0.216043865174942312E-01    0.870546216772123103E+02    0.719073787685981625E+01    0.219530640933144294E+01    0.699225526638304173E+00
    0.200453200562747725E-04   -0.398459137188487689E+00    0.103731732061393327E+02    0.289375319390537129E+02    0.814260170343272627E+01    0.915417190755969390E-01    0.579948161610936208E+00
    0.138741242981278051E-04   -0.256904500182057682E+00    0.127647368531802585E+00    0.190721162243659251E+03    0.813204007843570054E+01    0.757798982579606983E+00    0.412812362937226229E+00
    0.209485855807996536E-04   -0.721633246515652638E+00    0.263876017635581775E+03    0.154694133090483462E+03    0.734248916637684257E+01    0.990437353385420383E+00    0.685123006720562144E+00
    0.197598015753980830E-04   -0.541400148079439258E+00    0.358894066774468501E+00    0.180927534031137007E+02    0.774183373715278211E+01    0.207972320205885008E+01    0.641845886361642415E+00
    0.174217482527564721E-04   -0.417394649569275744E+00    0.186475244240163263E+00    0.103822858443766137E+03    0.788079191943196200E+01    0.242074736175489624E+01    0.572483754049476268E+00
    0.590268745658216126E-15   -0.285683474343754670E-02    0.970595655972313343E-01    0.979006768759214481E+02    0.831042734428875107E+01    0.124753931261955819E+01    0.145825023965825917E+00
    0.593010523282620474E-15   -0.121252554897296368E-01    0.151236014393220531E-01    0.174979869793854235E+02    0.826205946396155788E+01    0.132819999020148205E+01    0.253266088919494869E+00
    0.595216715053903197E-15   -0.195520985557549910E-01    0.189241596898163736E-01    0.917365799548398919E+00    0.826848578301606096E+01    0.129038954175404941E+01    0.462524943165397384E+00
    0.591661332110232100E-15   -0.756976022903774887E-02    0.166116898645958556E-01    0.421053367857667297E+03    0.832164174904555942E+01    0.120421920014919936E+01    0.110951953065761361E+00
    0.591972637135836909E-15   -0.862179165383229057E-02    0.143995908463508737E+00    0.202259981317701723E+02    0.831789925513504080E+01    0.813248643864485810E+00    0.158316962289715146E+00
    0.592408895178579667E-15   -0.100951616804919892E-01    0.123101266371211243E-01    0.433059486380131009E+01    0.804811461814744966E+01    0.645708730427402511E+00    0.410167769561913365E+00
    0.592237366680583668E-15   -0.951598963667783966E-02    0.200481072982178418E-01    0.873879051708048804E+00    0.827073845125489804E+01    0.437605543700134769E+00    0.345155684214314695E+00
    0.591354225155343637E-15   -0.653137333749972959E-02    0.757199087004381821E-01    0.264470348734954364E+02    0.815705749404250113E+01    0.380312533101804517E+00    0.280259230780723401E+00
    0.602006356152556311E-15   -0.422369734229545088E-01    0.143905983794331248E-01    0.471876680903418801E+02    0.828738343165509939E+01    0.103361446192724404E-02    0.279712321740628544E+00
    0.608115299017445706E-15   -0.624299671895253219E-01    0.210852182907341867E+00    0.132921643122409328E+01    0.832448973844716633E+01    0.703892614648606030E-01    0.331251438933384601E+00
    0.597786860854972449E-15   -0.281695070169086688E-01    0.126119279452198939E-01    0.137537776907805352E+03    0.811799082051421017E+01    0.553328989215783773E+00    0.327098341601551046E+00
    0.608561836284579952E-15   -0.638980223512791157E-01    0.252520848548084750E-01    0.526924431980478936E+01    0.811392042782469503E+01    0.539477990429792720E+00    0.435858840404421355E+00
    0.597236725210715807E-15   -0.263280850080697751E-01    0.791580815599815413E+00    0.307683132927225733E+01    0.818867194343961380E+01    0.821469220650515308E+00    0.445974155367678815E+00
    0.592951641063579351E-15   -0.119266581959996537E-01    0.292723153261937707E+00    0.385290662711940568E+00    0.833951173421607272E+01    0.628191681740081220E-01    0.396201016140418250E+00
    0.598295961128667194E-15   -0.298720657196379115E-01    0.193192482078101774E+00    0.814913905717893683E+00    0.832352626014353270E+01    0.867292346723990137E+00    0.440756224111603201E+00
    0.605340388818124076E-15   -0.532828180544228994E-01    0.260640103667652105E-01    0.154022479375477284E+01    0.822971226415443802E+01    0.161813740404250894E+00    0.519232939086180845E+00
    0.591176534109257420E-15   -0.593031988995751120E-02    0.101883588325758327E-01    0.105621843457724918E+01    0.828646285683573325E+01    0.131000773228100686E+01    0.161220640307022628E+00
    0.591451280886988539E-15   -0.685959545469056863E-02    0.808779166139129146E+00    0.741139512069912740E+02    0.795082327413118151E+01    0.102205908327379591E+01    0.456407120098490271E+00
    0.608454922197686864E-15   -0.635466250959189488E-01    0.178687228336794797E-01    0.149971532860072081E+02    0.797264396409215426E+01    0.133666955191630826E+00    0.513202197616433486E+00
    0.600034259463627272E-15   -0.356744715150703190E-01    0.811962707986485233E-01    0.119095700560064088E+02    0.800764524982426096E+01    0.115490990488988610E+01    0.488640172752964896E+00
    0.598025675551151936E-15   -0.289683435973466970E-01    0.393890356701245073E-01    0.719748325054079618E+01    0.795083748806843094E+01    0.784616500197461986E+00    0.514572000820978648E+00
    0.591975174210133285E-15   -0.863036322858046559E-02    0.399619668112719706E+00    0.823782115909110502E+02    0.797294497722457685E+01    0.763797385920700234E+00    0.425879165746855692E+00
    0.597844846924333766E-15   -0.283635000969135881E-01    0.302653023998042912E-01    0.208198082493315127E+03    0.806121284338010113E+01    0.349025715345959497E+00    0.382984867965162401E+00
    0.603209554046648556E-15   -0.462302771410594213E-01    0.684369416266977448E+00    0.104444249696684224E+03    0.813125099977350629E+01    0.603936512174513496E+00    0.408594642245610040E+00
    0.596485115791026474E-15   -0.238095434410171627E-01    0.733354330668476107E+00    0.585196884316461805E+02    0.814003217674119561E+01    0.868849661241939519E+00    0.395360692451860785E+00
    0.600445826734985459E-15   -0.370458138379571519E-01    0.374238791720190034E+00    0.994475330909976662E+02    0.819967905073790959E+01    0.410739301712840510E+00    0.332206025203790167E+00
    0.605245376674649513E-15   -0.529688803017255988E-01    0.519624841542873223E-01    0.491448782444344179E+01    0.804777096605088005E+01    0.197327463803143061E+00    0.558107635621811315E+00
    0.597127684573236431E-15   -0.259629011934621040E-01    0.241311093932037764E-01    0.132835381205378091E+02    0.782511611432705312E+01    0.921354016345976135E+00    0.562906318067602163E+00
    0.614288358134452396E-15   -0.826298792447397457E-01    0.384395397795428417E-01    0.524876436652537421E+02    0.808314425705372130E+01    0.155442166264904674E+00    0.474875627387879806E+00
    0.594713183588323621E-15   -0.178594560019886932E-01    0.630590600519319366E+00    0.855146766955093085E+01    0.794693954199347985E+01    0.477385941805525627E+00    0.484794844013586967E+00
    0.599458557670285927E-15   -0.337546539745205570E-01    0.493692978001237182E+00    0.102428179684025782E+02    0.807132242265332600E+01    0.460025880845451485E+00    0.451913080382175369E+00
    0.595307994618189024E-15   -0.198587853930502142E-01    0.398543231193697195E-01    0.194103032378027422E+03    0.796954092282617665E+01    0.684887553858005038E+00    0.451212881370833596E+00
    0.595839012328071330E-15   -0.216420002001054892E-01    0.164147977144371154E+00    0.629876782344337926E+03    0.806530587436120427E+01    0.122955839621246210E+01    0.386387532862629834E+00
    0.598539781969349045E-15   -0.306869506208064767E-01    0.116552326462204092E+00    0.872811876745417749E+03    0.822424079288186860E+01    0.117985320189769238E+01    0.315835675616737477E+00
    0.606688248690949643E-15   -0.577310972014555696E-01    0.507531673034040898E+00    0.371364955641671060E+02    0.836849449693505676E+01    0.462670244363059258E-01    0.283640983347155706E+00
    0.599806413035882811E-15   -0.349148825606707264E-01    0.198771851834660757E+00    0.470990698302372390E+01    0.812554073970993329E+01    0.561020112342457300E+00    0.402581007301333282E+00
    0.596189931903893749E-15   -0.228195541098795904E-01    0.178121186061142335E-01    0.561724184006295744E+02    0.782331508240462625E+01    0.354910674769679579E+00    0.526918437838138520E+00
    0.595598026970783802E-15   -0.208329423896546836E-01    0.288024433499937567E-01    0.752236966706373300E+00    0.834297470315663503E+01    0.152249138666699491E+01    0.312494570567181440E+00
    0.596654536612860844E-15   -0.243775266527272022E-01    0.169365784133218955E+00    0.145810699764509451E+03    0.819577661978668459E+01    0.501638949083504704E+00    0.308584616557438740E+00
    0.590131380658020470E-15   -0.239134851461348091E-02    0.433037660140926928E+00    0.623727761350885235E+01    0.804297192879451295E+01    0.103640041472465216E+01    0.490797536045717520E+00
    0.591897713559680731E-15   -0.836864374380187279E-02    0.390984498670498004E-01    0.236527129896931276E+01    0.818509515722884373E+01    0.138841297646439821E+01    0.335130329410160632E+00
    0.611566263377977317E-15   -0.737475886928512514E-01    0.375942816548148970E-01    0.432301666942950646E+01    0.814570218337506979E+01    0.133477951773388614E+01    0.455825316627287869E+00
    0.606982531424522747E-15   -0.587009903361479859E-01    0.225197904233338436E+00    0.945245753789571950E+02    0.811527946884338647E+01    0.125024024742725404E+01    0.451732204884416122E+00
    0.605006155214261865E-15   -0.521782299048222584E-01    0.368098266059152746E+00    0.189677180454756389E+02    0.784501519205687625E+01    0.749984637897044726E+00    0.540645279188151084E+00
    0.592078040545423564E-15   -0.897786901387408708E-02    0.717420030468164960E+01    0.121928581025733834E+03    0.793016878647276702E+01    0.775066403252746561E+00    0.558155273335602664E+00
    0.591135235220135922E-15   -0.579059738955527061E-02    0.581138646670103043E+01    0.251386473878168211E+02    0.786983080951518499E+01    0.711708961205107959E+00    0.562202559541056135E+00
    0.616630948698885117E-15   -0.902423795268054024E-01    0.464932629515071194E+00    0.397214434837096405E+03    0.797906089238319804E+01    0.108212457062016321E+01    0.526424094274047127E+00
    0.605138863302720221E-15   -0.526168817587646873E-01    0.261757349581893228E+00    0.290602549884731154E+02    0.794368998623578015E+01    0.158619919185933073E+00    0.510968182047311870E+00
    0.611559025996423817E-15   -0.737239202049034537E-01    0.185973457312344825E+00    0.653749570018011468E+03    0.817361088921320267E+01    0.444305649794382723E-01    0.466474176850640410E+00
    0.618167747065024321E-15   -0.952206781430827431E-01    0.188675572159375110E-01    0.104714666644999696E+03    0.799430393673710515E+01    0.527045185806320093E+00    0.513311158713535276E+00
    0.629206724597059139E-15   -0.130620683455088399E+00    0.120223650085959505E+00    0.806155163113269708E+02    0.815873635508015482E+01    0.124938932329667157E+00    0.478734378067017685E+00
    0.606215645314184280E-15   -0.561725123769357473E-01    0.736361417409175267E+00    0.347564949385515661E+03    0.800024534815133137E+01    0.107574461315765313E+01    0.516462320610541759E+00
    0.618441383940460895E-15   -0.961057981799460503E-01    0.356166728056385440E-01    0.141926708643494770E+02    0.788466362023983258E+01    0.879847352322920551E+00    0.586232081169026253E+00
    0.595684213924733163E-15   -0.211223346131293142E-01    0.106124204839667935E+01    0.349437495503809430E+02    0.802907721485581227E+01    0.397123947859527038E+00    0.458357542965623810E+00
    0.619042409154539762E-15   -0.980485315383740896E-01    0.158032296552098772E+00    0.226212955450947426E+02    0.783266680736964283E+01    0.132186572041725417E-01    0.620046371071977576E+00
    0.595115864749399154E-15   -0.192132006496274627E-01    0.919591390906163569E-01    0.990847093391911571E+01    0.806711511432337858E+01    0.118325573054172084E+01    0.397973265395245246E+00
    0.607583753259769410E-15   -0.606810284515604467E-01    0.284210923283753469E+00    0.117484512060031054E+02    0.783135394169874566E+01    0.165209180029944280E+00    0.635657041211744378E+00
    0.593311608713659325E-15   -0.131404449712139403E-01    0.227852453805576260E+01    0.360566602202019055E+02    0.793134958665739642E+01    0.101230625170697452E+01    0.538352682522653780E+00
    0.592034594009773907E-15   -0.883110413891191603E-02    0.137110079837702171E-01    0.140016783282937296E+01    0.820654605107888457E+01    0.258756760264218233E+00    0.325328403582653025E+00
    0.605772132710353400E-15   -0.547087595845541647E-01    0.138515112604704660E+01    0.748961910600062168E+02    0.809530947660006106E+01    0.187596787119208930E+01    0.483922306953273207E+00
    0.615129696797042551E-15   -0.853672354777601783E-01    0.464894043879785501E+00    0.131768915318364776E+03    0.774528606150613896E+01    0.581473123819163940E+00    0.571763546089085528E+00
    0.597266113900248568E-15   -0.264264981337804898E-01    0.118112019335862684E+01    0.854999400174138060E+02    0.799528901313559537E+01    0.387013569710398285E-03    0.457354504420478980E+00
    0.593524612034635457E-15   -0.138583311278449202E-01    0.280184264625669387E-01    0.227662751504253507E+02    0.780782641672965827E+01    0.742700131741727110E+00    0.537925375525106220E+00
    0.601881507921405803E-15   -0.418221566104659340E-01    0.109969714482229988E+00    0.343160068282592619E+02    0.795169841457335380E+01    0.896340307431044425E+00    0.484229968069549654E+00
    0.600673501599732624E-15   -0.378040228254930763E-01    0.487291735316093988E+00    0.631456216458732822E+01    0.814135332047110438E+01    0.929830613266941941E+00    0.438552690216524432E+00
    0.591062456850968176E-15   -0.554434967742967535E-02    0.263180394041421239E+00    0.492122844007440730E+01    0.819030430836000534E+01    0.692941739838203619E+00    0.279512427003098418E+00
    0.595228938570797234E-15   -0.195931706260556206E-01    0.377148831434545084E+00    0.350548835643153822E+01    0.811818477268692895E+01    0.880304776236702891E+00    0.431177306250144943E+00
    0.602550700062005031E-15   -0.440445887407818967E-01    0.194337069635827753E+00    0.381436519661305226E+03    0.823300946185037219E+01    0.256655859219135363E-01    0.344313827952430707E+00
    0.589951486046220643E-15   -0.178157908814639485E-02    0.307860696086246111E+00    0.470196268974983678E+01    0.809059762227477108E+01    0.411642765717236458E+00    0.348828279827777532E+00
    0.594639783229599874E-15   -0.176125978837010679E-01    0.227804639446921899E-01    0.795206490813116762E+01    0.823408402899134906E+01    0.306560073438580244E-01    0.249834525943588875E+00
    0.590579199359508813E-15   -0.390846449729331368E-02    0.140941770298638677E-01    0.297327392284838465E+01    0.810648852648140306E+01    0.948926073055237906E-01    0.425329305779032829E+00
    0.590807920162493523E-15   -0.468287891935041667E-02    0.111475592073479873E-01    0.384409646845934887E+02    0.813176677360507760E+01    0.379083401016425237E+00    0.313091234200491453E+00
    0.591660408051163072E-15   -0.756663661842223948E-02    0.734935398944197155E-01    0.352760035563180168E+02    0.813909241055867483E+01    0.332686085036073331E+00    0.311394738421996831E+00
    0.591914399520055630E-15   -0.842502417848618734E-02    0.269546966863262460E-01    0.606753022068940506E+01    0.792788707548976124E+01    0.100270204683367073E+00    0.512191263648209771E+00
    0.597575942498741353E-15   -0.274637184217730555E-01    0.104665421793995773E-01    0.303810177880442911E+01    0.825102636600981398E+01    0.126728350375413923E+01    0.254838312485549667E+00
    0.589833391626321404E-15   -0.138118602495209200E-02    0.105131285302561325E-01    0.354119020896829184E+02    0.818401520673289262E+01    0.131616720972741130E+01    0.305107091520510854E+00
    0.596348353689426150E-15   -0.233509308829477208E-01    0.289068580367116801E+00    0.125281977186958238E+01    0.821378331246469529E+01    0.800197184341088663E+00    0.615477956190627618E+00
    0.615305948498798065E-15   -0.859402088099942424E-01    0.226591983116273959E+00    0.590269774470346764E+01    0.812468479492681261E+01    0.104655407266885070E+01    0.493885909930147027E+00
    0.602992315627495206E-15   -0.455098722836212582E-01    0.103800899756339646E+00    0.624723078373908379E+03    0.806029399365979238E+01    0.104145195226359810E+01    0.471302665596144199E+00
    0.601093064938747033E-15   -0.392005115205896412E-01    0.141073056533256053E+00    0.315709125428312731E+01    0.816218996624905202E+01    0.582598409932993055E+00    0.399342303769488982E+00
    0.592911667919891136E-15   -0.117918259825128598E-01    0.103964205601978273E-01    0.702314326470477557E+01    0.801640692594882509E+01    0.777676276257699639E+00    0.455431208767260398E+00
    0.592639012110581163E-15   -0.108718963036297904E-01    0.270120589464419546E-01    0.267169800689915348E+03    0.783607218700245500E+01    0.679397197887154802E+00    0.512739294133659484E+00
    0.597344814386257617E-15   -0.266900165204989291E-01    0.164255343575746227E+00    0.156292659931535081E+02    0.807556629476600918E+01    0.111093261801812049E+01    0.413913501676156703E+00
    0.591918250760756731E-15   -0.843803696608290237E-02    0.305801983204792745E-01    0.226128069115536938E+02    0.792394369798818587E+01    0.930971661997064048E+00    0.469758206470261896E+00
    0.590107804381634063E-15   -0.231144512998611570E-02    0.785738006195537270E-01    0.369120550008345845E+02    0.804926824678227071E+01    0.999391161113648341E+00    0.390526213051425430E+00
    0.590704513742722354E-15   -0.433279738966097731E-02    0.455284546812419408E-01    0.804494668560424664E+01    0.790690718893626787E+01    0.109285187593425492E+01    0.501696948214512273E+00
    0.589994041687422791E-15   -0.192584215868945663E-02    0.128061426599971363E-01    0.197073053638007494E+02    0.792316445225364507E+01    0.467032570148593063E+00    0.494093807762535975E+00
    0.598100335867291956E-15   -0.292180173458115172E-01    0.760093700113288889E-01    0.115361502696140747E+03    0.808920755947418613E+01    0.913591036989094163E+00    0.394247751947241154E+00
    0.590371086914103113E-15   -0.320356624715539265E-02    0.523602085775872528E+00    0.855233909413391871E+03    0.794524487366652288E+01    0.532222334990582913E+00    0.474152139356023405E+00
    0.602467279277235879E-15   -0.437676774039091818E-01    0.757903249476794133E-01    0.238250401043807926E+03    0.809510662185483909E+01    0.105885568093849236E+01    0.439845293296739492E+00
    0.593113614425972965E-15   -0.124729126711093721E-01    0.751121855206316191E-01    0.127634066545803755E+02    0.798127261717131020E+01    0.254392712858081335E-01    0.472094544330341703E+00
    0.593744913348960829E-15   -0.146005427727723455E-01    0.414649099675039656E+00    0.769980053959798916E+01    0.798956838339487785E+01    0.302746521988621287E+00    0.443253566761653728E+00
    0.607094174838813045E-15   -0.590688201907308003E-01    0.244889806252676506E-01    0.118543829760358044E+02    0.794074322239732489E+01    0.917361130079993092E+00    0.564459441404947193E+00
    0.599581165569556844E-15   -0.341636742840795912E-01    0.254648097046854482E+00    0.359403481166603855E+01    0.798504645487841902E+01    0.663895943344852579E+00    0.637756683526124357E+00
    0.604102592164518383E-15   -0.491890423072869343E-01    0.143155899518967854E-01    0.456478201636239049E+02    0.815598649656059749E+01    0.290070156097608327E-01    0.402619960131679333E+00
    0.594855610366038430E-15   -0.183383750156723840E-01    0.102856770036665861E-01    0.413971640971114585E+01    0.820802121525363404E+01    0.167373352410970422E+01    0.306798259246078620E+00
    0.598776456546939656E-15   -0.314776342281506277E-01    0.150913065673246277E+00    0.251391291721918808E+01    0.809654606216418671E+01    0.131742035606374275E+01    0.673136298046181247E+00
    0.590464894382595982E-15   -0.352133254217201373E-02    0.182141882961350321E+01    0.244835255931844964E+01    0.811767140799471676E+01    0.115723335449566234E+01    0.618416091135662094E+00
    0.612117048056441986E-15   -0.755480045701087261E-01    0.149749495419488482E+00    0.411566426116116268E+01    0.811018700389793423E+01    0.125336975929582572E+01    0.562452106445378686E+00
    0.592699088636439936E-15   -0.110746284215027194E-01    0.528618788000521755E+00    0.516123169396904302E+01    0.804505472630986951E+01    0.156373886543105267E+01    0.479366923372868903E+00
    0.593616542711238512E-15   -0.141680859583845752E-01    0.111610286406437498E-01    0.305912325256042239E+01    0.811390660810940645E+01    0.160996775985940288E+01    0.529959878524363326E+00
    0.597196056010592392E-15   -0.261918891474387690E-01    0.472762879291528174E-01    0.455738952667110997E+01    0.803317871158471597E+01    0.237450520955575817E+01    0.596012438099615349E+00
    0.595464603806785931E-15   -0.203848612859532166E-01    0.324523945205257014E-01    0.165284801855016950E+01    0.817838065477858223E+01    0.163695357602399416E+01    0.619030499075631124E+00
    0.593595854376623356E-15   -0.140983820547764972E-01    0.185503092059274809E-01    0.225934341985138643E+01    0.815277835379169957E+01    0.154629199022718544E+01    0.608852914257436040E+00
    0.592503632815467646E-15   -0.104149747801635453E-01    0.984218012409588255E-01    0.298350539438874041E+01    0.807769204746786151E+01    0.128581218560516231E+01    0.483877499346096251E+00
    0.591977107857943304E-15   -0.863689608588177719E-02    0.117979205918500918E+00    0.173004344425704240E+02    0.805876349874655240E+01    0.171266010010516556E+01    0.448300827735657714E+00
    0.596659472077321930E-15   -0.243940703769348760E-01    0.377321803192775806E-01    0.627146884015628903E+01    0.804646701160281452E+01    0.157203292848509557E+01    0.416388257331648193E+00
    0.589472091786725784E-15   -0.155719490664575882E-03    0.841300771449915719E-01    0.502276146979196714E+01    0.800096922963589385E+01    0.175173197324973451E+01    0.495433847185543286E+00
    0.600140956917734420E-15   -0.360300777730331104E-01    0.132077216928119905E-01    0.350324315212063908E+02    0.797184222375550178E+01    0.169831094536602922E+01    0.496942254721954413E+00
    0.596466166744107571E-15   -0.237460067410635717E-01    0.217881148223210974E-01    0.855573593031218564E+02    0.802280825786974283E+01    0.123946913485019539E+01    0.469145390296446196E+00
    0.597316736136532325E-15   -0.265960041209329090E-01    0.904074753047599544E-01    0.482509511831674729E+02    0.811015692389371523E+01    0.133042245314009833E+01    0.389380639844090215E+00
    0.591527519935507488E-15   -0.711738214899217039E-02    0.248151080668211170E-01    0.418887341592243416E+02    0.801143618080458708E+01    0.175129074507065918E+01    0.487688611888667967E+00
    0.606042397981792701E-15   -0.556008607074660322E-01    0.117332861363326227E+00    0.615379628273084389E+01    0.799591358497396776E+01    0.214648350866312976E+01    0.542159556837695122E+00
    0.597887054877517587E-15   -0.285046954706794226E-01    0.130098343166350983E+01    0.334619488401202014E+01    0.809508799720722649E+01    0.186139901843128475E+01    0.643409363830084513E+00
    0.593921363548918513E-15   -0.151948181334722165E-01    0.423072313705300587E-01    0.516128384310857946E+01    0.809161775020445795E+01    0.181520514927464482E+01    0.449343860895995983E+00
    0.606114819875087349E-15   -0.558398458566499375E-01    0.865701937717899161E+00    0.581258281203651883E+01    0.794848495963328006E+01    0.157022541366207458E+01    0.658654698355969126E+00
    0.612107081147501660E-15   -0.755154389354415478E-01    0.210882210217075081E-01    0.594234600808786073E+01    0.802764517158876245E+01    0.177525018557024294E+01    0.603986177660609247E+00
    0.596896725085050934E-15   -0.251891833725746209E-01    0.187228123595972046E-01    0.169167053426033362E+02    0.786703892380077008E+01    0.155427674559014006E+01    0.569788707468217637E+00
    0.610427452134514241E-15   -0.700198720649572587E-01    0.336322004586104978E-01    0.160418596965441651E+02    0.803369264989296283E+01    0.134217695691829086E+01    0.513721781911114395E+00
    0.611367928190811797E-15   -0.730988696031448504E-01    0.863818105201562964E-01    0.255457434298136405E+02    0.806399894753000268E+01    0.143865250026909752E+01    0.503983239609092082E+00
    0.595605756275484155E-15   -0.208588969905826177E-01    0.974978986576141571E-01    0.643514598370596946E+01    0.790262820532314070E+01    0.191377886669751951E+01    0.660723448528479418E+00
    0.610732814467564596E-15   -0.710201087996204239E-01    0.156490665713890920E+01    0.657453227716968680E+01    0.803648743678802902E+01    0.192823133053021900E+01    0.574923304005449332E+00
    0.594250292147823392E-15   -0.163021618601195718E-01    0.466627380433844025E-01    0.184418329224838331E+02    0.782157349487911446E+01    0.170012967267458737E+01    0.582083133510704176E+00
    0.601141633605059868E-15   -0.393621061456252974E-01    0.621436040245778587E-01    0.302814607343819659E+02    0.792010481202010830E+01    0.181573504766466720E+01    0.557312461656346736E+00
    0.620734398251680538E-15   -0.103507546862670816E+00    0.101188834584423529E+00    0.276965350327929123E+02    0.799218404162269369E+01    0.170404228439142602E+01    0.559013035307909578E+00
    0.599631922451323823E-15   -0.343329749106345908E-01    0.407166326452019917E-01    0.425250366362854436E+03    0.809479707029474937E+01    0.205712852709366834E+01    0.425677644453023252E+00
    0.604910696997786175E-15   -0.518626438659644529E-01    0.110945920819513666E+01    0.424436606790492078E+03    0.801783915942272785E+01    0.134576453662500728E+01    0.492542628707691721E+00
    0.595439873956536694E-15   -0.203017988717164588E-01    0.568579083025983964E-01    0.439812940022485108E+02    0.789122071703429029E+01    0.180980541967704589E+01    0.513354624997012232E+00
    0.591133206827646669E-15   -0.578373467583678975E-02    0.633036914844174459E-01    0.752886069771214892E+02    0.794488842023950603E+01    0.119399993387546766E+01    0.511203587205707910E+00
    0.609975261369872018E-15   -0.685377685582011092E-01    0.149600042495454250E-01    0.574952613358715112E+02    0.801762122652590925E+01    0.212141549775602378E+01    0.490189007166644153E+00
    0.590447682333394039E-15   -0.346303170078055868E-02    0.179108691897951616E+00    0.249060706854787782E+03    0.796408811633562674E+01    0.170722699469622374E+01    0.472365569890665693E+00
    0.600128799972665250E-15   -0.359895637303021404E-01    0.443237761224628213E+00    0.135711551596884732E+03    0.790964599258700840E+01    0.142377073692760048E+01    0.511759755714018105E+00
    0.589614522208851067E-15   -0.638908498536335141E-03    0.217962527148517493E-01    0.109812513567397446E+03    0.776515928997263494E+01    0.161634933430500927E+01    0.529824156744139296E+00
    0.611264284432787330E-15   -0.727597855933723447E-01    0.248528575989952101E-01    0.448470781110124772E+01    0.805313907933791917E+01    0.140787514045169981E+01    0.631377633592124510E+00
    0.600718666850723072E-15   -0.379543992044918399E-01    0.465806786959578681E-01    0.102532430401997736E+02    0.802651572069944663E+01    0.171336457508052731E+01    0.483656628726035875E+00
    0.603072277354237378E-15   -0.457750711040286404E-01    0.903375379857274258E-01    0.575055900826212323E+02    0.799116571310017410E+01    0.232471784079188248E+01    0.490310204182354492E+00
    0.610313903541859187E-15   -0.696478076879608471E-01    0.185325032218456309E-01    0.240849105301683636E+03    0.809127669422987594E+01    0.167620192866589646E+01    0.447952084314698240E+00
    0.593137229282399085E-15   -0.125525412136417401E-01    0.167032666735639268E+00    0.225566652788249996E+03    0.799171029763909946E+01    0.166115497536515533E+01    0.445991358634277524E+00
    0.598332282708633776E-15   -0.299934787989665809E-01    0.298039074384330638E+00    0.225507485888107709E+03    0.786296593289583967E+01    0.176619720492304255E+01    0.534723199931513515E+00
    0.597753915685262253E-15   -0.280592801793892697E-01    0.427911510251817284E+00    0.246862696871603646E+03    0.802844052668436170E+01    0.210692242115559436E+01    0.484958837109891294E+00
    0.592163711334763661E-15   -0.926723827268981920E-02    0.149982407378052417E-01    0.696719417562850651E+02    0.800300336001848223E+01    0.142554248605238643E+01    0.438960118263362786E+00
    0.590137489509872554E-15   -0.241205176965864944E-02    0.792995570528665927E-01    0.359183435146243113E+02    0.801528723504080176E+01    0.145336211676026061E+01    0.455581402728350793E+00
    0.596697793236987203E-15   -0.245225186155141883E-01    0.845381538063888271E+00    0.202661663870911212E+03    0.807751670326284810E+01    0.173729914699116450E+01    0.427617146281145888E+00
    0.604086562408862060E-15   -0.491359719561194480E-01    0.157399269809648201E+01    0.240383155970808318E+02    0.799793325422318446E+01    0.158089583982384552E+01    0.494969395750536667E+00
    0.602108244957245964E-15   -0.425754422193114976E-01    0.205232127031885625E+01    0.243320031570288329E+02    0.809062310918872818E+01    0.168122672049781796E+01    0.489858814118779406E+00
    0.602013139275205172E-15   -0.422595083492372028E-01    0.206018122021488947E+00    0.621926251984381722E+02    0.763137279877193642E+01    0.130663539521322836E+01    0.579723487556631056E+00
    0.613204937341657653E-15   -0.790993635893406377E-01    0.108402190579310465E+01    0.355879692555917737E+01    0.811771840697245395E+01    0.138186260293091490E+01    0.616766209544628796E+00
    0.594872246687877490E-15   -0.183943082166724628E-01    0.317174487663765126E+01    0.122956023412573359E+03    0.794645215572428576E+01    0.164659247699247047E+01    0.553266351189359851E+00
    0.606322997507530971E-15   -0.565266526570051622E-01    0.425863151935754392E+01    0.253766657524377877E+02    0.782022147332182538E+01    0.173294656325440544E+01    0.567778191807555843E+00
    0.615020395043069647E-15   -0.850118259875216331E-01    0.260233584785517606E-01    0.483061544937204488E+02    0.772652028720417050E+01    0.146664983980655661E+01    0.587614524937840610E+00
    0.611749310824618941E-15   -0.743461176476628016E-01    0.325368279453789710E+00    0.882725752154801739E+02    0.799906277338298999E+01    0.223709011005982061E+01    0.524030854874303009E+00
    0.612502605193534320E-15   -0.768073577049590284E-01    0.512822039316853592E-01    0.407951359068679892E+03    0.791095189859232217E+01    0.184510444769859427E+01    0.547836237836862083E+00
    0.618050550737668718E-15   -0.948414689761769569E-01    0.192344404682431636E+00    0.823957183659846351E+02    0.807484030243917772E+01    0.137743023011246812E+01    0.502613838957498560E+00
    0.610625672386643956E-15   -0.706692140137227809E-01    0.567664963255522848E+00    0.878145922370826270E+03    0.796674140828576594E+01    0.188895338153149384E+01    0.515453499301848583E+00
    0.600631792624333287E-15   -0.376651439722553646E-01    0.173375276516692933E+01    0.246336699615150764E+03    0.800646740571600013E+01    0.245496220932626841E+01    0.524980415821038826E+00
    0.598800988355699125E-15   -0.315595723404436257E-01    0.123913600381481720E+00    0.347258802470458136E+03    0.796067632932364244E+01    0.237214348566339561E+01    0.495685930873140723E+00
    0.599510145079843005E-15   -0.339267599167883752E-01    0.970937297349092177E+00    0.643030427966029450E+01    0.799340687273586425E+01    0.141447882823934989E+01    0.506997282485003864E+00
    0.615707812325994244E-15   -0.872460068579404835E-01    0.202320389803742362E+01    0.174006873773791213E+02    0.776172547245382738E+01    0.222601678754073040E+01    0.611728463449598747E+00
    0.611145521434241816E-15   -0.723711663320892457E-01    0.104146298691189423E+00    0.516840129217535260E+01    0.800059802631178663E+01    0.204803972206572249E+01    0.626154901633843686E+00
    0.594688241514081075E-15   -0.177755749043968583E-01    0.440466479947657363E+00    0.309579230686353064E+02    0.800078304648630656E+01    0.925677674614365120E+00    0.470877264451706634E+00
    0.600061742825837926E-15   -0.357660753940637205E-01    0.349963142710753988E-01    0.197961818097138043E+02    0.793087802024913380E+01    0.310284321971352972E+00    0.467760891265735279E+00
    0.604777836494162048E-15   -0.514233225019670864E-01    0.560184538973171053E-01    0.900231411326943487E+01    0.787229986050896713E+01    0.174646791316703709E+01    0.618383786901514076E+00
    0.597969070126355501E-15   -0.287790269635068117E-01    0.186823083151833980E+01    0.405464159704286374E+03    0.808712866889840498E+01    0.235182510398291100E+01    0.468967116215780244E+00
    0.591054222104826577E-15   -0.551648526678742354E-02    0.191205356672892353E-01    0.580808515490009114E+00    0.826799658549695771E+01    0.990433670530994181E+00    0.475986907816443261E+00
    0.610648481402705870E-15   -0.707439196512797686E-01    0.147814597270102127E-01    0.148669093000299135E+02    0.790439949576097955E+01    0.169657962697366793E+01    0.614354897300729785E+00
    0.594665697758329309E-15   -0.176997564116333043E-01    0.128634603858637031E+01    0.429642493410370491E+03    0.806481020124480708E+01    0.917867600735220002E+00    0.489208647971692057E+00
    0.589824740506403659E-15   -0.135185169596459352E-02    0.351384773450354848E+00    0.820952339755833194E+01    0.821011212119010025E+01    0.195068186316910852E+01    0.282405456351008333E+00
    0.592964562317080060E-15   -0.119702405450769628E-01    0.173458261881040687E-01    0.371559812244646182E+01    0.799691334170842527E+01    0.475132732224761101E+00    0.615977570499220195E+00
    0.592635589067939154E-15   -0.108603444062105106E-01    0.525181905534990001E+00    0.177005799967354727E+01    0.823075538149931241E+01    0.149719911290569652E+01    0.392774086701699332E+00
    0.590962220771567927E-15   -0.520514836788599829E-02    0.487400893741736119E+00    0.644405056003070786E+01    0.798581908543136976E+01    0.477314746820746080E-01    0.530518785969312012E+00
    0.609582433101152235E-15   -0.672493398627788119E-01    0.164072373187437504E+00    0.228975233649343380E+03    0.772047620809281376E+01    0.964707886019103289E+00    0.612941510055837191E+00
    0.592080320045412149E-15   -0.898556899745834615E-02    0.148862065427844331E+00    0.182814216444492388E+02    0.810595878740627462E+01    0.897561929377894918E+00    0.360729046826263056E+00
    0.605533977337293173E-15   -0.539223179933705221E-01    0.288182069837434796E+01    0.495378740531636819E+01    0.801396487410867664E+01    0.224211087597391767E+01    0.691593332156245300E+00
    0.593887803782848142E-15   -0.150818041342342529E-01    0.283906565646307207E+01    0.567340468285524313E+01    0.802307676263660063E+01    0.263561176751739623E+00    0.580311461983322729E+00
    0.608991201761770103E-15   -0.653086072919275284E-01    0.164370735266523432E-01    0.569772985797659448E+01    0.808409405320109187E+01    0.177940258213109126E+01    0.519480063813634541E+00
    0.597722747876320056E-15   -0.279549943831397356E-01    0.284457934296373283E+00    0.255583547987557949E+03    0.800979622499667343E+01    0.320829632890678007E+00    0.438562228595910653E+00
    0.593262174876192524E-15   -0.129738010146906776E-01    0.717299848796923989E-01    0.138053400986418296E+03    0.800252875920720896E+01    0.309291077513569934E+00    0.394933344044580359E+00
    0.609604063231379218E-15   -0.673203056429406005E-01    0.128875839608299791E+00    0.273789869437071388E+03    0.803657684412830164E+01    0.223501368509269627E+01    0.511828281104871663E+00
    0.592039007493761524E-15   -0.884601363100729135E-02    0.103194948321869429E+00    0.552162048722577765E+03    0.812968910038729753E+01    0.214249569450166710E+01    0.350792454819606858E+00
    0.594629648550438332E-15   -0.175785108084513808E-01    0.214853362031452513E-01    0.232755507254851768E+01    0.825052113985649882E+01    0.184669232584911436E+01    0.226017314189023072E+00
    0.592216914915872274E-15   -0.944692233691350400E-02    0.245845857562515785E+00    0.107116618471232927E+01    0.831959689785872847E+01    0.159494305464484931E+01    0.367213241420792369E+00
    0.594339444929900352E-15   -0.166021906403223882E-01    0.308689042526538691E-01    0.380565700423934761E+01    0.827096708906852029E+01    0.202826628066223025E+01    0.236082071941013077E+00
    0.594715742055880092E-15   -0.178680600219415474E-01    0.507991867930214849E-01    0.326751799219608419E+01    0.812438312997798562E+01    0.148048700329506433E+01    0.421347070142343183E+00
    0.593130002080040071E-15   -0.125281716544622113E-01    0.218118609652501461E-01    0.562073516158736997E+01    0.824890944675639481E+01    0.221787413439534387E+01    0.212403934534625582E+00
    0.589898604574236915E-15   -0.160229708467254277E-02    0.217583167400360357E-01    0.136012059315645750E+01    0.823873396959952942E+01    0.160304248372146274E+01    0.342618985851440905E+00
    0.597496828852965404E-15   -0.271989189959347226E-01    0.674896927963939963E-01    0.686290772278595451E+01    0.817068220551979785E+01    0.234031211258025973E+01    0.358636887043379704E+00
    0.597035135300397170E-15   -0.256528956515640338E-01    0.121439025106461859E+00    0.142557793085722551E+03    0.823243729361487553E+01    0.204264561707891046E+01    0.293138278625544424E+00
    0.591919012495957623E-15   -0.844061074954756928E-02    0.253645938422355444E+00    0.119886549509615459E+01    0.820448053297975477E+01    0.140154690342475829E+01    0.660965157764656031E+00
    0.591014002722901900E-15   -0.538038692286792793E-02    0.246632964163157088E-01    0.724016398533468873E+03    0.822342792379003740E+01    0.243488110964632920E+01    0.247694907744370751E+00
    0.598655497710001154E-15   -0.310735733980655772E-01    0.725083917583042581E-01    0.329955304307085726E+03    0.807840930726427686E+01    0.161521324950421041E+01    0.434992554374067919E+00
    0.601222300536573145E-15   -0.396304672611380374E-01    0.267861395705629862E-01    0.811818704287643300E+03    0.799516825863922964E+01    0.207836729330920811E+01    0.494350169613047341E+00
    0.593621764276944440E-15   -0.141856782670485172E-01    0.180191950848528556E-01    0.217168870892057626E+02    0.787965858499236838E+01    0.225761955680649562E+01    0.520951872019977058E+00
    0.608037628346323554E-15   -0.621745036881711025E-01    0.366774200594746427E-01    0.452076744655190794E+03    0.792782561000388952E+01    0.236964317193776086E+01    0.531426992742075499E+00
    0.614515813903446501E-15   -0.833702926539940520E-01    0.155681305489016354E-01    0.558628990736993615E+03    0.797930363232090567E+01    0.207922281153489408E+01    0.567052026837117196E+00
    0.614578257826878358E-15   -0.835735120004498372E-01    0.181025510238557036E+00    0.895742218745996688E+01    0.797147211233508024E+01    0.249158909781643612E+01    0.608029428847594033E+00
    0.593459978313687430E-15   -0.136405230062398523E-01    0.225024624364322490E+01    0.923737580641208744E+01    0.788087885759872098E+01    0.229251893414300012E+01    0.625261698044956793E+00
    0.604124882250157744E-15   -0.492628366419546257E-01    0.115637636942933816E+00    0.211472289869043578E+03    0.793693037234080823E+01    0.171900435919850114E+01    0.512058927275857667E+00
    0.591335602408642969E-15   -0.646838895637213106E-02    0.203133151178323847E-01    0.202379370384001248E+03    0.776960046660814641E+01    0.226133503810344116E+01    0.607743011597396188E+00
    0.607874413945529479E-15   -0.616375753707492369E-01    0.699742805928299849E+00    0.890485672227999459E+02    0.809513937552310026E+01    0.197935898982147229E+01    0.485962975570685352E+00
    0.590532264869908001E-15   -0.374951425064171725E-02    0.213168878305450768E-01    0.182721750483423975E+02    0.817641209211579501E+01    0.211543126002984216E+01    0.347069612923765591E+00
    0.598039346735353447E-15   -0.290140641356827836E-01    0.844399648290537763E-01    0.404018437421763167E+03    0.818519800497501038E+01    0.246033166031806605E+01    0.375277078792358720E+00
    0.592735557118665284E-15   -0.111976836481479675E-01    0.200926363252229498E-01    0.511344428536285278E+02    0.823570253509322825E+01    0.176876603888140171E+01    0.276320860175758076E+00
    0.589589577535205145E-15   -0.554293210504190116E-03    0.517797965959595374E+00    0.566200865165978868E+02    0.805526227745028933E+01    0.216068099225314159E+01    0.440313505328254307E+00
    0.611825258015396839E-15   -0.745943973776425490E-01    0.147532835355579702E-01    0.747966822813110184E+03    0.791208834330311994E+01    0.180098601263190217E+01    0.559615807694223921E+00
    0.592063167646345947E-15   -0.892762872498558888E-02    0.585028422599171496E-01    0.219449613945032880E+02    0.782174917241064893E+01    0.223123048360116938E+01    0.557874731110578170E+00
    0.601853582332974533E-15   -0.417293601516740761E-01    0.136386922260829796E+00    0.122065392484054573E+02    0.783080718935107800E+01    0.246726233254751470E+01    0.576213727834666734E+00
    0.594349466837769593E-15   -0.166359148814991427E-01    0.127049574123019818E-01    0.995873664105818968E+01    0.774509536747180150E+01    0.237328106745612510E+01    0.614167537521946083E+00
    0.596239434327106583E-15   -0.229856098098457848E-01    0.946043286567374797E+00    0.293059207701637888E+03    0.787086184973904146E+01    0.190780127720800330E+01    0.532406464790696421E+00
    0.597263310103404441E-15   -0.264171093425236737E-01    0.124528799006099009E-01    0.115565429315128398E+03    0.760474952661484860E+01    0.196212401152711524E+01    0.601835975008722768E+00
    0.595068270599216121E-15   -0.190532450635811056E-01    0.398020952585169785E+00    0.172086029016322080E+02    0.779881644252635287E+01    0.168582122827996650E+01    0.588080919301100180E+00
    0.589871651929800941E-15   -0.151091439621090385E-02    0.355353235629154995E-01    0.358367941376196839E+02    0.778361869439230514E+01    0.207337760172489238E+01    0.545856972055056566E+00
    0.597098445440423966E-15   -0.258649661974464998E-01    0.108346216941173745E+01    0.117959794009737955E+02    0.782136522550922297E+01    0.236107231837233300E+01    0.609232944549060851E+00
    0.590170673595727364E-15   -0.252451082702152222E-02    0.295937772161900536E+00    0.792676238532064303E+02    0.772314999558635851E+01    0.222176326850275974E+01    0.581367918598639566E+00
    0.611156541466330989E-15   -0.724072295359055318E-01    0.221937343291082501E+01    0.784724480663239365E+01    0.793743643855076186E+01    0.189438458853865210E+01    0.672698045985236748E+00
    0.616642030408103411E-15   -0.902783219642457058E-01    0.485394789409396676E+00    0.362129704865369462E+02    0.783351257102130738E+01    0.167267138765185219E+01    0.624327443077057453E+00
    0.612313066985868212E-15   -0.761883642891251905E-01    0.632495151686385171E+01    0.373536544489098858E+02    0.749685270547464722E+01    0.108533340769128595E+01    0.680409210598552194E+00
    0.607769699447675850E-15   -0.612930189435127379E-01    0.276320921064605557E+03    0.253117157291177186E+02    0.754519355137168368E+01    0.163137346429064278E+01    0.713031921306474192E+00
    0.616849690445434956E-15   -0.909517275031924699E-01    0.245024908048279627E+03    0.118698349162704815E+03    0.764351404966744674E+01    0.133053728953763106E+01    0.706326792797960734E+00
    0.612022471920257130E-15   -0.752389674551759008E-01    0.108973521243696414E+01    0.513924220336600044E+02    0.770385451595274517E+01    0.201181539511574048E+01    0.654129473839969666E+00
    0.605970141088094718E-15   -0.553623915780578971E-01    0.115423793763858987E+00    0.698561309391411953E+02    0.779838234234521721E+01    0.156580357262280923E+01    0.606466785939797415E+00
    0.608103999623784277E-15   -0.623928048334419713E-01    0.197903813278926455E+01    0.384232377729099639E+01    0.801446323078940637E+01    0.531350330044537911E+00    0.662658409430655571E+00
    0.593824666180370996E-15   -0.148691681498407651E-01    0.325677226069829365E-01    0.195340266591626421E+01    0.805312613207003025E+01    0.475054969521306547E+00    0.699796588676640186E+00
    0.604592377196937878E-15   -0.508099146419254202E-01    0.179376606484825452E+00    0.903557624809234028E+01    0.778477718794774098E+01    0.774683352404362369E+00    0.697428516112518326E+00
    0.613140459013226570E-15   -0.788890530889805597E-01    0.203683963844490989E+01    0.419839743108744656E+01    0.808490415877031765E+01    0.904010781742776603E+00    0.688542534790331562E+00
    0.598801193553561081E-15   -0.315602577027528780E-01    0.519657544670414029E+00    0.685167478007033104E+01    0.782522549458873140E+01    0.118972383362826539E+01    0.712685681276250538E+00
    0.601595173820095158E-15   -0.408704668567531834E-01    0.232948943126401620E+01    0.573772386239373855E+01    0.801262430146861426E+01    0.112561925249826844E+01    0.652245108722259270E+00
    0.611183758655094232E-15   -0.724962953672367155E-01    0.653266737662936303E+00    0.769747755832464708E+01    0.789021026588978813E+01    0.105295781040190084E+01    0.659411957465470322E+00
    0.604600514977528714E-15   -0.508368343523261240E-01    0.597233000564053906E+01    0.567361045790958585E+01    0.802924250028450537E+01    0.131751312777990215E+01    0.676066915633454668E+00
    0.612709591283265501E-15   -0.774831136019946826E-01    0.143809632675633048E+01    0.149139076294088255E+02    0.776322991042925725E+01    0.856591893730099141E+00    0.631022905022445735E+00
    0.610055437410983979E-15   -0.688006342099781870E-01    0.138735944642912434E+01    0.978223112038421391E+03    0.789938706525760903E+01    0.104876187586846936E+01    0.566941313192193319E+00
    0.616275713712788652E-15   -0.890898673156340914E-01    0.565873837765400733E-01    0.625486719956768322E+01    0.794721503298883647E+01    0.675314794444249578E+00    0.638908854134877968E+00
    0.594257524976976373E-15   -0.163265044149206486E-01    0.111864503035189425E+00    0.455454148763586133E+02    0.772672715042921698E+01    0.325513015946345852E+00    0.585905201400857112E+00
    0.607171554855718898E-15   -0.593237232654958910E-01    0.146333128647705979E+01    0.395138292930114687E+03    0.797316798784065472E+01    0.503678934843050818E+00    0.541519269725186159E+00
    0.609273293592347170E-15   -0.662348161298691313E-01    0.151385340421687942E+01    0.328385474777701518E+03    0.747238497212413399E+01    0.768738620974918963E+00    0.690295442148816218E+00
    0.591247287022550406E-15   -0.616966863146239768E-02    0.584401123551900614E+01    0.375358481919712176E+03    0.766809811052553947E+01    0.136238616709231053E+01    0.651275250422156504E+00
    0.594112265552480698E-15   -0.158375676331948059E-01    0.499732133724292427E+00    0.112028239761067354E+02    0.778364228747952236E+01    0.105787732800827960E+01    0.630675638212438772E+00
    0.595823193866377793E-15   -0.215889030670986040E-01    0.492814178601166497E+00    0.227876668331465908E+03    0.774020657526318967E+01    0.151674581683218390E+01    0.582132726615764762E+00
    0.595993460889323540E-15   -0.221603568167937116E-01    0.796329615264046303E-01    0.499941801928362182E+02    0.757132537407563255E+01    0.135725833833095599E+01    0.640689751108224015E+00
    0.614935897328145901E-15   -0.847370269053870223E-01    0.474962205635607523E-01    0.645674210673995574E+01    0.798541733889824101E+01    0.135802618809325848E+01    0.689704789323426604E+00
    0.614595355082974181E-15   -0.836291502143473586E-01    0.972862692761641695E-01    0.213873075235293840E+03    0.793456862834829213E+01    0.129039413988828122E+01    0.540523436413723801E+00
    0.600237438622674532E-15   -0.363515820770517611E-01    0.169995928766033466E+01    0.112158556452443392E+02    0.796103368055286609E+01    0.159254852474834263E+01    0.588464153722695671E+00
    0.604770848833141116E-15   -0.514002141769630966E-01    0.124611962307969761E-01    0.334469356444623145E+03    0.788715449995064510E+01    0.509998910814733475E+00    0.581923119360297170E+00
    0.607526123148481767E-15   -0.604913168462439185E-01    0.659939707963466404E-01    0.512444313900461736E+02    0.792931891126464450E+01    0.878649159252124390E+00    0.529972163475016744E+00
    0.598588306758777260E-15   -0.308490879556386800E-01    0.357000743574350243E-01    0.163483523811025862E+02    0.780382924541593948E+01    0.672230120266422482E+00    0.565694385006957012E+00
    0.597339152547410653E-15   -0.266710597452934767E-01    0.978432522558235901E-01    0.559747127515634979E+01    0.783666640401957970E+01    0.192574879158095680E+00    0.645096132519963006E+00
    0.595219387669456541E-15   -0.195610788464347027E-01    0.656046788016684146E+00    0.121606631081148784E+02    0.768891386341842775E+01    0.163111244625916640E+00    0.657816651238620098E+00
    0.601035907933757681E-15   -0.390103255876597804E-01    0.139816653434149590E+00    0.564152477339442342E+02    0.790346065681149224E+01    0.637089355145160519E+00    0.503813963736827408E+00
    0.593432973364421669E-15   -0.135495124421354477E-01    0.250945449072222833E-01    0.272977059346619853E+03    0.786457991445715798E+01    0.180337913592171606E+00    0.537171310812428415E+00
    0.596834354834051554E-15   -0.249801907373852876E-01    0.497722512477665260E-01    0.163307272229280727E+03    0.781936073555887123E+01    0.600347157283993904E+00    0.526159726520913029E+00
    0.607123211337693137E-15   -0.591644752167158200E-01    0.104548671146201394E+00    0.761408617837894610E+02    0.762383668392474423E+01    0.103274225765202932E+01    0.635534628113408218E+00
    0.596865071948724547E-15   -0.250831215555336155E-01    0.116298706404802318E-01    0.115910788421916195E+03    0.772320467069231675E+01    0.110530322740042175E+01    0.604267686412698679E+00
    0.601719160320151603E-15   -0.412826168560147880E-01    0.197250507967538513E+00    0.219156887528503610E+02    0.773754950658765139E+01    0.392246572250139536E+00    0.580007710765512274E+00
    0.608145399068671773E-15   -0.625289592930424604E-01    0.506084936398583721E-01    0.192556849349056591E+03    0.788742437700418186E+01    0.161414892907497420E+01    0.575371182331889996E+00
    0.611219264057674917E-15   -0.726124776800594479E-01    0.276742492202466592E-01    0.276766846880310746E+01    0.817185506669486905E+01    0.134487899747000283E+01    0.538206287477877354E+00
    0.598166933679818570E-15   -0.294407027416000652E-01    0.103851484204661504E+01    0.888262293843856909E+01    0.786930124665951958E+01    0.164369812057221054E+01    0.626499065896310436E+00
    0.611628396852641349E-15   -0.739507729504140371E-01    0.170936429158408482E+00    0.669726125260134779E+02    0.761863075003395807E+01    0.865732658695116175E+00    0.655563243699328169E+00
    0.603159860286764694E-15   -0.460655058551130356E-01    0.638478436088397716E+00    0.682116000943095635E+01    0.786172107123167674E+01    0.610335265124802073E+00    0.709693990162223898E+00
    0.603783426646777704E-15   -0.481321030921033274E-01    0.771140342835753501E+01    0.574621901379626276E+01    0.790857395846187394E+01    0.725152137152240917E+00    0.754761629720691718E+00
    0.613034725027096644E-15   -0.785441301520744956E-01    0.177097239828413223E-01    0.569756609243638152E+02    0.736319791516914535E+01    0.221726760626021058E+01    0.666557748969680786E+00
    0.613008730695098385E-15   -0.784593229395195713E-01    0.156337249966095049E-01    0.207740272484208468E+02    0.793301440106754896E+01    0.108052593431099031E+01    0.550861950543547474E+00
    0.598373556262952750E-15   -0.301314360244891617E-01    0.134503042653098780E-01    0.664464988881849816E+01    0.787413455663014172E+01    0.167746666074757433E+01    0.635733954921707700E+00
    0.593192318629034844E-15   -0.127382884093207253E-01    0.713112721793852211E+00    0.223164873776090445E+03    0.768028215839124062E+01    0.555106227512528583E+00    0.605311285429689483E+00
    0.619578380333297773E-15   -0.997793961153396053E-01    0.437892349686509363E+00    0.713727233290633336E+02    0.770936083856337895E+01    0.218336440378766916E+01    0.624784545248730838E+00
    0.619649457510145856E-15   -0.100008820196233028E+00    0.247028279336530460E+00    0.105022386992935211E+02    0.788414711190122652E+01    0.136694571742028481E+01    0.685062386464837636E+00
    0.596591764206809604E-15   -0.241671010060946698E-01    0.120126003298830919E+01    0.366175443720728765E+03    0.763864768547896844E+01    0.113922220357776505E+01    0.593160245201280190E+00
    0.591628181980042394E-15   -0.745769930118753577E-02    0.153638579716963042E+01    0.101403978572638039E+03    0.759435105348944361E+01    0.118637004177731642E+01    0.599788472987295318E+00
    0.614022682602281019E-15   -0.817647057584330317E-01    0.184728522961944819E+01    0.179813476112198884E+02    0.776825539681947852E+01    0.163185351043790128E+01    0.615478536468974435E+00
    0.616170022307438272E-15   -0.887468375090730427E-01    0.308067108606155313E-01    0.367504342649729381E+02    0.760380913105075074E+01    0.133909712593139663E+01    0.649390824889727214E+00
    0.604662339197759443E-15   -0.510413365250614523E-01    0.148803358808745317E+00    0.886140398120446235E+02    0.762397750531197005E+01    0.133514169734679511E+01    0.596347363935165742E+00
    0.598245367929851938E-15   -0.297029342483443488E-01    0.195262539240881522E+00    0.402463590719081026E+02    0.748331520965421149E+01    0.133724794140426795E+01    0.635508370885857210E+00
    0.589820256222623510E-15   -0.133664615943912242E-02    0.103835548055716972E+00    0.588334513961387700E+02    0.728774797569292243E+01    0.183472775240114006E+01    0.643149973342967640E+00
    0.614895396304824584E-15   -0.846052981925842773E-01    0.820933330527315874E-01    0.443195805843560663E+03    0.766756716128011462E+01    0.183591549015328148E+01    0.614293507407017159E+00
    0.600575480477911475E-15   -0.374776254724741853E-01    0.131819861164520944E+02    0.985237661472419063E+03    0.758333695731350055E+01    0.115661050860577519E+01    0.632717521658784920E+00
    0.620692013683753795E-15   -0.103370979547805900E+00    0.159551677327140218E+01    0.179797840241129848E+03    0.797661424937087471E+01    0.188989300084158596E+01    0.558146102866609484E+00
    0.607097734536906264E-15   -0.590805471609623309E-01    0.195015089075452494E+03    0.610306918070454856E+02    0.738603781368410317E+01    0.880624272232794825E+00    0.684014617119945156E+00
    0.612716061258224017E-15   -0.775042327124680769E-01    0.757933699187095389E+01    0.356786844315794838E+03    0.771353897111057840E+01    0.128885540600309789E+01    0.609998265042275278E+00
    0.598399557755292154E-15   -0.302183413602643072E-01    0.296758918311151731E+01    0.431775575044935294E+03    0.734357213398574604E+01    0.100330097224563097E+01    0.654738756359356855E+00
    0.632142470073622122E-15   -0.139930558278199724E+00    0.176229109095798497E+01    0.115021890086194873E+03    0.745805223654738825E+01    0.122821474761638427E+01    0.654854831149176753E+00
    0.625597052966110582E-15   -0.119113923107063258E+00    0.359334321955036842E+02    0.224565541070650255E+03    0.761405611004085614E+01    0.138657421434698724E+01    0.633053554713539413E+00
    0.632772874973317964E-15   -0.141924067027496603E+00    0.199729604822571938E+01    0.121766234667227906E+03    0.733015527208849083E+01    0.723627361628618293E+00    0.653529126809311300E+00
    0.619154800903340041E-15   -0.984116134390610742E-01    0.768366489016835263E+01    0.329749684472145816E+03    0.757515670159393029E+01    0.207254008740822515E+01    0.622970670444393582E+00
    0.640040320074453762E-15   -0.164763315102150310E+00    0.511854553048061405E+02    0.904085616040918239E+03    0.726100109400543747E+01    0.163208454004416104E+01    0.664110645724052318E+00
    0.616058573921664472E-15   -0.883850592272355240E-01    0.375166210917791858E+02    0.474255770517842393E+03    0.780172715253689830E+01    0.170011462487854481E+01    0.642354137102524092E+00
    0.596814152479883426E-15   -0.249124912293494580E-01    0.764496759611077792E+01    0.850205740462101403E+03    0.753017306835488665E+01    0.187652191517380418E+01    0.640484865162191386E+00
    0.591957437567730046E-15   -0.857043872871982894E-02    0.459572285381921063E+03    0.209576965095292053E+03    0.724623486067626743E+01    0.189132192679978539E+01    0.641687898437810378E+00
    0.606063610893753247E-15   -0.556708641950073926E-01    0.381486261928322978E+01    0.369619912818322348E+03    0.760911152288656023E+01    0.195826533548006720E+01    0.619701884154477800E+00
    0.621480656572741903E-15   -0.105910539510177829E+00    0.906149521121204393E+00    0.166544023095905146E+03    0.726195936796580632E+01    0.152501576089111079E+01    0.662233912955236592E+00
    0.614354310689649840E-15   -0.828445960437063089E-01    0.106953170999850355E+01    0.734670385899709402E+02    0.751859343839634597E+01    0.164929834132865438E+01    0.634418631139105793E+00
    0.607142944665860415E-15   -0.592294801682622593E-01    0.301920350510856883E+01    0.628420526258081225E+02    0.762024749051578176E+01    0.136621490275453761E+01    0.624066352068069818E+00
    0.633710796302345606E-15   -0.144886352358943649E+00    0.121000309134230322E+01    0.202587353290396841E+02    0.776785004170031357E+01    0.208831652527403877E+01    0.690484504872672211E+00
    0.627364287080473041E-15   -0.124755710222967858E+00    0.510276031835533647E-01    0.691800515034295472E+03    0.772548069762709400E+01    0.161482130616172115E+01    0.644539881993217545E+00
    0.652109455101052746E-15   -0.202125813648736025E+00    0.295532374048367252E+01    0.502449790317078453E+03    0.756160883453090271E+01    0.923837504929345021E+00    0.694420803482368010E+00
    0.651129909890533429E-15   -0.199119319458122335E+00    0.338018770755343700E+00    0.231082529222821250E+03    0.760100477589229673E+01    0.875147253322191121E+00    0.684740922563454868E+00
    0.643280850478072800E-15   -0.174863786801429916E+00    0.152862562915663203E+01    0.193544625580456824E+02    0.778354377209847570E+01    0.156486800800203651E+01    0.697034627407692287E+00
    0.645238638628425843E-15   -0.180941427608538291E+00    0.172982014580382676E+00    0.739866280303931916E+02    0.761383122021802095E+01    0.998590321476103937E+00    0.679413800062809159E+00
    0.633493147841646971E-15   -0.144199332834285071E+00    0.731634706145215252E-01    0.840551942423583000E+03    0.757413136675152820E+01    0.104667116851866027E+01    0.679301266071779208E+00
    0.652811305580572451E-15   -0.204277210326123893E+00    0.329922650033177778E+00    0.893119040949994087E+03    0.753981680865635706E+01    0.956978285741222789E+00    0.679968482447321221E+00
    0.650039828372764979E-15   -0.195768236995195410E+00    0.684761715147936627E+02    0.194700579043522850E+03    0.740268206976318055E+01    0.122217989717014897E+01    0.709297445347514710E+00
    0.641597947555627796E-15   -0.169624681331314531E+00    0.316331492682412063E-01    0.693680820126632852E+03    0.751350280170774454E+01    0.155255434417223781E+01    0.689235792009598947E+00
    0.642298043013936137E-15   -0.171805840966906154E+00    0.585752069732440983E+01    0.142386428578019462E+03    0.778433692701288926E+01    0.784469705518086924E+00    0.691363294574351639E+00
    0.641523976783585017E-15   -0.169394085093444002E+00    0.150008613142775449E+01    0.484276621295055520E+03    0.728815556370505835E+01    0.280264409486307986E+00    0.736649757111407899E+00
    0.624040953769967357E-15   -0.114132960645732279E+00    0.576343095955062154E-01    0.412670514184506203E+02    0.789332624948263373E+01    0.187339701934095326E+01    0.598313109951335798E+00
    0.603443792508831996E-15   -0.470067668124398569E-01    0.831229493685004400E-01    0.700049308477141494E+03    0.772359480236938545E+01    0.179274185586486601E+01    0.602217145275328547E+00
    0.604463624330525701E-15   -0.503839530099381913E-01    0.109087293908478350E+00    0.479069354634290050E+03    0.778190622003500643E+01    0.196193962703514413E+01    0.583539643588447343E+00
    0.633493062749319988E-15   -0.144199064189454274E+00    0.174828916142057617E+00    0.345999878951702300E+02    0.767075222019795877E+01    0.240529069166104881E+01    0.662506521586597730E+00
    0.617757638898969613E-15   -0.938933870759118827E-01    0.227672737749641307E+00    0.332175489487150912E+03    0.776030196270784156E+01    0.150509437271942170E+01    0.635363753606669412E+00
    0.607865236230468420E-15   -0.616073790533780766E-01    0.379626077815975460E-01    0.468108155374515661E+03    0.748303656319978128E+01    0.957856668959045754E+00    0.635499726406078880E+00
    0.617710793382266857E-15   -0.937417182335215371E-01    0.253108943825060617E+01    0.248422442890313164E+03    0.769912253729331386E+01    0.679947111165514428E+00    0.625907758049024876E+00
    0.601547702278288475E-15   -0.407126417380233516E-01    0.342085358914465398E-01    0.113995088316251582E+03    0.775896426255877092E+01    0.151240034810310031E+01    0.564239774608592426E+00
    0.633294716884319623E-15   -0.143572768704767040E+00    0.750931259561757880E+00    0.335189164728207842E+02    0.774759301459308602E+01    0.871401631338353355E+00    0.674360162508259031E+00
    0.647746256563084504E-15   -0.188699046705145451E+00    0.942746694051355361E+00    0.242692112415582983E+03    0.760145865653189468E+01    0.818560638948704788E+00    0.680064526225248711E+00
    0.618898250141388998E-15   -0.975827288757926126E-01    0.342162840001405355E+01    0.988757341721305210E+02    0.784145969256877429E+01    0.110361131252935474E+01    0.619323374193803233E+00
    0.600958811773687111E-15   -0.387537648593947598E-01    0.350641912428169666E+00    0.579522572316409352E+02    0.750889747845646127E+01    0.107480356906320029E+01    0.606158892480442746E+00
    0.624786898926378459E-15   -0.116522225886768888E+00    0.685999368342458293E+01    0.162856006003080438E+02    0.799158705217160037E+01    0.794785070679758343E+00    0.626072949312029614E+00
    0.635629812095202407E-15   -0.150933640981755018E+00    0.224192665796346580E+01    0.323997256812248580E+02    0.769226273444584496E+01    0.585561980241407265E+00    0.664101090520230142E+00
    0.612308952446452689E-15   -0.761749249116352445E-01    0.822876889581625193E+00    0.547475223170159264E+01    0.798537377935926518E+01    0.208690181930163386E-01    0.646531787044661188E+00
    0.635531760999371666E-15   -0.150625100830483305E+00    0.207085590368415971E-01    0.133577193670340204E+02    0.799726676126462710E+01    0.160922147421555459E-01    0.619883951885550788E+00
    0.628499415495432716E-15   -0.128371162192088883E+00    0.197935101497620058E+01    0.179201772231056708E+03    0.786993171327227969E+01    0.558517357037671691E+00    0.620677262573045452E+00
    0.635994629077399030E-15   -0.152081203046183583E+00    0.100557153244722013E+02    0.131449273831705426E+03    0.788531447965520371E+01    0.579549765694930996E+00    0.649042449076375760E+00
    0.660399942013897652E-15   -0.227392214613869631E+00    0.278742886896042805E-01    0.334968194219683198E+03    0.783740206138232409E+01    0.200577086283533108E-01    0.667234507159158441E+00
    0.623140037135082705E-15   -0.111243510603904083E+00    0.140299897412265433E-01    0.634445575505525827E+01    0.798979068089304434E+01    0.716792907342589936E+00    0.657133834050511623E+00
    0.620370392118079885E-15   -0.102334378740743123E+00    0.117801199025589724E-01    0.912666721553926052E+01    0.790959183313193570E+01    0.182393925947265723E+00    0.662404887100883966E+00
    0.619431272401448452E-15   -0.993044750935750398E-01    0.351246417083724338E+00    0.489093805366105812E+03    0.791505082511095370E+01    0.616935821142002183E+00    0.593740548806562796E+00
    0.624724263382875222E-15   -0.116321713733142415E+00    0.139239317986386696E+00    0.277730289843994569E+03    0.765938574901792801E+01    0.392249505965566181E+00    0.656475198661582438E+00
    0.616095056190913919E-15   -0.885034933846598620E-01    0.609451597307669943E-01    0.633836240561605223E+03    0.792211618254521888E+01    0.118039018100262308E+00    0.594639598602727859E+00
    0.623044167112697598E-15   -0.110935787163806435E+00    0.567288089404307638E+00    0.410917681957379912E+02    0.753152944984983197E+01    0.354545914692789621E+00    0.717231022867204415E+00
    0.614103832166880665E-15   -0.820290093583008473E-01    0.101428836324203381E+00    0.123471821956554564E+03    0.778070559379823390E+01    0.594150759150379848E+00    0.607017136408142255E+00
    0.610401333842362768E-15   -0.699342964544973911E-01    0.951778063512433725E+01    0.805046738781238531E+02    0.761252334709556600E+01    0.309954147847894768E+00    0.661334523025376653E+00
    0.606944880673006590E-15   -0.585769277236614719E-01    0.184339754025801881E+02    0.831533156732714360E+02    0.792984805998922049E+01    0.656424861994047044E-02    0.645519043569586337E+00
    0.620051761383640794E-15   -0.101306887444936711E+00    0.241855551983686112E+01    0.624320624946771659E+03    0.784855163063213546E+01    0.249640485215522623E+00    0.621263761670956427E+00
    0.636031540109909546E-15   -0.152197273087558760E+00    0.907766726073151176E-01    0.426977217361927472E+02    0.758786551416458543E+01    0.327043651915358891E+00    0.719401009361546939E+00
    0.623764845478753982E-15   -0.113247860429442848E+00    0.416666477419882553E+00    0.352454839366786189E+03    0.746783191675582003E+01    0.131687470759922570E+00    0.685089130965752413E+00
    0.621823840529038536E-15   -0.107014642216548092E+00    0.130623997430029544E+02    0.818582197558852442E+02    0.730684619710092775E+01    0.331257761573221565E+00    0.692570259545152833E+00
    0.606061719356384675E-15   -0.556646221429315177E-01    0.423981027186415005E+00    0.411102637013650352E+01    0.800169795043358256E+01    0.342277717815487770E+00    0.657689362438179548E+00
    0.606223536082248307E-15   -0.561985450826039679E-01    0.128493697728961909E+02    0.599236329427472381E+01    0.802907091228167857E+01    0.376450481663242686E+00    0.622248299454400189E+00
    0.599929167003913500E-15   -0.353241526382133270E-01    0.802830292137162260E+01    0.154100850068986745E+03    0.801062420982714585E+01    0.105833314064738682E+01    0.554469324403026986E+00
    0.622388485059082644E-15   -0.108829909778777573E+00    0.238462607416911665E+00    0.636050393820283304E+02    0.781095782675540828E+01    0.437334374478994745E-01    0.608979287960898730E+00
    0.641881640055597132E-15   -0.170508816949400760E+00    0.115436709319778133E-01    0.534886351282300438E+02    0.766206407360878927E+01    0.991624089515165563E+00    0.639552728072759979E+00
    0.618154493132429271E-15   -0.951777963370747104E-01    0.464097224644836048E+00    0.104844778382758392E+03    0.784019436121927260E+01    0.116399433654133633E+01    0.578844395899716035E+00
    0.597606229101080722E-15   -0.275650807180390194E-01    0.157481800712253106E+01    0.287239996802062727E+02    0.751798538812951911E+01    0.384708782379160619E+00    0.606048418518177923E+00
    0.618198249840479197E-15   -0.953193634046911320E-01    0.333836186888260444E+01    0.101004154480756938E+02    0.790043610160763876E+01    0.366988234626766885E+00    0.630334942145431287E+00
    0.608146825840657425E-15   -0.625336514943021643E-01    0.758828980794098162E-01    0.467424301197380530E+02    0.766993341303205423E+01    0.384459792846593928E+00    0.580053740633505899E+00
    0.607837135176101123E-15   -0.615149187439213152E-01    0.859675298468677435E-01    0.397522968825758056E+02    0.760924740258952337E+01    0.905102553498263962E+00    0.616606822529976673E+00
    0.607493070245024217E-15   -0.603825024220425929E-01    0.263557503895461842E+00    0.216457382479789757E+02    0.765931532866316456E+01    0.215578435261929130E+00    0.620434343183677850E+00
    0.613512474240239515E-15   -0.801021598392637479E-01    0.797894644780970719E+00    0.481693897634954510E+03    0.745766336634746363E+01    0.188814299940510077E+00    0.631499687094186468E+00
    0.617394282037483335E-15   -0.927166674650396344E-01    0.127506165853802617E+00    0.107806542374396074E+03    0.740120982849535913E+01    0.563946902567756148E+00    0.655115676956129156E+00
    0.597033471274451362E-15   -0.256473213455384146E-01    0.392851556231310517E+00    0.381687489503938821E+03    0.785031162151811657E+01    0.424261625575620083E+00    0.543741124602828751E+00
    0.627823230881558199E-15   -0.126218260845869651E+00    0.869588968847028809E+01    0.143079706200840864E+02    0.797466963396689721E+01    0.585899527983401391E+00    0.624207218039215417E+00
    0.630338264392625835E-15   -0.134214171928663251E+00    0.282422906727032186E+00    0.640017869592171905E+03    0.764075061455699078E+01    0.136090021072252154E+00    0.601311181578805698E+00
    0.594709281681964144E-15   -0.178463339819223410E-01    0.534832173354256035E-01    0.273966973193783019E+03    0.748640669987683260E+01    0.151497885531261589E+00    0.615551879016262626E+00
    0.607487917273250726E-15   -0.603655376404408292E-01    0.743111370347698474E+00    0.584774899442487595E+02    0.769955912860485103E+01    0.319977349825963098E+00    0.588940714324217462E+00
    0.601830396403431067E-15   -0.416523102616069077E-01    0.364193684996650002E+00    0.353254295517105206E+02    0.759405927468513209E+01    0.105704330027021620E+01    0.593845545835758326E+00
    0.621983813746568362E-15   -0.107529105101090844E+00    0.519742797613992780E+00    0.169724819965978178E+02    0.772987938906651628E+01    0.687225960286101945E+00    0.679110495499977151E+00
    0.598429200426238694E-15   -0.303174120778536768E-01    0.222156377123992582E+00    0.478858211053551543E+03    0.725585175373737989E+01    0.348899714569459229E+00    0.671845464790993718E+00
    0.609905417324137484E-15   -0.683087492875956159E-01    0.284547264035266589E+00    0.275577045889563941E+02    0.749621216970961424E+01    0.206138351600609504E+00    0.671414468575627699E+00
    0.604853599509457101E-15   -0.516738550629934137E-01    0.240650123603900840E+00    0.474499363575135533E+03    0.781577334704875604E+01    0.949934676236332431E+00    0.584292514467327995E+00
    0.598049272840821495E-15   -0.290472593532291809E-01    0.244091210037252815E+00    0.330298072695645644E+02    0.773226708292621456E+01    0.646775506674753364E+00    0.592452388625989812E+00
    0.590303985683408957E-15   -0.297623450341609388E-02    0.670712029177219948E+00    0.587240981716505189E+03    0.796369012139234034E+01    0.896562791755655397E-01    0.512058381441492183E+00
    0.592467884980729634E-15   -0.102943040830842329E-01    0.108336024813664888E+01    0.119804437161295976E+02    0.782394304473093705E+01    0.636985195152580896E+00    0.580852747217653453E+00
    0.643176935827036932E-15   -0.174540683618875564E+00    0.117733183702795272E+00    0.103001854256264558E+02    0.819279703814560634E+01    0.171156411328896446E-01    0.560607907254081272E+00
    0.622346552588485616E-15   -0.108695158303713485E+00    0.368018329131634070E+00    0.994975212414936472E+01    0.803623698735054859E+01    0.324057145977127925E+00    0.555043050146192929E+00
    0.611785669858200199E-15   -0.744649831780184457E-01    0.181312361012184731E+00    0.709557870635675272E+03    0.804804013792126227E+01    0.898606099796774166E-01    0.508822372680398760E+00
    0.628725708029834824E-15   -0.129091136785627836E+00    0.251856214887968208E-01    0.194624837648743295E+03    0.803616836548952662E+01    0.649994860835424598E-01    0.532522855163063302E+00
    0.604411381341524078E-15   -0.502110881934097961E-01    0.222851637159198951E+00    0.215762009192800207E+03    0.796532871755660743E+01    0.498371085954354365E+00    0.518894735060260959E+00
    0.605220359661768822E-15   -0.528862112524834810E-01    0.483670592624897630E-01    0.191762479307358717E+03    0.762461612447701675E+01    0.468591007601793563E+00    0.604305006071057194E+00
    0.608512119592154785E-15   -0.637346249103254298E-01    0.187108631168062950E+00    0.823227336270894966E+03    0.797166228364268203E+01    0.441318045172863271E+00    0.511103018839123679E+00
    0.600350309229144181E-15   -0.367276332469477287E-01    0.196746838978931371E+01    0.800473176121435813E+03    0.784047173663479491E+01    0.988122195094870870E+00    0.539391327627079642E+00
    0.590288715458675095E-15   -0.292449701697448895E-02    0.202184942481779012E+00    0.861249888066489007E+03    0.736027954735242318E+01    0.232688023234852021E+00    0.634681551828541246E+00
    0.596408754250959107E-15   -0.235534886750540136E-01    0.136797757926868813E+01    0.716933368360067448E+03    0.802028661940562415E+01    0.711532286951254145E+00    0.484530524741432433E+00
    0.592706335398736638E-15   -0.110990817002295968E-01    0.272820168073019065E+00    0.288156734480931107E+03    0.771024306985641239E+01    0.388048721388211060E+00    0.556389672426406467E+00
    0.590222568039543571E-15   -0.270036559142576918E-02    0.486714341956431618E+01    0.968611538531603422E+01    0.780922905397327671E+01    0.446841698615847771E+00    0.616088975785157311E+00
    0.598128198768910423E-15   -0.293111865047201818E-01    0.662106379630129371E+01    0.196605503210848696E+02    0.783089864240137068E+01    0.832789978596700786E+00    0.588445159984001487E+00
    0.597686235077741890E-15   -0.278328176248463545E-01    0.614256473156649747E+02    0.311653374754180028E+02    0.783045614460084671E+01    0.405484772282581174E+00    0.646575051339828066E+00
    0.616975641015164801E-15   -0.913600529508174913E-01    0.157760536109558570E-01    0.245681308508184031E+03    0.735214461138110931E+01    0.267082444766827520E+00    0.662755939097960156E+00
    0.620844115723863791E-15   -0.103861024218278516E+00    0.161138514010349093E+00    0.262296454770013099E+03    0.769698799089452113E+01    0.242959104190409697E+00    0.616237335141291087E+00
    0.595844088381327422E-15   -0.216590384656630136E-01    0.137158964017805113E+00    0.390417199570643618E+03    0.763431282583735005E+01    0.743718589818677334E+00    0.588906707377888194E+00
    0.606365916167587086E-15   -0.566682179326752217E-01    0.790488537534536517E+00    0.287397738323526198E+03    0.785856536461433208E+01    0.712396946321866897E+00    0.539340489055895822E+00
    0.590481208280647938E-15   -0.357658958737902500E-02    0.355573439237828914E+01    0.842473040518862604E+01    0.776641795804174251E+01    0.620518908215086151E+00    0.606221566352845964E+00
    0.641944825126400517E-15   -0.170705681782954810E+00    0.120848198715625674E+02    0.108282862787613880E+03    0.757277875923531685E+01    0.316675279475634175E+00    0.643405201936947613E+00
    0.613156314535898694E-15   -0.789407714755996914E-01    0.176543387910701739E+03    0.141722202629927807E+03    0.756880443333220221E+01    0.362847587998977539E+00    0.665263229294635994E+00
    0.595133240178401365E-15   -0.192715932295778394E-01    0.107136029091893246E+02    0.423973529448428962E+03    0.751777740389728866E+01    0.636361969542185713E+00    0.619999053538664024E+00
    0.617408005832700935E-15   -0.927611241212466936E-01    0.144216292529825534E+02    0.257891043521522327E+02    0.757371329924271741E+01    0.443835321418893092E+00    0.666354771226992049E+00
    0.613248558146223532E-15   -0.792416300665327450E-01    0.595185585980064435E+00    0.726209646092201069E+03    0.731363012218997888E+01    0.306770274901144224E+00    0.641460495500294048E+00
    0.643026134352226103E-15   -0.174071701763635900E+00    0.309193579673581764E+01    0.183998581567868399E+03    0.749945545069332198E+01    0.289148874461466754E+00    0.634338762990537930E+00
    0.618600551708177842E-15   -0.966204703636209389E-01    0.296448866988823703E+02    0.851829226922168004E+03    0.735990921367483431E+01    0.390966740779525257E+00    0.663228495527701911E+00
    0.611975104571705356E-15   -0.750841718919108558E-01    0.493567176118153128E+01    0.203029304008961375E+02    0.759271830237616374E+01    0.652968386564690917E+00    0.645203916424685997E+00
    0.620202158783028429E-15   -0.101791941022098167E+00    0.199224464421709193E+02    0.774962603964016921E+03    0.760411844326100983E+01    0.322006245478098085E+00    0.639643604139400912E+00
    0.615117107420252032E-15   -0.853263026284121900E-01    0.116276845813691021E+01    0.268803603376022409E+03    0.727760334806211961E+01    0.185890307236288799E+00    0.635019720112155905E+00
    0.593959041414217536E-15   -0.153216924051312927E-01    0.690156468871223261E+01    0.371745531293622435E+03    0.773130281878092163E+01    0.634199093245299661E+00    0.595292092067579603E+00
    0.614712218001674198E-15   -0.840094062921471901E-01    0.142124323327960489E+00    0.114570950481511016E+02    0.792830511487052902E+01    0.295345406114902564E+00    0.536406663974792752E+00
    0.595045629906661261E-15   -0.189771491788673190E-01    0.201355840586538770E+01    0.176638797826993788E+02    0.779492801477756014E+01    0.104424051399431361E+01    0.590827568694262895E+00
    0.610034872970080719E-15   -0.687332148042720664E-01    0.296230592698033951E-01    0.710142838120345345E+02    0.739414724750612251E+01    0.648819984593900334E+00    0.642351614632549750E+00
    0.612233930411691590E-15   -0.759298635554948448E-01    0.194807355529915434E+02    0.322455420664294579E+02    0.768786931208552105E+01    0.711436396413865912E-01    0.660655952241059885E+00
    0.649405544380597016E-15   -0.193815760790083891E+00    0.204538806619145923E+02    0.263143711637170611E+03    0.785667809342150303E+01    0.209635151941836876E-02    0.639885532490157560E+00
    0.617607570070154027E-15   -0.934074778777486542E-01    0.192562730939376731E+00    0.134344826974397762E+03    0.797626890967074953E+01    0.120485259709252182E+00    0.546164913134462360E+00
    0.591183323180424152E-15   -0.595328775748754299E-02    0.146313446872113073E+01    0.250759466606428049E+03    0.794931333491286463E+01    0.357929703251450682E+00    0.529217487728336766E+00
    0.607524746724445494E-15   -0.604867855987734279E-01    0.102141339331239412E-01    0.116464177327661474E+03    0.755333923693964771E+01    0.738790125577102330E+00    0.582727874744692231E+00
    0.598399658353495418E-15   -0.302186775845094992E-01    0.163089527739740769E+01    0.579868328039510246E+02    0.726877203479702683E+01    0.177479391521308705E+00    0.649752887908554677E+00
    0.631741440215615331E-15   -0.138661359839240383E+00    0.107461940281765278E+01    0.120640840821269073E+02    0.793921201000236820E+01    0.828302972978446794E+00    0.627715398417483583E+00
    0.629096932225209935E-15   -0.130271666358836691E+00    0.220696225724476580E+01    0.276677888064683714E+03    0.778857066784714380E+01    0.633404986581935087E-01    0.651411121859970188E+00
