    0.515972638130187988E+01    0.226081207394599915E+01    0.942228422955865064E+00    0.238023521086044987E+01    0.419625806808471680E+01    0.986871719360351562E+00    0.149156127512454990E+02    0.418403536081314087E+01    0.769582525177803323E+01   -0.999000000000000022+100
    0.778672492504119873E+01    0.138755813241004944E+01    0.966196235373079637E+00    0.141772039057053334E+01    0.442220199108123779E+01    0.597570836544036865E+00    0.146850436151027672E+02    0.458558052778244019E+01    0.778824366656154243E+01   -0.999000000000000022+100
    0.915047693252563477E+01    0.109781756997108459E+01    0.105128182858690185E+02    0.461623009422182151E+00    0.129555364847183228E+02    0.882778763771057129E+00    0.421030706763267482E+01    0.405733883380889893E+00    0.806242322320723481E+01   -0.999000000000000022+100
    0.755819916725158691E+01    0.229058071970939636E+01    0.350192863546523029E+03    0.494214639190551139E+02    0.146187387704849243E+02    0.867062509059906006E+00    0.879965136051177943E+01    0.364405214786529541E+00    0.762986423692803495E+01   -0.999000000000000022+100
    0.202806925773620605E+01    0.775753855705261230E+00    0.452357583027071598E+03    0.509775038678065240E+01    0.128711862564086914E+02    0.140369787812232971E+01    0.773933777809143031E+01    0.180201023817062378E+01    0.769385034625685815E+01   -0.999000000000000022+100
    0.106000503301620483E+02    0.428316146135330200E+00    0.497726185812356892E-01    0.836086525857353102E+01    0.509725582599639893E+01    0.199586167931556702E+01    0.922821645140647817E+01    0.464434027671813965E+00    0.821614379495002645E+01   -0.999000000000000022+100
    0.134186762571334839E+02    0.184168428182601929E+01    0.442005712954178520E+01    0.100024432552704955E-01    0.702406477928161621E+01    0.101109832525253296E+01    0.671675107479095423E+01    0.243326812982559204E+01    0.784015595439596158E+01   -0.999000000000000022+100
    0.929185867309570312E+01    0.229689300060272217E+01    0.723368052025352881E+02    0.113300763321454284E+03    0.380861735343933105E+01    0.610012561082839966E+00    0.942933499813079834E+01    0.460381835699081421E+01    0.784636165536257035E+01   -0.999000000000000022+100
    0.114521384239196777E+02    0.872615426778793335E+00    0.927823569481212303E+03    0.575117950201705185E+03    0.127009345293045044E+02    0.296439230442047119E+00    0.722140136957168544E+01    0.355510264635086060E+01    0.780098945066729943E+01   -0.999000000000000022+100
    0.971679913997650146E+01    0.102091625332832336E+01    0.492976561225280079E+03    0.890689154892319380E+03    0.147007249593734741E+02    0.219703286886215210E+01    0.887406247854232788E+01    0.357876837253570557E+01    0.802282286772956788E+01   -0.999000000000000022+100
    0.538670670986175537E+01    0.246666043996810913E+01    0.158989328207303743E+00    0.532743566430679660E+01    0.652817142009735107E+01    0.207862704992294312E+00    0.881984163522720266E+01    0.133268058300018311E+01    0.798548876157999121E+01   -0.999000000000000022+100
    0.638469433784484863E+01    0.132894560694694519E+01    0.306908635289686202E+02    0.489522911398972212E+03    0.107879852056503296E+02    0.162296086549758911E+01    0.135593705236911770E+02    0.649941861629486084E+00    0.743597425771079656E+01   -0.999000000000000022+100
    0.592515110969543457E+01    0.239376336336135864E+01    0.531303152631315925E+03    0.152258916871428774E-01    0.149931256771087646E+02    0.223003238439559937E+01    0.337793825864791897E+01    0.137088686227798462E+01    0.760523682934455980E+01   -0.999000000000000022+100
    0.978124654293060303E+01    0.205825209617614746E+01    0.317882736837369407E+03    0.535681553034189628E-01    0.657020592689514160E+01    0.209694176912307739E+01    0.628707396984100386E+00    0.344122111797332764E+01    0.789596745890688290E+01   -0.999000000000000022+100
    0.775485420227050781E+01    0.229769691824913025E+01    0.402810194092714369E+03    0.176262760240674082E+00    0.465676593780517578E+01    0.249030634760856628E+01    0.816200227141380275E+01    0.427209764719009399E+01    0.792474320209263272E+01   -0.999000000000000022+100
    0.405441069602966309E+01    0.130899354815483093E+01    0.480032453167280160E+00    0.181751387330196384E+00    0.705754518508911133E+01    0.213641539216041565E+01    0.108428407311439514E+02    0.734376311302185059E+00    0.768124857484576484E+01   -0.999000000000000022+100
    0.707614874839782715E+01    0.930758118629455566E+00    0.166424436773042714E+02    0.245972021702521720E+00    0.792322421073913574E+01    0.162004873156547546E+01    0.379013194441795376E+01    0.294254243373870850E+01    0.822620009928645501E+01   -0.999000000000000022+100
    0.124874449968338013E+02    0.123902454972267151E+01    0.508203486962670866E+03    0.748879702632774397E-01    0.125190579891204834E+01    0.216597348451614380E+01    0.143060438990592953E+02    0.152028173208236694E+01    0.765667522005908108E+01   -0.999000000000000022+100
    0.192351830005645752E+01    0.137301981449127197E+01    0.200182391934961004E+02    0.118790468911106366E+02    0.295956671237945557E+01    0.908896028995513916E+00    0.504646810293197579E+01    0.479970932006835938E+01    0.779489038790356492E+01   -0.999000000000000022+100
    0.647430586814880371E+01    0.156231746077537537E+01    0.519430818487646295E+01    0.119816624214519041E+01    0.122759940624237061E+02    0.135114252567291260E+01    0.257066830396652257E+01    0.466908514499664307E+00    0.761831525330007331E+01   -0.999000000000000022+100
    0.682275259494781494E+01    0.176796317100524902E+01    0.983930148012749214E+03    0.598242857845703568E+02    0.913134348392486572E+01    0.233806952834129333E+01    0.321051723957061785E+01    0.383440643548965454E+01    0.796911831666543957E+01   -0.999000000000000022+100
    0.139781742095947266E+02    0.211291268467903137E+01    0.325715184972418859E+00    0.631249343090467652E+00    0.145481063127517700E+02    0.811233669519424438E+00    0.247675687074661255E+00    0.445333242416381836E+01    0.792545291969414212E+01   -0.999000000000000022+100
    0.170231330394744873E+01    0.554846823215484619E+00    0.119907776207235583E+00    0.185408960769693536E+02    0.113043363094329834E+02    0.432227402925491333E+00    0.495932238698005623E+01    0.444110691547393799E+01    0.753690251795425237E+01   -0.999000000000000022+100
    0.944456577301025391E+01    0.190284967422485352E+01    0.168532088746156905E+01    0.697543706151351889E-01    0.135511076450347900E+01    0.141437187790870667E+01    0.684177820086479205E+01    0.937486588954925537E+00    0.803039967634556540E+01   -0.999000000000000022+100
    0.554992389678955078E+01    0.502802580595016479E+00    0.595847797437724314E+01    0.781928886333775192E-01    0.482832527160644531E+01    0.174620464444160461E+01    0.500151379108428973E+01    0.543683767318725586E-01    0.796624196710402277E+01   -0.999000000000000022+100
    0.128579357862472534E+02    0.593966245651245117E-01    0.474163365361876810E-01    0.160188343854702602E+02    0.116589747667312622E+02    0.970523059368133545E-01    0.538869299292564374E+01    0.237940460443496704E+01    0.782639425345948681E+01   -0.999000000000000022+100
    0.204638743400573730E+01    0.910546034574508667E+00    0.663522788333563085E+01    0.279416384750574176E+00    0.169749593734741211E+01    0.197042480111122131E+01    0.944949685335159373E+01    0.129308342933654785E+01    0.846638006209617089E+01   -0.999000000000000022+100
    0.146323797702789307E+02    0.518143624067306519E+00    0.498001142435136379E+00    0.205264729631478744E-01    0.636630773544311523E+01    0.204873740673065186E+01    0.109446846544742584E+02    0.155627578496932983E+01    0.766273716817857498E+01   -0.999000000000000022+100
    0.613638758659362793E+01    0.240493610501289368E+01    0.151859707404169029E+03    0.356610885100737374E+01    0.620513999462127686E+01    0.185809910297393799E+01    0.873520926833152700E+01    0.420074909925460815E+01    0.810873600291442997E+01   -0.999000000000000022+100
    0.112167550325393677E+02    0.506082177162170410E-01    0.416983143291291682E+02    0.274540324706005652E-01    0.648014211654663086E+01    0.176952093839645386E+01    0.872783885002136195E+01    0.465422391891479492E+01    0.795005773971078611E+01   -0.999000000000000022+100
    0.198508012294769287E+01    0.159655854105949402E+01    0.538469806196626095E+02    0.309674640794790276E-01    0.868096518516540527E+01    0.555273592472076416E+00    0.968931653499603307E+01    0.109396636486053467E+01    0.824263598851853629E+01   -0.999000000000000022+100
    0.130223062038421631E+02    0.187726855278015137E+01    0.959265925038189593E+01    0.311539363655598578E+01    0.100306055545806885E+02    0.220498293638229370E+01    0.111850842714309699E+02    0.406381487846374512E+00    0.805133587575128828E+01   -0.999000000000000022+100
    0.124916665554046631E+02    0.118295595049858093E+01    0.673389195386347866E-01    0.514953802673990477E-01    0.132758092880249023E+01    0.133084699511528015E+01    0.634481626749038696E+01    0.126129448413848877E+01    0.776778908935625889E+01   -0.999000000000000022+100
    0.467991900444030762E+01    0.213305950164794922E+01    0.238465497284645646E-01    0.306704750235435725E-01    0.597028064727783203E+01    0.220840007066726685E+01    0.125239808380603783E+02    0.146497726440429688E+01    0.821002701889775643E+01   -0.999000000000000022+100
    0.923280024528503418E+01    0.793021917343139648E+00    0.606900885499279752E+03    0.455888145399887623E+01    0.519313085079193115E+01    0.218863144516944885E+01    0.100525452077388771E+02    0.431060791015625000E-01    0.799718011308233212E+01   -0.999000000000000022+100
    0.664654862880706787E+01    0.842058807611465454E+00    0.179732654849016420E+02    0.224429899846676264E+02    0.687463963031768799E+01    0.144228935241699219E+00    0.106768993020057685E+02    0.457222700119018555E+01    0.826449845757872303E+01   -0.999000000000000022+100
    0.724303174018859863E+01    0.131714835762977600E+01    0.939526240185608863E+01    0.161257310431884116E+01    0.633005940914154053E+01    0.841508805751800537E-01    0.265318519473075876E+01    0.434124499559402466E+01    0.793127545189533301E+01   -0.999000000000000022+100
    0.136713957786560059E+01    0.237415149807929993E+01    0.155104080620454727E+02    0.257757677449549135E+03    0.110606466531753540E+02    0.748508870601654053E+00    0.101945263385772709E+02    0.204680979251861572E+01    0.797470039262034458E+01   -0.999000000000000022+100
    0.762158095836639404E+01    0.221120566129684448E+01    0.267969659969553332E-01    0.846583894169443546E-01    0.393213653564453125E+01    0.190554097294807434E+01    0.141165026426315321E+01    0.444494545459747314E+01    0.808045816997491073E+01   -0.999000000000000022+100
    0.141245310306549072E+02    0.796122997999191284E+00    0.976839253250331240E+03    0.736836215176709386E-01    0.465995943546295166E+01    0.943471491336822510E-01    0.109928059637546536E+02    0.839675664901733398E+00    0.825582946131410722E+01   -0.999000000000000022+100
    0.324017393589019775E+01    0.101821869611740112E+00    0.547881481176774668E-01    0.818897237179357234E+02    0.678516244888305664E+01    0.174451485276222229E+01    0.241520202159881597E+00    0.959134995937347412E+00    0.801747085001876592E+01   -0.999000000000000022+100
    0.128661344051361084E+02    0.204847007989883423E+01    0.532685953928178843E-01    0.305194415744792195E+03    0.159836149215698242E+01    0.596350431442260742E-01    0.132377185821533216E+01    0.757385492324829102E+00    0.786799790848059999E+01   -0.999000000000000022+100
    0.800760698318481445E+01    0.208796769380569458E+01    0.266019714853835467E+03    0.182709274222080775E+00    0.117743796110153198E+02    0.206480428576469421E+01    0.711745617985725421E+01    0.392853081226348877E+01    0.780250754869906604E+01   -0.999000000000000022+100
    0.363153886795043945E+01    0.133237317204475403E+01    0.294829377826476696E-01    0.674261179572167690E+00    0.480661082267761230E+01    0.220572918653488159E+01    0.142499296069145203E+02    0.305771559476852417E+01    0.803213545102840420E+01   -0.999000000000000022+100
    0.932616519927978516E+01    0.110559493303298950E+01    0.227947928806220432E+03    0.527522133696838580E+01    0.117634297609329224E+02    0.870477855205535889E+00    0.148700811684131615E+02    0.132093966007232666E+01    0.771078698709789823E+01   -0.999000000000000022+100
    0.754770994186401367E+01    0.883124470710754395E+00    0.956169816945725870E+01    0.707985077728268664E+01    0.114915552139282227E+02    0.997563451528549194E+00    0.219107888340950030E+01    0.848775506019592285E+00    0.800607360575282812E+01   -0.999000000000000022+100
    0.137771966457366943E+02    0.217733576893806458E+01    0.126248945782937785E-01    0.222598421307119221E+01    0.468437087535858154E+01    0.123730525374412537E+01    0.137854484915733337E+02    0.310348659753799438E+01    0.806132894045381043E+01   -0.999000000000000022+100
    0.128859754800796509E+02    0.615045726299285889E+00    0.143013321707538173E-01    0.231425322297581643E-01    0.106897187232971191E+01    0.546142458915710449E+00    0.240283164978027353E+01    0.198900252580642700E+01    0.790241402577295116E+01   -0.999000000000000022+100
    0.124793990850448608E+02    0.739848911762237549E+00    0.111139123206529019E-01    0.103636961559082486E+01    0.145031445026397705E+02    0.732854753732681274E+00    0.688966948986053485E+01    0.198164880275726318E+00    0.810620866550285690E+01   -0.999000000000000022+100
    0.587187886238098145E+01    0.181187421083450317E+01    0.597436384986781199E+01    0.130247947813518635E+03    0.905821597576141357E+01    0.123210698366165161E+01    0.432163866162300092E+01    0.462716817855834961E+00    0.819342685049426045E+01   -0.999000000000000022+100
    0.753712809085845947E+01    0.762539505958557129E+00    0.122246709831802463E+02    0.135565270399869653E+01    0.132328317165374756E+02    0.197671145200729370E+01    0.101396127700805661E+02    0.230518877506256104E+00    0.806204107343756604E+01   -0.999000000000000022+100
    0.267203593254089355E+01    0.696321427822113037E+00    0.574190774623292849E-01    0.606242387693188903E+03    0.773688650131225586E+01    0.423569977283477783E+00    0.739913333654403704E+01    0.394924879074096680E+01    0.800291779209658749E+01   -0.999000000000000022+100
    0.135001208782196045E+02    0.134828180074691772E+01    0.115796404087202774E+03    0.273985682374590298E-01    0.125349128246307373E+01    0.229699075222015381E+01    0.125985509276390069E+02    0.600503087043762207E+00    0.764951836987509459E+01   -0.999000000000000022+100
    0.546322631835937500E+01    0.974428653717041016E+00    0.169814653752530065E+01    0.692331402544538316E-01    0.744185471534729004E+01    0.135799244046211243E+01    0.111559036672115326E+02    0.166678339242935181E+01    0.823088796603194517E+01   -0.999000000000000022+100
    0.142498719692230225E+01    0.777741521596908569E+00    0.606417223652075350E+02    0.501551914704935768E+03    0.227904045581817627E+01    0.164396032691001892E+01    0.802649012804031337E+01    0.436350613832473755E+01    0.787116915250690496E+01   -0.999000000000000022+100
    0.637611103057861328E+01    0.247111275792121887E+01    0.801908902365755353E+03    0.301946198617038206E+02    0.793467307090759277E+01    0.127416938543319702E+01    0.661382898688316345E+01    0.295491516590118408E+01    0.810266975529672173E+01   -0.999000000000000022+100
    0.217081952095031738E+01    0.145799979567527771E+01    0.389651994619880815E+00    0.330995523806802749E+01    0.688338315486907959E+01    0.236380204558372498E+01    0.760001919865608233E+01    0.145793050527572632E+01    0.809624453688944534E+01   -0.999000000000000022+100
    0.846689653396606445E+01    0.366930067539215088E+00    0.369852559771455924E+00    0.103254243557991941E+03    0.227721297740936279E+01    0.190222486853599548E+01    0.147780499637126930E+02    0.206350386142730713E+01    0.822931477613159501E+01   -0.999000000000000022+100
    0.132958863973617554E+02    0.562552213668823242E+00    0.171937770758168358E-01    0.163009703181962607E+03    0.135166916847229004E+02    0.407670587301254272E+00    0.738308609127998317E+01    0.406204789876937866E+01    0.817039333004058399E+01   -0.999000000000000022+100
    0.389172005653381348E+01    0.643416345119476318E+00    0.201077897943404194E+00    0.389206032116107478E-01    0.916194581985473633E+01    0.138704165816307068E+01    0.325365092754364049E+01    0.425893753767013550E+01    0.841083487526713292E+01   -0.999000000000000022+100
    0.171058869361877441E+01    0.214602053165435791E+01    0.512830740987036826E+01    0.614101382527790562E+00    0.124259666204452515E+02    0.180824682116508484E+01    0.147610009312629700E+02    0.256630122661590576E+01    0.809010796065465598E+01   -0.999000000000000022+100
    0.138831745386123657E+02    0.224248588085174561E+01    0.451393148798188704E-01    0.250729437893366047E+00    0.368229269981384277E+01    0.153083562850952148E+01    0.848391255140304601E+01    0.968018174171447754E+00    0.855566476274729659E+01   -0.999000000000000022+100
    0.829439342021942139E+01    0.182593122124671936E+01    0.162674063071782427E+01    0.201811654916514954E+00    0.109968008995056152E+02    0.132607370615005493E+01    0.378272866606712377E+01    0.203955471515655518E+00    0.773010498648284461E+01   -0.999000000000000022+100
    0.117445826530456543E+01    0.696351379156112671E+00    0.293475018950260775E+02    0.928959235824438734E+00    0.281624734401702881E+01    0.192295193672180176E+01    0.136455028057098393E+01    0.485891908407211304E+01    0.822449311610289158E+01   -0.999000000000000022+100
    0.817085170745849609E+01    0.580029785633087158E+00    0.232158115722535183E-01    0.574070925216499495E+00    0.768550264835357666E+01    0.994102656841278076E+00    0.104121458530426025E+01    0.375425249338150024E+01    0.783443891655389457E+01   -0.999000000000000022+100
    0.109335494041442871E+01    0.183664724230766296E+01    0.404796161232960230E+03    0.928536941587936326E+03    0.107056877613067627E+02    0.174235343933105469E+01    0.837395298480987593E+00    0.188611268997192383E+01    0.815019115973476183E+01   -0.999000000000000022+100
    0.598244881629943848E+01    0.185538083314895630E+00    0.369079983444459359E+01    0.216914285242918448E+00    0.130031068325042725E+02    0.920094102621078491E+00    0.403027302026748635E+00    0.317387491464614868E+01    0.776693849727422236E+01   -0.999000000000000022+100
    0.103336315155029297E+02    0.143154367804527283E+01    0.337594771894098478E+00    0.720302789503746112E+03    0.238120901584625244E+01    0.124875977635383606E+01    0.929658487439155579E+01    0.118560940027236938E+01    0.797843680460435856E+01   -0.999000000000000022+100
    0.123408820629119873E+02    0.157432377338409424E+01    0.186864094116916535E+01    0.374417305172411261E+03    0.137041125297546387E+02    0.720524042844772339E+00    0.605221891999244654E+01    0.927506089210510254E+00    0.821191774727721935E+01   -0.999000000000000022+100
    0.111008596420288086E+01    0.139940395951271057E+01    0.208745056126696700E-01    0.152453129545895272E+01    0.134719944000244141E+02    0.804806947708129883E+00    0.141275418400764474E+01    0.140158593654632568E+01    0.790242454619967916E+01   -0.999000000000000022+100
    0.175407600402832031E+01    0.194337934255599976E+01    0.869682752007070736E-01    0.657857641455043904E+03    0.747163259983062744E+01    0.444906949996948242E-01    0.130693064332008380E+01    0.366109251976013184E+01    0.784150105977004586E+01   -0.999000000000000022+100
    0.113185263872146606E+02    0.220442324876785278E+01    0.951138123488535991E+00    0.160923114103671061E+02    0.113364298343658447E+02    0.123834863305091858E+01    0.110458340764045708E+02    0.325337767601013184E+01    0.783846965688592157E+01   -0.999000000000000022+100
    0.784438228607177734E+01    0.253205001354217529E+00    0.276991687324626007E-01    0.186638749423032294E+03    0.764656233787536621E+01    0.236431121826171875E+01    0.148370035409927361E+02    0.213771551847457886E+01    0.805621693642765457E+01   -0.999000000000000022+100
    0.638131308555603027E+01    0.512771308422088623E+00    0.261047438828133700E+02    0.888868871879016503E-01    0.338730013370513916E+01    0.881357789039611816E+00    0.311641318798065203E+01    0.403742313385009766E+01    0.770534721091841757E+01   -0.999000000000000022+100
    0.400620949268341064E+01    0.218103587627410889E+01    0.351736985810141700E+01    0.511208162093815233E+01    0.102739489078521729E+02    0.118687301874160767E+01    0.457898073792457527E+01    0.154453963041305542E+01    0.847418857306708162E+01   -0.999000000000000022+100
    0.131882154941558838E+01    0.165162414312362671E+01    0.267925089427297136E+01    0.129808515854797513E+02    0.125971237421035767E+02    0.909639447927474976E+00    0.149109340906143206E+01    0.344979107379913330E+01    0.830264372818819041E+01   -0.999000000000000022+100
    0.116999937295913696E+02    0.168019205331802368E+01    0.609843107323741584E+00    0.738061576490404434E+02    0.301484584808349609E+01    0.191616937518119812E+01    0.116632893383502960E+02    0.207255780696868896E+00    0.815912542716058375E+01   -0.999000000000000022+100
    0.277510738372802734E+01    0.890266150236129761E+00    0.126509795750245763E+00    0.486575569413563946E+00    0.127729121446609497E+02    0.149950265884399414E+01    0.757102864980697632E+01    0.395521283149719238E+01    0.801026518092880657E+01   -0.999000000000000022+100
    0.104247283935546875E+02    0.168636709451675415E+01    0.169063994539886497E+01    0.242204005256809785E+01    0.159472739696502686E+01    0.114113286137580872E+01    0.143346222639083876E+01    0.126140385866165161E+01    0.813342649903187720E+01   -0.999000000000000022+100
    0.128576962947845459E+02    0.139468058943748474E+01    0.227459848266564624E+01    0.784162411326837105E+01    0.869700443744659424E+01    0.148757576942443848E+01    0.118730403065681465E+02    0.272376269102096558E+01    0.827914978524925793E+01   -0.999000000000000022+100
    0.676431751251220703E+01    0.217593804001808167E+01    0.618639895640740040E-01    0.151347319910007071E-01    0.149022532701492310E+02    0.236285075545310974E+01    0.129489942789077772E+01    0.641041994094848633E-01    0.788879473701789280E+01   -0.999000000000000022+100
    0.209162211418151855E+01    0.201617017388343811E+01    0.102867305649393618E-01    0.365659142540746621E-01    0.579392063617706299E+01    0.181134730577468872E+01    0.836617236137390208E+01    0.241826981306076050E+01    0.787855048927913071E+01   -0.999000000000000022+100
    0.453418803215026855E+01    0.971764028072357178E+00    0.436309777784140795E+01    0.347432727787210793E-01    0.997261190414428711E+01    0.140560790896415710E+01    0.729893952012062019E+01    0.229136854410171509E+01    0.807204507185609899E+01   -0.999000000000000022+100
    0.142907623052597046E+02    0.500938147306442261E+00    0.144408437476706536E+00    0.660806248591768281E+03    0.109255634546279907E+02    0.701299011707305908E+00    0.537979502677917498E+01    0.736821293830871582E+00    0.772585668551986338E+01   -0.999000000000000022+100
    0.370445358753204346E+01    0.497022122144699097E+00    0.262040847391311402E+02    0.859748352344279487E-01    0.884535062313079834E+01    0.765630453824996948E+00    0.493548287153244036E+01    0.738598108291625977E+00    0.762275198023149780E+01   -0.999000000000000022+100
    0.167974352836608887E+01    0.768636316061019897E+00    0.324627778089445362E+01    0.504642469145440771E+03    0.511328756809234619E+01    0.232110828161239624E+01    0.170848211646080039E+01    0.239812135696411133E+01    0.795875573861770746E+01   -0.999000000000000022+100
    0.289632511138916016E+01    0.490040779113769531E+00    0.482016756673589612E+03    0.108928330204762624E-01    0.405261909961700439E+01    0.289379060268402100E+00    0.655248906016349775E+01    0.257782697677612305E+01    0.825702344007373945E+01   -0.999000000000000022+100
    0.460010743141174316E+01    0.962512195110321045E+00    0.158463845550652245E+02    0.167765316082841203E+02    0.544849801063537598E+01    0.125811696052551270E+00    0.227719972133636483E+01    0.492869198322296143E+01    0.777720824290684831E+01   -0.999000000000000022+100
    0.105279076099395752E+01    0.508753806352615356E+00    0.122119030985608590E+01    0.117749763862776291E+02    0.308382439613342285E+01    0.244194582104682922E+01    0.271409172415733346E+01    0.264796346426010132E+01    0.820365519938759924E+01   -0.999000000000000022+100
    0.913865005970001221E+01    0.178895488381385803E+01    0.326671480537595454E-01    0.928108979910452376E+02    0.815569698810577393E+01    0.438211411237716675E+00    0.578425239324569684E+01    0.460456579923629761E+01    0.790194232323789070E+01   -0.999000000000000022+100
    0.100491790771484375E+02    0.249871850013732910E+01    0.441153311249240332E+01    0.367680481959423417E+02    0.494689941406250000E+01    0.400721281766891479E+00    0.800568350553512609E+01    0.201390862464904785E+01    0.761681856263639023E+01   -0.999000000000000022+100
    0.122260838747024536E+02    0.115748494863510132E+01    0.522850862290542145E-01    0.191061756326054222E+01    0.391066324710845947E+01    0.990206599235534668E+00    0.532048975825309700E+01    0.178309708833694458E+01    0.788828800707165012E+01   -0.999000000000000022+100
    0.119602909088134766E+02    0.203654512763023376E+01    0.231007934681736984E+02    0.364796931864352580E+00    0.442623329162597656E+01    0.917696803808212280E+00    0.129771190226078037E+02    0.625532269477844238E+00    0.789027214195765669E+01   -0.999000000000000022+100
    0.429212725162506104E+01    0.138499692082405090E+01    0.247729554058768088E+03    0.178159707365630263E-01    0.134303587675094604E+02    0.223177090287208557E+01    0.315654861927032471E+01    0.322098821401596069E+01    0.823078733996702994E+01   -0.999000000000000022+100
    0.275889873504638672E+01    0.186284437775611877E+01    0.218670093458698291E-01    0.423874586919143042E+02    0.636635446548461914E+01    0.243167385458946228E+01    0.102135434210300442E+02    0.265312314033508301E+01    0.787731846387626522E+01   -0.999000000000000022+100
    0.141648824214935303E+02    0.370281338691711426E+00    0.887928440792411067E+02    0.153980014582551054E-01    0.808052837848663330E+01    0.203575670719146729E+01    0.110229128658771511E+02    0.702384412288665771E+00    0.870190071481589733E+01   -0.999000000000000022+100
    0.112425100803375244E+01    0.242776855826377869E+01    0.195438562927725066E+02    0.181791552294561148E+00    0.977500724792480469E+01    0.623588413000106812E+00    0.113604707419872284E+02    0.297046661376953125E+01    0.819823559931402635E+01   -0.999000000000000022+100
    0.123618004322052002E+02    0.125221371650695801E+01    0.652445530664483575E-01    0.105221098817173744E+00    0.854452514648437500E+01    0.224950671195983887E+01    0.583526627421379107E+01    0.315375775098800659E+01    0.830933429301471449E+01   -0.999000000000000022+100
    0.142404115200042725E+02    0.187266945838928223E+01    0.277817056069040391E+00    0.720014775505731848E+02    0.760287559032440186E+01    0.246574893593788147E+01    0.318660479784011852E+00    0.402478277683258057E+00    0.767220197556951611E+01   -0.999000000000000022+100
    0.824034345149993896E+01    0.175494208931922913E+01    0.834755471169676078E+00    0.560403249863526653E+02    0.149608252048492432E+02    0.237639501690864563E+01    0.990692460536956787E+01    0.470580399036407471E+01    0.825333267000176640E+01   -0.999000000000000022+100
    0.232033646106719971E+01    0.216592222452163696E+01    0.122397147479965795E+01    0.143962618004751762E-01    0.129802883863449097E+02    0.164846718311309814E+01    0.779864837527275068E+01    0.291259497404098511E+01    0.815308682597324719E+01   -0.999000000000000022+100
    0.104359753131866455E+02    0.244983315467834473E+01    0.166122982060781972E+02    0.293668456920688259E+01    0.203970253467559814E+01    0.353572964668273926E+00    0.313703153133392343E+01    0.297964096069335938E+01    0.776499936047104100E+01   -0.999000000000000022+100
    0.125892906188964844E+02    0.224108263850212097E+01    0.887877990723630717E+01    0.106789929466143088E+00    0.870566785335540771E+01    0.249621987342834473E+01    0.149513864517211936E+00    0.365066200494766235E+01    0.802244601671481128E+01   -0.999000000000000022+100
    0.778612077236175537E+01    0.832847952842712402E+00    0.694520003340834080E+02    0.157204428825760072E+02    0.533588278293609619E+01    0.308552533388137817E+00    0.807373487353324926E+01    0.620564222335815430E+00    0.790232368809776986E+01   -0.999000000000000022+100
    0.820918452739715576E+01    0.796140581369400024E+00    0.110609362723906699E+03    0.115499628005443622E+01    0.261486256122589111E+01    0.215828388929367065E+01    0.834316322803497279E+01    0.356531143188476562E-01    0.794870356814179324E+01   -0.999000000000000022+100
    0.587593436241149902E+01    0.220327720046043396E+01    0.437737761908663231E+03    0.360727962373418393E+03    0.105432457923889160E+02    0.103019222617149353E+01    0.149299290716648105E+02    0.572121143341064453E-01    0.852537843295437270E+01   -0.999000000000000022+100
    0.749547660350799561E+01    0.205828636884689331E+01    0.315222732850330367E+00    0.198774870978313811E-01    0.109102468490600586E+02    0.191466286778450012E+01    0.203958699107170105E+01    0.374680548906326294E+01    0.815519586134730545E+01   -0.999000000000000022+100
    0.107000911235809326E+01    0.961334556341171265E+00    0.102238766260011005E+01    0.221505025789234603E-01    0.719706773757934570E+01    0.128335863351821899E+01    0.149201829612255104E+02    0.336412310600280762E+01    0.788869753546552399E+01   -0.999000000000000022+100
    0.127961586713790894E+02    0.159374132752418518E+01    0.251876332064851631E+02    0.108968119002802851E+03    0.512873017787933350E+01    0.146348550915718079E+01    0.566257343888282794E+01    0.175127655267715454E+01    0.803956903574498760E+01   -0.999000000000000022+100
    0.905846047401428223E+01    0.186082407832145691E+01    0.710492730879630774E-01    0.616527082644303537E+01    0.137035560607910156E+01    0.144437015056610107E+01    0.854265831112861562E+01    0.428869128227233887E+00    0.783169778992697996E+01   -0.999000000000000022+100
    0.980637645721435547E+01    0.200611397624015808E+01    0.174160941269508474E+01    0.293328886807604938E+01    0.153398001194000244E+01    0.198521196842193604E+01    0.132318802535533901E+02    0.103897601366043091E+01    0.794869372636156690E+01   -0.999000000000000022+100
    0.116254868507385254E+02    0.113930240273475647E+01    0.212186580099202615E+02    0.165822665106351708E+01    0.210994112491607666E+01    0.236521586775779724E+01    0.623701125383377075E+00    0.320309728384017944E+01    0.791041645772371016E+01   -0.999000000000000022+100
    0.594494211673736572E+01    0.428698360919952393E+00    0.388690957519757887E+03    0.184896289555931297E+02    0.373124992847442627E+01    0.207699418067932129E+01    0.127946054756641381E+02    0.396846532821655273E+01    0.831007860017270694E+01   -0.999000000000000022+100
    0.101610791683197021E+02    0.645419359207153320E+00    0.345962100580343934E+01    0.130690176712490280E+01    0.611230576038360596E+01    0.958933830261230469E+00    0.407569990754127520E+01    0.249296009540557861E+01    0.774880060799230996E+01   -0.999000000000000022+100
    0.105105841159820557E+01    0.196541413664817810E+01    0.608614909141035748E-01    0.498696385220167848E+00    0.133349593877792358E+02    0.178840383887290955E+01    0.922842061519622781E+00    0.490816980600357056E+01    0.753611389853502178E+01   -0.999000000000000022+100
    0.379592764377593994E+01    0.156086891889572144E+01    0.382854906645503036E+03    0.144120176344614895E-01    0.901395261287689209E+01    0.190782323479652405E+01    0.960295057892799342E+01    0.102656662464141846E+01    0.796740626687926667E+01   -0.999000000000000022+100
    0.402169215679168701E+01    0.283895283937454224E+00    0.332303868078256173E+02    0.223274243900156193E+03    0.145452082157135010E+02    0.852539837360382080E+00    0.192622685432434104E+00    0.170202493667602539E+01    0.832965546931502843E+01   -0.999000000000000022+100
    0.139297193288803101E+02    0.494543313980102539E+00    0.262554985177244127E+00    0.375041661105550872E+03    0.805027067661285400E+01    0.230026632547378540E+01    0.775051552057266235E+01    0.229771882295608521E+01    0.835919045310437170E+01   -0.999000000000000022+100
    0.401743137836456299E+01    0.199354097247123718E+01    0.921801095471569027E+02    0.794270632022457221E+03    0.148756355047225952E+02    0.188516080379486084E+00    0.382338798046112038E+00    0.282521307468414307E+01    0.801500491589781561E+01   -0.999000000000000022+100
    0.137087279558181763E+02    0.237635344266891479E+01    0.329305366192893061E+02    0.754964496129961127E+01    0.453107798099517822E+01    0.110639944672584534E+01    0.522139364480972290E+01    0.457476049661636353E+01    0.840919398047363309E+01   -0.999000000000000022+100
    0.103228302001953125E+02    0.103020176291465759E+01    0.655213932030659635E+03    0.337299990386823401E+00    0.683129334449768066E+01    0.206489861011505127E+01    0.650143876671791077E+01    0.495106875896453857E+01    0.802123082029891421E+01   -0.999000000000000022+100
    0.106782698631286621E+01    0.229395955801010132E+01    0.323489210751003986E+01    0.401778488409245960E-01    0.110547144412994385E+02    0.895608961582183838E-01    0.623934974670410103E+01    0.313324809074401855E+01    0.819655377718826728E+01   -0.999000000000000022+100
    0.468086445331573486E+01    0.121653512120246887E+01    0.294816753394562436E+01    0.232824869862155452E+03    0.132164978981018066E+02    0.243856057524681091E+01    0.115320037066936489E+02    0.869349539279937744E+00    0.812779963500533320E+01   -0.999000000000000022+100
    0.136404287815093994E+01    0.135266587138175964E+01    0.553753711905268675E+00    0.498005858472952845E+01    0.723889029026031494E+01    0.202341243624687195E+01    0.975103834867477381E+01    0.597908496856689453E+00    0.808192064871268379E+01   -0.999000000000000022+100
    0.148875575065612793E+02    0.631817132234573364E+00    0.161134216536180402E+00    0.364804992655038546E-01    0.134783455133438110E+02    0.892123579978942871E-01    0.102292789399623878E+02    0.347306430339813232E+00    0.814856076084119429E+01   -0.999000000000000022+100
    0.140470985174179077E+02    0.243367806077003479E+01    0.185299700646487651E+02    0.690946274758307322E+01    0.309120523929595947E+01    0.936337262392044067E+00    0.609134723544120771E+01    0.401295810937881470E+01    0.811425172128545213E+01   -0.999000000000000022+100
    0.163229417800903320E+01    0.154333531856536865E+01    0.360704050789902997E+01    0.680325988008076532E+00    0.507130646705627441E+01    0.198262095451354980E+01    0.250625729560852051E+01    0.435181915760040283E+01    0.794742903933575739E+01   -0.999000000000000022+100
    0.482090187072753906E+01    0.247106835246086121E+01    0.782326591914034308E-01    0.708404186898098920E-01    0.124748011827468872E+02    0.253020823001861572E+00    0.114216792285442352E+02    0.486259192228317261E+01    0.814150251812912273E+01   -0.999000000000000022+100
    0.639828693866729736E+01    0.173474654555320740E+01    0.938988048767987316E+01    0.130539829474939012E+03    0.776324141025543213E+01    0.577610880136489868E+00    0.141690335154533393E+02    0.324925959110260010E+01    0.739623930254376116E+01   -0.999000000000000022+100
    0.863416171073913574E+01    0.151778370141983032E+01    0.176414310281731105E+03    0.647593680832529661E+00    0.606167626380920410E+01    0.122574985027313232E+01    0.809271021485328745E+01    0.402161389589309692E+01    0.794262160365146386E+01   -0.999000000000000022+100
    0.116866689920425415E+02    0.418419390916824341E+00    0.977180645119907751E+02    0.240221578126309336E-01    0.111450093984603882E+02    0.514379441738128662E+00    0.126159347772598274E+02    0.148739099502563477E+01    0.787577179688748963E+01   -0.999000000000000022+100
    0.555946183204650879E+01    0.118665784597396851E+01    0.632663779872901983E+02    0.686041489803814557E+03    0.124029537439346313E+02    0.223821103572845459E+00    0.632971308231353724E+01    0.185168683528900146E+00    0.800336679472028223E+01   -0.999000000000000022+100
    0.544328176975250244E+01    0.183123916387557983E+01    0.155184737586723642E-01    0.312058739604022493E-01    0.415940225124359131E+01    0.134625658392906189E+01    0.926029850840568614E+01    0.243995726108551025E+01    0.836117118576780882E+01   -0.999000000000000022+100
    0.132682322263717651E+02    0.178185805678367615E+01    0.157445028386366016E-01    0.577780310874671521E+01    0.845515227317810059E+01    0.197613298892974854E+01    0.627026749253272975E+01    0.398459911346435547E+01    0.772719646697473550E+01   -0.999000000000000022+100
    0.272608506679534912E+01    0.304469168186187744E+00    0.103634003086146894E-01    0.879223177694401781E-01    0.136296474933624268E+01    0.235468268394470215E+01    0.133743835926055912E+02    0.280844122171401978E+01    0.861571756460144300E+01   -0.999000000000000022+100
    0.423423540592193604E+01    0.177749559283256531E+01    0.226719137698155890E+02    0.519592170915442125E+03    0.694391942024230957E+01    0.200526028871536255E+01    0.160037524700164813E+01    0.174960702657699585E+01    0.802637858152344563E+01   -0.999000000000000022+100
    0.964745676517486572E+01    0.215349584817886353E+01    0.853918909307877882E+01    0.905705165254052924E-01    0.122279005050659180E+02    0.552446991205215454E+00    0.904315136671066355E+01    0.294500470161437988E+01    0.786218048323881380E+01   -0.999000000000000022+100
    0.279373514652252197E+01    0.114828020334243774E+01    0.811587213280073705E+01    0.383187922906770496E+03    0.601974105834960938E+01    0.457467287778854370E+00    0.307816143631935146E+01    0.256906330585479736E+01    0.821421471822293192E+01   -0.999000000000000022+100
    0.471004068851470947E+01    0.218877047300338745E+01    0.212243025067936492E-01    0.186540156985447425E+03    0.517526829242706299E+01    0.133930146694183350E+01    0.748791939020156860E+01    0.716853737831115723E+00    0.840599772983879845E+01   -0.999000000000000022+100
    0.145700311660766602E+01    0.590148568153381348E+00    0.747261232983400987E+03    0.252031212908973487E+03    0.122067918777465820E+02    0.192561239004135132E+01    0.768161867260932940E+01    0.129387229681015015E+01    0.759341523212210845E+01   -0.999000000000000022+100
    0.303351783752441406E+01    0.125960648059844971E+01    0.503372602960123494E+01    0.537834622525201667E+02    0.463576245307922363E+01    0.705272257328033447E+00    0.763719278573989868E+01    0.492497712373733521E+01    0.814772613497016351E+01   -0.999000000000000022+100
    0.764654147624969482E+01    0.191810727119445801E+01    0.172908591145691758E-01    0.691950101872659161E+03    0.114237866401672363E+02    0.919614434242248535E+00    0.569438284635543823E+01    0.118620067834854126E+01    0.809808885899184183E+01   -0.999000000000000022+100
    0.947866535186767578E+01    0.206202134490013123E+01    0.284384824027779416E+03    0.204016793878484783E+02    0.121888325214385986E+02    0.174818038940429688E+00    0.136540447413921360E+02    0.487244397401809692E+01    0.768961825622738715E+01   -0.999000000000000022+100
    0.144892272949218750E+02    0.140058219432830811E+01    0.737312170963111968E-01    0.104719964236810445E+00    0.148121293783187866E+02    0.130713939666748047E+01    0.492032639980316144E+01    0.185864567756652832E+01    0.808155298554841472E+01   -0.999000000000000022+100
    0.387044537067413330E+01    0.165156111121177673E+01    0.236058949516123849E-01    0.668627853670999350E+01    0.332098937034606934E+01    0.667783915996551514E+00    0.474837069511413556E+01    0.230708390474319458E+01    0.808683065119872779E+01   -0.999000000000000022+100
    0.174087643623352051E+01    0.229582786560058594E+01    0.874791120300905334E+01    0.581735897577145920E+03    0.794995045661926270E+01    0.520216077566146851E+00    0.222657039165496862E+01    0.308837413787841797E+01    0.799242668679247714E+01   -0.999000000000000022+100
    0.286336040496826172E+01    0.181024044752120972E+01    0.901960707779659310E+00    0.842063927207829521E+00    0.205102121829986572E+01    0.161953672766685486E+01    0.665349194407463074E+01    0.187503904104232788E+01    0.797594074626571636E+01   -0.999000000000000022+100
    0.957232320308685303E+01    0.222770288586616516E+01    0.128284259122699207E+01    0.302683537184324214E+01    0.496824753284454346E+01    0.118082523345947266E+01    0.891487365961074807E+00    0.445581585168838501E+01    0.784269656584264307E+01   -0.999000000000000022+100
    0.594144237041473389E+01    0.135815083980560303E+01    0.501392448496208121E+00    0.757225125110652808E+01    0.135933105945587158E+02    0.123820692300796509E+01    0.123902280390262600E+02    0.438216865062713623E+01    0.784915079623004708E+01   -0.999000000000000022+100
    0.876510012149810791E+01    0.640477091073989868E+00    0.167575031083960502E+01    0.104623068151650594E+00    0.303447830677032471E+01    0.947120636701583862E+00    0.149156829118728638E+02    0.472203671932220459E+01    0.838275025725038248E+01   -0.999000000000000022+100
    0.293133175373077393E+01    0.202444449067115784E+01    0.116766403298406338E+02    0.172662298642300815E+00    0.809919452667236328E+01    0.156650215387344360E+01    0.109078041434288018E+02    0.498064517974853516E+01    0.785458652791389067E+01   -0.999000000000000022+100
    0.107804758548736572E+02    0.143335461616516113E+01    0.590600998103675390E+00    0.182208319030301297E+00    0.231665313243865967E+01    0.163995474576950073E+01    0.114474246263504025E+02    0.389775007963180542E+01    0.815433759764268729E+01   -0.999000000000000022+100
    0.425138866901397705E+01    0.713124424219131470E+00    0.408618020306676613E+03    0.229671502200580697E+02    0.218278491497039795E+01    0.145182013511657715E-01    0.897853698134422373E+01    0.151791989803314209E+01    0.820191426067203544E+01   -0.999000000000000022+100
    0.874869203567504883E+01    0.209867238998413086E+01    0.993603528775578032E-01    0.358541558281412542E+00    0.101954098939895630E+02    0.462903380393981934E+00    0.864179083704948425E+01    0.106996387243270874E+01    0.797694202423347676E+01   -0.999000000000000022+100
    0.135833604335784912E+02    0.314686745405197144E+00    0.168203175608710953E+00    0.494995485171518257E-01    0.275050652027130127E+01    0.863039642572402954E+00    0.962679631114006007E+01    0.399021387100219727E+01    0.836700698035817148E+01   -0.999000000000000022+100
    0.136183345317840576E+02    0.151066482067108154E-01    0.320215830367969634E+01    0.582508065197749147E+03    0.710642230510711670E+01    0.224759727716445923E+00    0.337504479885101327E+01    0.200608074665069580E+00    0.814925440207508878E+01   -0.999000000000000022+100
    0.241507911682128906E+01    0.127402856945991516E+01    0.870980917950254074E+01    0.674750980274939627E-01    0.128858486413955688E+02    0.733506083488464355E+00    0.128656533241271980E+02    0.336089164018630981E+01    0.791000869508275795E+01   -0.999000000000000022+100
    0.619604516029357910E+01    0.118875846266746521E+01    0.293069821209451312E-01    0.469114926327506438E+02    0.578502774238586426E+01    0.120983242988586426E+01    0.890992077589035070E+01    0.485541254281997681E+01    0.805482755982813181E+01   -0.999000000000000022+100
    0.105176110267639160E+02    0.561273545026779175E+00    0.173403706134745927E+00    0.985847816375334673E+01    0.767974483966827393E+01    0.160123005509376526E+01    0.751734777688980049E+01    0.468832194805145264E+01    0.766350074694692918E+01   -0.999000000000000022+100
    0.134626375436782837E+02    0.247795730829238892E+00    0.133810512887796051E+00    0.545718674156391303E-01    0.258020806312561035E+01    0.234015136957168579E+01    0.624859762787818873E+01    0.370941966772079468E+01    0.823005160044535344E+01   -0.999000000000000022+100
    0.134365479946136475E+02    0.105120271444320679E+01    0.738715928775703579E+00    0.316607097641744151E+01    0.115897033214569092E+02    0.118862062692642212E+01    0.136989359974861138E+02    0.232696354389190674E+01    0.849241290312740382E+01   -0.999000000000000022+100
    0.932465064525604248E+01    0.193237662315368652E+00    0.179946895173353418E+02    0.395551536534940323E-01    0.512462878227233887E+01    0.101477295160293579E+01    0.895361298322677635E+00    0.191569149494171143E+01    0.812453400428501027E+01   -0.999000000000000022+100
    0.907807707786560059E+01    0.131827741861343384E+00    0.866259713671507087E-01    0.551959230535152057E+00    0.758488702774047852E+01    0.198268175125122070E+01    0.606324035525321925E+01    0.741322636604309082E+00    0.801965072368586718E+01   -0.999000000000000022+100
    0.108346760272979736E+02    0.235797494649887085E+01    0.875967062179926529E+03    0.280080677804700997E+03    0.949143183231353760E+01    0.172772377729415894E+01    0.854885553717613256E+01    0.127118080854415894E+01    0.757144992033697406E+01   -0.999000000000000022+100
    0.112626172304153442E+02    0.111098438501358032E+00    0.434203585267617098E-01    0.236827606259919428E+02    0.145312818288803101E+02    0.138325914740562439E+01    0.963218002915382421E+01    0.244271457195281982E+00    0.774975351989078831E+01   -0.999000000000000022+100
    0.471742403507232666E+01    0.110085308551788330E+01    0.719427540552421192E+02    0.100391720669642027E+03    0.409373068809509277E+01    0.132051765918731689E+01    0.351432430148124730E+01    0.910075306892395020E+00    0.806864627327536788E+01   -0.999000000000000022+100
    0.658053827285766602E+01    0.462117791175842285E+00    0.101705873490000656E+03    0.332233048006430443E+00    0.299321317672729492E+01    0.896608829498291016E-01    0.183095937967300421E+00    0.298711061477661133E+01    0.794753072617537626E+01   -0.999000000000000022+100
    0.170765054225921631E+01    0.918830335140228271E+00    0.129371010343042570E+01    0.171920970116891958E+01    0.119123392105102539E+02    0.655248314142227173E+00    0.107653087973594666E+02    0.436170011758804321E+01    0.790355587757973232E+01   -0.999000000000000022+100
    0.132725038528442383E+02    0.170517116785049438E+01    0.624095614844345087E-01    0.226434294084446393E+02    0.125562733411788940E+02    0.137982785701751709E+01    0.779978426694869942E+01    0.445609956979751587E+01    0.803842501388199793E+01   -0.999000000000000022+100
    0.116338324546813965E+01    0.995531082153320312E+00    0.134248751775362729E+01    0.526261427026296080E+00    0.108689433336257935E+02    0.437114536762237549E+00    0.148828743815422051E+02    0.231585770845413208E+01    0.800734084505404553E+01   -0.999000000000000022+100
    0.927828526496887207E+01    0.328877717256546021E+00    0.198999983198106563E+02    0.703717579622879612E+03    0.534650635719299316E+01    0.691161304712295532E+00    0.275841192603111285E+01    0.192360728979110718E+01    0.788186862254059584E+01   -0.999000000000000022+100
    0.108423472642898560E+02    0.238319918513298035E+01    0.823848624030044524E-01    0.334003593721377570E+03    0.998335230350494385E+01    0.432806164026260376E+00    0.922993849515914988E+01    0.441288322210311890E+01    0.789995059849711279E+01   -0.999000000000000022+100
    0.130754758119583130E+02    0.158179879188537598E+01    0.487781705373788999E+01    0.503143084997980453E-01    0.131742080450057983E+02    0.246430188417434692E+01    0.455552133321762032E+01    0.127459377050399780E+01    0.775087948516624703E+01   -0.999000000000000022+100
    0.126463388204574585E+02    0.220705866813659668E+00    0.961187629304823404E-01    0.618196425581763395E-01    0.115079891681671143E+02    0.226577520370483398E+01    0.100235599875450134E+02    0.376574963331222534E+01    0.835445234599242248E+01   -0.999000000000000022+100
    0.259191727638244629E+01    0.324789136648178101E+00    0.485417982539429194E+00    0.759125491413852956E+03    0.242714631557464600E+01    0.779542326927185059E+00    0.266742957830429095E+01    0.340436995029449463E+00    0.806711396839509298E+01   -0.999000000000000022+100
    0.693008649349212646E+01    0.172560170292854309E+01    0.341401114882264721E+03    0.354996008309462496E+01    0.119604411125183105E+02    0.465759336948394775E+00    0.358765547871589696E+01    0.136161148548126221E+00    0.817126779421768212E+01   -0.999000000000000022+100
    0.141312568187713623E+02    0.173468500375747681E+01    0.187529639242624557E+01    0.334063649841246388E+03    0.248470938205718994E+01    0.152640119194984436E+01    0.123267557621002197E+02    0.405423641204833984E+01    0.839963442434298457E+01   -0.999000000000000022+100
    0.178722262382507324E+01    0.105734273791313171E+01    0.642058456166231384E+01    0.572394872230634205E-01    0.786484086513519287E+01    0.924243032932281494E+00    0.685801994204521126E+01    0.263624519109725952E+01    0.766961437644902055E+01   -0.999000000000000022+100
    0.145154495239257812E+02    0.801111012697219849E+00    0.313281568150737542E+03    0.772437055338075879E+03    0.148841161727905273E+02    0.166911482810974121E+00    0.282278563380241421E+01    0.449541717767715454E+01    0.839812826161660730E+01   -0.999000000000000022+100
    0.483864009380340576E+01    0.242378979921340942E+01    0.765541555931901069E-01    0.362004453134658122E+00    0.141550682783126831E+02    0.110545605421066284E+00    0.147871122300624851E+02    0.683057010173797607E+00    0.780580735012402194E+01   -0.999000000000000022+100
    0.452936816215515137E+01    0.106426060199737549E+01    0.490410280809424037E+02    0.186722068618212544E+01    0.113250861167907715E+02    0.132645130157470703E+01    0.138700284600257877E+02    0.466413199901580811E+00    0.841410909230580373E+01   -0.999000000000000022+100
    0.583856034278869629E+01    0.193186834454536438E+01    0.283837210013501995E+02    0.139613911202768823E-01    0.538872778415679932E+01    0.102526739239692688E+01    0.139222181975841526E+02    0.206796258687973022E+01    0.802595133528861027E+01   -0.999000000000000022+100
    0.308705461025238037E+01    0.781848877668380737E+00    0.142639958647504650E+01    0.325699539401613336E+00    0.774905383586883545E+01    0.407139509916305542E+00    0.112927968204021454E+02    0.150643289089202881E+00    0.758700574214174583E+01   -0.999000000000000022+100
    0.485670959949493408E+01    0.176625192165374756E+01    0.865080775018640935E+02    0.123431570068269636E+01    0.151697111129760742E+01    0.917536914348602295E+00    0.104463550329208381E+02    0.324693173170089722E+01    0.758784501503843778E+01   -0.999000000000000022+100
    0.135719708204269409E+02    0.815695524215698242E-01    0.275841409556283057E+00    0.340887122330850811E+01    0.874670684337615967E+01    0.597020536661148071E+00    0.709316284060478175E+01    0.345134466886520386E+01    0.782729759043728279E+01   -0.999000000000000022+100
    0.898016345500946045E+01    0.951473265886306763E+00    0.213974236536195718E+03    0.118337903861404897E-01    0.128359467983245850E+02    0.174222886562347412E+00    0.689325833916664088E+01    0.283122122287750244E+01    0.776247597611999129E+01   -0.999000000000000022+100
    0.146074718236923218E+02    0.213018760085105896E+01    0.317584681040940950E+03    0.721782626926987109E-01    0.655446124076843262E+01    0.156750231981277466E+01    0.878882530927658046E+01    0.396475404500961304E+01    0.835847643048826860E+01   -0.999000000000000022+100
    0.814419639110565186E+01    0.199510857462882996E+01    0.424001310068858814E-01    0.622620431596426656E+02    0.758147239685058594E+01    0.129092827439308167E+01    0.395031576156616238E+01    0.345602750778198242E+01    0.783811512692538503E+01   -0.999000000000000022+100
    0.989087188243865967E+01    0.158626377582550049E+01    0.525251080902035739E+02    0.176048242886441017E+03    0.335608530044555664E+01    0.359104275703430176E+00    0.126251977562904365E+02    0.179250776767730713E+01    0.811994422447217268E+01   -0.999000000000000022+100
    0.899022209644317627E+01    0.686372220516204834E+00    0.401179431686282228E+01    0.213080156640633263E+02    0.278631174564361572E+01    0.173846364021301270E+01    0.599995546936988777E+01    0.150956809520721436E+01    0.794000800099649240E+01   -0.999000000000000022+100
    0.121633045673370361E+02    0.408738106489181519E+00    0.122151248334997284E-01    0.128886467049463604E+02    0.123394476175308228E+02    0.714607983827590942E+00    0.364639058113098180E+01    0.219976425170898438E+01    0.816266174140244338E+01   -0.999000000000000022+100
    0.132868499755859375E+02    0.846830755472183228E+00    0.144487557979040143E-01    0.496791077411853355E+01    0.143875710964202881E+02    0.354297459125518799E-01    0.142830853879451745E+02    0.401551485061645508E+01    0.804849500532603912E+01   -0.999000000000000022+100
    0.128433126211166382E+02    0.803476423025131226E+00    0.271545642350450936E-01    0.516730513308182140E+03    0.657984232902526855E+01    0.372876226902008057E-01    0.107158082544803612E+02    0.363109707832336426E+00    0.796630985231866706E+01   -0.999000000000000022+100
    0.132598208189010620E+02    0.185441210865974426E+01    0.111838173069255717E+03    0.170112207676015786E+00    0.638685476779937744E+01    0.416977703571319580E-01    0.158778896331787123E+01    0.208089172840118408E+01    0.796829941592939317E+01   -0.999000000000000022+100
    0.634842514991760254E+01    0.703045725822448730E+00    0.251796629236402765E+03    0.373086496324683097E+02    0.514436972141265869E+01    0.101212456822395325E+01    0.197799572944641122E+01    0.484779208898544312E+01    0.827829849988388844E+01   -0.999000000000000022+100
    0.200318801403045654E+01    0.823147743940353394E+00    0.744643020048477808E+02    0.779665768551685687E+03    0.123949962854385376E+02    0.179322361946105957E+01    0.693983789086341840E+01    0.382506102323532104E+01    0.784409982202791056E+01   -0.999000000000000022+100
    0.593187940120697021E+01    0.125288784503936768E+01    0.723050232173569618E-01    0.594125777386065035E-01    0.991928207874298096E+01    0.207466721534729004E+01    0.697763937115669197E+01    0.426343500614166260E+01    0.770759837888279886E+01   -0.999000000000000022+100
    0.364853024482727051E+01    0.194523736834526062E+01    0.137231193622666950E+03    0.142568424162420482E+01    0.837594318389892578E+01    0.398810207843780518E+00    0.122364252865314480E+02    0.478834748268127441E+01    0.768335754718794739E+01   -0.999000000000000022+100
    0.173032295703887939E+01    0.140026435256004333E+01    0.124131045983071573E+02    0.100098082005704980E+01    0.115677477121353149E+02    0.186559557914733887E+01    0.852503733634948802E+01    0.702448487281799316E+00    0.774199977215591417E+01   -0.999000000000000022+100
    0.817982387542724609E+01    0.596460402011871338E+00    0.357361578431052707E-01    0.100513042415036352E+03    0.100676691532135010E+02    0.300938189029693604E+00    0.122670686066150658E+02    0.518000125885009766E-01    0.799983307536554822E+01   -0.999000000000000022+100
    0.406800746917724609E+01    0.845254510641098022E+00    0.207597670556182376E-01    0.189998138825556073E+01    0.410054075717926025E+01    0.788127630949020386E+00    0.121190430045127862E+02    0.330837070941925049E+00    0.824771333587089828E+01   -0.999000000000000022+100
    0.864294612407684326E+01    0.127692908048629761E+01    0.408566821849220663E+01    0.992745742452801068E+02    0.190476119518280029E+01    0.144453510642051697E+01    0.586549129486083931E+01    0.235254168510437012E+01    0.788944943067140869E+01   -0.999000000000000022+100
    0.107626091241836548E+02    0.765192955732345581E+00    0.870276767824957609E-01    0.259660638557408618E+03    0.108248668909072876E+02    0.249670386314392090E+01    0.130169143080711365E+02    0.433223754167556763E+01    0.836180558764560899E+01   -0.999000000000000022+100
    0.741019177436828613E+01    0.230685546994209290E+01    0.647127679043730364E+00    0.493058164072810996E+02    0.107802572250366211E+02    0.640030205249786377E-01    0.212942456603050267E+01    0.451389461755752563E+01    0.799983236568362166E+01   -0.999000000000000022+100
    0.984259223937988281E+01    0.189639598131179810E+01    0.198691518301743086E+00    0.191374397219864619E+03    0.290766966342926025E+01    0.339670330286026001E+00    0.137881527841091156E+02    0.171268135309219360E+01    0.812147170290393206E+01   -0.999000000000000022+100
    0.750421011447906494E+01    0.122428268194198608E+01    0.118063015510602998E-01    0.710783081655525990E+02    0.130989151000976562E+02    0.763241648674011230E+00    0.443591433763504028E+01    0.171477556228637695E+01    0.776629129093808590E+01   -0.999000000000000022+100
    0.633891057968139648E+01    0.556702315807342529E+00    0.122399096106157110E+00    0.350446050246082379E+02    0.137032814025878906E+02    0.152484416961669922E+01    0.633650612831115678E+00    0.565046966075897217E+00    0.785329679146082782E+01   -0.999000000000000022+100
    0.140872848033905029E+01    0.127089947462081909E+01    0.397637854567054125E-01    0.195668436318795429E+02    0.147155383825302124E+02    0.575152784585952759E+00    0.123598094105720513E+02    0.110097646713256836E+01    0.818002257382851461E+01   -0.999000000000000022+100
    0.104241434335708618E+02    0.113203734159469604E+01    0.106525358712433738E-01    0.361388409190251003E+00    0.149854527711868286E+02    0.635995715856552124E+00    0.125484925508499168E+01    0.229062139987945557E+01    0.831698153481389291E+01   -0.999000000000000022+100
    0.101919301748275757E+02    0.200062036514282227E+01    0.709141534104093391E-01    0.144667966340343881E+02    0.129777574539184570E+02    0.137141346931457520E+00    0.479680639505386353E+01    0.145966768264770508E+01    0.798685399954395780E+01   -0.999000000000000022+100
    0.542307019233703613E+01    0.658842325210571289E+00    0.210028341790751767E+03    0.687826927932197685E+00    0.719837868213653564E+01    0.231774330139160156E+01    0.192039296627044687E+01    0.409325987100601196E+01    0.819500113306786560E+01   -0.999000000000000022+100
    0.695665085315704346E+01    0.238159134984016418E+01    0.417864767282421724E+03    0.255504060653472578E+03    0.704407024383544922E+01    0.150850743055343628E+01    0.138631607115268700E+02    0.153538405895233154E+01    0.776681889894861932E+01   -0.999000000000000022+100
    0.571927356719970703E+01    0.957682877779006958E+00    0.176049692594409578E+03    0.948857348453676536E+03    0.133226226568222046E+02    0.245129957795143127E+01    0.809291447997093272E+01    0.108573377132415771E+01    0.833865266187263110E+01   -0.999000000000000022+100
    0.120374438762664795E+02    0.179023012518882751E+01    0.911146913766406499E+02    0.265127381567062392E+00    0.985412955284118652E+01    0.225278362631797791E+01    0.874318892955779958E+01    0.310249030590057373E+01    0.839013463030232032E+01   -0.999000000000000022+100
    0.566665720939636230E+01    0.226754248142242432E+00    0.129701720020252136E-01    0.113183903653231450E+02    0.773559391498565674E+01    0.185067281126976013E+01    0.233927056193351746E+01    0.105619817972183228E+01    0.823156712611590002E+01   -0.999000000000000022+100
    0.125203938484191895E+02    0.814048349857330322E+00    0.282015073524673198E+03    0.134267675520922721E-01    0.133375395536422729E+02    0.223237425088882446E+01    0.801954333782196116E+01    0.359937101602554321E+01    0.815713892917158745E+01   -0.999000000000000022+100
    0.897733795642852783E+01    0.224305108189582825E+01    0.543137778067707910E+00    0.276650023390509396E+02    0.729460084438323975E+01    0.656797438859939575E+00    0.101541377961635586E+02    0.204859048128128052E+01    0.808392795106530571E+01   -0.999000000000000022+100
    0.925706648826599121E+01    0.474113076925277710E+00    0.755578145749983410E+01    0.189415369694217392E-01    0.135604618787765503E+02    0.276043117046356201E+00    0.516088942885398883E+01    0.394525527954101562E+01    0.820383570556930053E+01   -0.999000000000000022+100
    0.481030750274658203E+01    0.991119444370269775E+00    0.375416825824934108E+03    0.114153887633418757E+00    0.379332578182220459E+01    0.110384628176689148E+01    0.668286882042884844E+01    0.152095049619674683E+01    0.849280329240723297E+01   -0.999000000000000022+100
    0.128862658739089966E+02    0.188924536108970642E+01    0.274158184476931183E+03    0.636118497420453650E+03    0.172362971305847168E+01    0.218308180570602417E+01    0.140210656404495246E+02    0.411050409078598022E+01    0.847875183674307742E+01   -0.999000000000000022+100
    0.739774239063262939E+01    0.153478682041168213E+01    0.252704609024190141E+01    0.416884435375257780E+02    0.108792072534561157E+02    0.229216232895851135E+01    0.906773511767387319E+01    0.147570818662643433E+01    0.787813599299613099E+01   -0.999000000000000022+100
    0.134640903472900391E+02    0.196821987628936768E-01    0.427120410177297904E+00    0.153921276184598096E-01    0.435125410556793213E+01    0.971439480781555176E+00    0.500001022219657898E+01    0.151989698410034180E+01    0.818382271417611307E+01   -0.999000000000000022+100
    0.136017795801162720E+02    0.814019143581390381E+00    0.282050065099321776E-01    0.387781463784374978E+02    0.984607863426208496E+01    0.200002655386924744E+01    0.384406148791313207E+01    0.481221705675125122E+01    0.789192135788631433E+01   -0.999000000000000022+100
    0.354710936546325684E+01    0.173375546932220459E+01    0.116061602669134734E+00    0.348482963599256692E+02    0.126589993238449097E+02    0.204893767833709717E+01    0.734383166432380641E+01    0.330811500549316406E+01    0.777015782985889203E+01   -0.999000000000000022+100
    0.754541933536529541E+01    0.108720391988754272E+01    0.137490673426694399E-01    0.217687486137270216E-01    0.813280510902404785E+01    0.247077867388725281E+01    0.289234323501586932E+01    0.459353566169738770E+01    0.822325061513954836E+01   -0.999000000000000022+100
    0.787180364131927490E+01    0.833321064710617065E+00    0.357759710293142463E+01    0.268604048108317950E+00    0.347735309600830078E+01    0.573000758886337280E+00    0.257090276479721069E+01    0.983117222785949707E+00    0.793090819158598226E+01   -0.999000000000000022+100
    0.119780892133712769E+02    0.115444198250770569E+01    0.106562309980998577E+02    0.129095189100553238E+02    0.108140456676483154E+01    0.700239390134811401E+00    0.135465799748897560E+02    0.340875983238220215E+01    0.840172184440306680E+01   -0.999000000000000022+100
    0.599038875102996826E+01    0.743605196475982666E-01    0.200484751470409728E+00    0.206932772757341837E+03    0.878392565250396729E+01    0.574607849121093750E+00    0.932661095857620204E+01    0.332258343696594238E+00    0.801867091651793551E+01   -0.999000000000000022+100
    0.564937627315521240E+01    0.206559881567955017E+01    0.168538542180772630E+02    0.378966710762708367E-01    0.197848367691040039E+01    0.200384706258773804E+00    0.129605921983718879E+02    0.478238821029663086E+01    0.791012062950126360E+01   -0.999000000000000022+100
    0.882862961292266846E+01    0.105221346020698547E+01    0.116007091029413232E+03    0.745705720764751678E+01    0.100308167934417725E+01    0.310826599597930908E+00    0.128992140829563144E+02    0.255490958690643311E+01    0.815331698176431807E+01   -0.999000000000000022+100
    0.522274017333984375E+01    0.111833080649375916E+01    0.399321296134633670E+02    0.755818869807038163E+00    0.259161102771759033E+01    0.483781397342681885E+00    0.590210448503494245E+01    0.328537881374359131E+01    0.756107526612757219E+01   -0.999000000000000022+100
    0.116352584362030029E+02    0.191636562347412109E+01    0.449704300840990001E+01    0.110450384853656473E+03    0.803705775737762451E+01    0.472113788127899170E+00    0.129225358307361606E+02    0.199994832277297974E+01    0.774588265570962431E+01   -0.999000000000000022+100
    0.742310261726379395E+01    0.168051078915596008E+01    0.398523424560100703E+00    0.516127632019702590E-01    0.724004936218261719E+01    0.118486091494560242E+01    0.301344225406646737E+01    0.460638612508773804E+01    0.794374326078099990E+01   -0.999000000000000022+100
    0.131807502508163452E+02    0.132058009505271912E+01    0.745592536661681180E+02    0.209421036700886170E+02    0.138762418031692505E+02    0.216990113258361816E+01    0.193318617939949045E+01    0.141368925571441650E+01    0.850165330167612332E+01   -0.999000000000000022+100
    0.516996026039123535E+01    0.127895757555961609E+01    0.115265371400760201E-01    0.198316237570290432E+00    0.260468626022338867E+01    0.909547507762908936E+00    0.929760708808898961E+01    0.177607983350753784E+01    0.745589214000907763E+01   -0.999000000000000022+100
    0.120000773668289185E+02    0.146962851285934448E+01    0.997763493594469963E+02    0.206863174985239713E-01    0.350666368007659912E+01    0.152967140078544617E+01    0.992471520900726389E+01    0.289484769105911255E+01    0.781512494641571465E+01   -0.999000000000000022+100
    0.157349526882171631E+01    0.242283716797828674E+01    0.276289441382740253E+00    0.237584940015915826E-01    0.113919893503189087E+02    0.184901788830757141E+01    0.139760083079338067E+02    0.611732006072998047E+00    0.741784058042343464E+01   -0.999000000000000022+100
    0.110829710960388184E+02    0.234394818544387817E+01    0.139984617552453557E+03    0.333649573896872276E+00    0.412963604927062988E+01    0.191052183508872986E+01    0.254957126975059545E+01    0.408700495958328247E+01    0.796616122531211968E+01   -0.999000000000000022+100
    0.134031410217285156E+02    0.224432200193405151E+00    0.887524433261399281E+03    0.214406806300246473E+03    0.146352494955062866E+02    0.544624924659729004E+00    0.555995686054229754E+01    0.411436527967453003E+01    0.803856233066530912E+01   -0.999000000000000022+100
    0.902613997459411621E+01    0.959996879100799561E+00    0.642554406023289837E+00    0.799551743772045711E+02    0.240255713462829590E+01    0.249733656644821167E+01    0.802260810136795066E+00    0.387388795614242554E+01    0.818766422690334572E+01   -0.999000000000000022+100
    0.126889374256134033E+02    0.964131951332092285E+00    0.224569845369026244E+00    0.197118553821045595E+02    0.102229889631271362E+02    0.219849973917007446E+01    0.126834701538085941E+02    0.327434241771697998E+01    0.791383342270249734E+01   -0.999000000000000022+100
    0.966454410552978516E+01    0.202915206551551819E+01    0.211917987937033914E+01    0.101275479979250402E+02    0.940313792228698730E+01    0.173841401934623718E+01    0.150536443591117863E+01    0.334051847457885742E+00    0.808300639215114991E+01   -0.999000000000000022+100
    0.146321636438369751E+02    0.150077059864997864E+01    0.341395117428857331E+01    0.318027701240390304E+01    0.340828609466552734E+01    0.107312530279159546E+01    0.946009377241134608E+01    0.288907259702682495E+01    0.784670271747863080E+01   -0.999000000000000022+100
    0.143701149225234985E+02    0.228522107005119324E+01    0.747620886778866236E+02    0.113499478972604761E+00    0.102564460039138794E+02    0.211089789867401123E+01    0.109612132549285892E+02    0.467597544193267822E+00    0.788538676625876800E+01   -0.999000000000000022+100
    0.991995799541473389E+01    0.245809316635131836E+01    0.235459476921463517E+01    0.370325542124664366E+03    0.124055489301681519E+02    0.180079013109207153E+01    0.930362313985824585E+01    0.100705325603485107E+01    0.780508857405174261E+01   -0.999000000000000022+100
    0.154491400718688965E+01    0.185791030526161194E+01    0.626647822312560834E+03    0.213506435583945858E+00    0.104333126544952393E+01    0.158500060439109802E+01    0.615116227865219134E+01    0.336360931396484375E-01    0.790954885322330625E+01   -0.999000000000000022+100
    0.146332335472106934E+01    0.202828198671340942E+00    0.955494355956306052E+00    0.269636611677579567E-01    0.996387839317321777E+01    0.810104161500930786E+00    0.112150197684764859E+02    0.271448194980621338E+00    0.804922438656640438E+01   -0.999000000000000022+100
    0.138401637077331543E+02    0.177525743842124939E+01    0.178386933108824906E+02    0.124805500299613431E+00    0.803597128391265869E+01    0.230019778013229370E+01    0.142561739027500156E+02    0.385243773460388184E+01    0.841851830400054446E+01   -0.999000000000000022+100
    0.130606957674026489E+02    0.223047107458114624E+01    0.643240427686418870E+00    0.202289421392607949E+01    0.112746243476867676E+02    0.206686541438102722E+01    0.145025459527969369E+01    0.141192793846130371E+01    0.815034947503700202E+01   -0.999000000000000022+100
    0.118616379499435425E+02    0.928658246994018555E+00    0.333004078814252202E+00    0.145393331817228910E+00    0.431412124633789062E+01    0.199341893196105957E+01    0.483336274623870832E+01    0.368937075138092041E+01    0.812388884364271924E+01   -0.999000000000000022+100
    0.707042932510375977E+01    0.188675358891487122E+01    0.171362624056044268E+03    0.792826589509320172E+02    0.146633075475692749E+02    0.159018367528915405E+01    0.113046628475189213E+02    0.238314747810363770E+01    0.802726430515325795E+01   -0.999000000000000022+100
    0.541417562961578369E+01    0.219220936298370361E+01    0.377774465044881197E+03    0.647851391864611781E+01    0.328546786308288574E+01    0.618417263031005859E+00    0.762997956275939959E+01    0.923071205615997314E+00    0.791313701382601131E+01   -0.999000000000000022+100
    0.624176967144012451E+01    0.173451304435729980E+01    0.191243877764532867E-01    0.523702539771111808E+00    0.110135579109191895E+01    0.248034164309501648E+01    0.144338836669921875E+02    0.831339061260223389E+00    0.788031130823184700E+01   -0.999000000000000022+100
    0.115085966587066650E+02    0.491186529397964478E+00    0.657588729913968280E+02    0.607754832440424593E+03    0.368414187431335449E+01    0.161388963460922241E+01    0.847146737575531050E+00    0.435205191373825073E+01    0.778386157854250804E+01   -0.999000000000000022+100
    0.908458840847015381E+01    0.684628188610076904E+00    0.398738106541352844E+01    0.165267996643269112E-01    0.102373934984207153E+02    0.103458449244499207E+01    0.498696833848953247E+01    0.268229097127914429E+01    0.786906241037381804E+01   -0.999000000000000022+100
    0.941059219837188721E+01    0.223842635750770569E+01    0.695424026909022969E-01    0.229922137927313419E+00    0.142535159587860107E+02    0.201779738068580627E+01    0.411488328576087969E+01    0.113708883523941040E+01    0.751162678569907438E+01   -0.999000000000000022+100
    0.674496543407440186E+01    0.127410665154457092E+01    0.389904651661145749E+02    0.150419729837656206E+03    0.130337008237838745E+02    0.191650837659835815E+01    0.219048385024070758E+01    0.412509471178054810E+01    0.817832738136940307E+01   -0.999000000000000022+100
    0.576231443881988525E+01    0.628825426101684570E+00    0.109714615960566590E+03    0.521571396798788989E+01    0.941907036304473877E+01    0.106697231531143188E+00    0.961871540546417236E+01    0.368900388479232788E+01    0.816137330274752237E+01   -0.999000000000000022+100
    0.959038186073303223E+01    0.565750896930694580E-01    0.109857290547981691E-01    0.689908490321682848E+03    0.443723988533020020E+01    0.189597859978675842E+01    0.153856817483901986E+01    0.833519399166107178E+00    0.792400248334014634E+01   -0.999000000000000022+100
    0.383389163017272949E+01    0.209526270627975464E+00    0.577507037644796810E+03    0.156770455515047730E-01    0.122167770862579346E+02    0.162808358669281006E+01    0.257815595269203213E+01    0.286441713571548462E+01    0.794709344532893702E+01   -0.999000000000000022+100
    0.106346589326858521E+02    0.120882242918014526E+00    0.102031363355054356E+02    0.167739461099583681E+00    0.851449859142303467E+01    0.119007006287574768E+01    0.466372767090797424E+01    0.297432601451873779E+01    0.822475098800741122E+01   -0.999000000000000022+100
    0.980012130737304688E+01    0.239991500973701477E+01    0.716122310284508928E-01    0.285734014301714367E+02    0.330134773254394531E+01    0.855896323919296265E+00    0.148879676878452294E+02    0.405779898166656494E+01    0.825259422605983595E+01   -0.999000000000000022+100
    0.630664849281311035E+01    0.510922372341156006E+00    0.553864530699285069E+02    0.568041787968107315E+03    0.932936537265777588E+01    0.129142552614212036E+01    0.502388170957565272E+01    0.457795828580856323E+01    0.823144216545921914E+01   -0.999000000000000022+100
    0.876609480381011963E+01    0.134077012538909912E+01    0.107064605180236498E+03    0.456947654258609717E+02    0.115211603641510010E+02    0.142172664403915405E+01    0.135505613684654236E+02    0.216674834489822388E+01    0.819478338871841494E+01   -0.999000000000000022+100
    0.327106165885925293E+01    0.129945933818817139E+01    0.228343177346287146E+00    0.572266758144910570E+00    0.139327300786972046E+02    0.244864076375961304E+01    0.141956368267536170E+02    0.227345794439315796E+01    0.793424933771328611E+01   -0.999000000000000022+100
    0.910037899017333984E+01    0.212855935096740723E+00    0.790450888135438277E+03    0.499490893238326095E+01    0.227414965629577637E+01    0.180858671665191650E+01    0.618265907168388384E+01    0.169836550951004028E+01    0.802902208759500624E+01   -0.999000000000000022+100
    0.202655971050262451E+01    0.247336685657501221E+01    0.980930645848737959E-01    0.320289407682832348E+02    0.148367345333099365E+01    0.135404616594314575E+01    0.105077508091926575E+01    0.461715281009674072E+01    0.779781354044166264E+01   -0.999000000000000022+100
    0.142729614973068237E+02    0.125508308410644531E+01    0.669699800972298059E-01    0.937898688592005564E-01    0.791227936744689941E+01    0.714964270591735840E+00    0.455813237428665108E+01    0.487931996583938599E+01    0.805786948344301024E+01   -0.999000000000000022+100
    0.834274733066558838E+01    0.359695851802825928E+00    0.102708135534623892E+02    0.464042469422630610E+01    0.207841753959655762E+01    0.172660350799560547E+01    0.145149378418922428E+02    0.395018786191940308E+01    0.817727533559426156E+01   -0.999000000000000022+100
    0.999510490894317627E+01    0.126757025718688965E+01    0.110402811825561376E+02    0.291427577882652315E+03    0.115819703340530396E+02    0.189270824193954468E+00    0.335845580697059631E+01    0.290376901626586914E+01    0.813790487862817535E+01   -0.999000000000000022+100
    0.843888604640960693E+01    0.185220927000045776E+01    0.182372664993987721E+01    0.151824446918840061E+00    0.587153840065002441E+01    0.231216102838516235E+01    0.733656337857246399E+01    0.329967349767684937E+01    0.822242635340573891E+01   -0.999000000000000022+100
    0.121098412275314331E+02    0.148417562246322632E+01    0.558953099927284391E+01    0.455870501491419418E+03    0.858244907855987549E+01    0.167686775326728821E+01    0.628105624318122846E+01    0.322891175746917725E+00    0.793261338766235991E+01   -0.999000000000000022+100
    0.282040214538574219E+01    0.140684619545936584E+01    0.247029982249470891E+03    0.151278249242408180E+00    0.827606856822967529E+01    0.206049799919128418E+01    0.652304735183715767E+01    0.278996586799621582E+01    0.815928330316909545E+01   -0.999000000000000022+100
    0.735902237892150879E+01    0.624238550662994385E+00    0.141504401546241870E-01    0.211403988761942413E+00    0.342315125465393066E+01    0.214508175849914551E+00    0.944540533423423767E+01    0.302955389022827148E+01    0.789169177709606906E+01   -0.999000000000000022+100
    0.483880865573883057E+01    0.136194780468940735E+01    0.165297327288389173E+01    0.604327492232358959E-01    0.118116401433944702E+02    0.151466816663742065E+01    0.651338294744491542E+01    0.233360171318054199E+01    0.788636076182548340E+01   -0.999000000000000022+100
    0.310822582244873047E+01    0.191969722509384155E+00    0.759660675091857456E+03    0.524553732756473394E+02    0.823812043666839600E+01    0.381852537393569946E+00    0.122328142344951623E+02    0.100651979446411133E+00    0.810797715028516564E+01   -0.999000000000000022+100
    0.102449896335601807E+02    0.982391238212585449E+00    0.302045796646699359E-01    0.774410033348022964E+01    0.928671753406524658E+01    0.199898660182952881E+01    0.112173164188861847E+02    0.466999560594558716E+01    0.801617581329225715E+01   -0.999000000000000022+100
    0.143859630823135376E+02    0.177368521690368652E-01    0.263167272105530969E+03    0.338629815491169384E+00    0.527934527397155762E+01    0.223752275109291077E+01    0.104609280169010166E+02    0.309878528118133545E+01    0.815402114546726509E+01   -0.999000000000000022+100
    0.292997324466705322E+01    0.183452665805816650E-01    0.442929846777828857E+03    0.583381972243256719E+00    0.120088934898376465E+02    0.153124481439590454E+00    0.467837347984313912E+01    0.385130107402801514E+01    0.840307915028859398E+01   -0.999000000000000022+100
    0.230753409862518311E+01    0.176892086863517761E+01    0.228526458107399730E-01    0.251449977184898987E+01    0.110191905498504639E+01    0.159784898161888123E+01    0.118686538338661207E+01    0.339107811450958252E+01    0.786595065619558209E+01   -0.999000000000000022+100
    0.620705926418304443E+01    0.245904028415679932E+00    0.112017949140422179E+00    0.157416291695983077E-01    0.731053495407104492E+01    0.169313877820968628E+01    0.124935950696468350E+02    0.295085906982421875E+00    0.825679626629867514E+01   -0.999000000000000022+100
    0.930866897106170654E+01    0.208515793085098267E+01    0.115682749417071562E+03    0.168711257516512871E-01    0.293312668800354004E+01    0.164312273263931274E+01    0.129134167253971093E+02    0.213541686534881592E+01    0.817778215828617761E+01   -0.999000000000000022+100
    0.114945709705352783E+02    0.387448966503143311E+00    0.537946390027428265E+03    0.267611283072948514E+00    0.131970942020416260E+01    0.238129571080207825E+01    0.890718539953231847E+01    0.847101211547851562E+00    0.812690802205413299E+01   -0.999000000000000022+100
    0.181040155887603760E+01    0.860836654901504517E+00    0.182961937915434580E+01    0.788686286946140882E+02    0.432108402252197266E+01    0.506685227155685425E+00    0.114668164908885952E+02    0.104456305503845215E+01    0.790308219404200507E+01   -0.999000000000000022+100
    0.115877623558044434E+02    0.900702178478240967E-01    0.739756464408642816E-01    0.873398447670257649E+00    0.322108054161071777E+01    0.201191976666450500E+01    0.370386545658111599E+01    0.199647128582000732E+01    0.773821299194099943E+01   -0.999000000000000022+100
    0.477786517143249512E+01    0.865076482295989990E+00    0.312969570796928394E+03    0.853386771399463441E+03    0.107986121177673340E+02    0.214502885937690735E+01    0.284344749450683620E+01    0.304316282272338867E+00    0.809776843640968558E+01   -0.999000000000000022+100
    0.103568254709243774E+02    0.387691706418991089E+00    0.187668544266478809E+01    0.347041039507059850E+03    0.726523685455322266E+01    0.146218463778495789E+01    0.493253079652786219E+01    0.243687748908996582E+01    0.804286652965947368E+01   -0.999000000000000022+100
    0.660635328292846680E+01    0.220156818628311157E+01    0.846454817799312975E+00    0.279386052783768335E+01    0.724356329441070557E+01    0.237463921308517456E+01    0.890210452675819397E+01    0.987823605537414551E+00    0.804216151813704094E+01   -0.999000000000000022+100
    0.106001145839691162E+02    0.198362067341804504E+01    0.103853871024245930E+02    0.114494761652072272E+00    0.535289835929870605E+01    0.235831484198570251E+01    0.588940629959106410E+01    0.876878499984741211E+00    0.840649172212918216E+01   -0.999000000000000022+100
    0.434677302837371826E+01    0.101385012269020081E+01    0.483178765707553692E-01    0.511932030355964773E+01    0.614303827285766602E+01    0.173828646540641785E+01    0.474321078062057477E+01    0.213983982801437378E+01    0.778849652050484131E+01   -0.999000000000000022+100
    0.892157816886901855E+01    0.222730547189712524E+01    0.484107187058679429E+02    0.267990256123738675E-01    0.123766363859176636E+02    0.198356434702873230E+01    0.621080315113067605E+00    0.435266792774200439E+00    0.818047479543636413E+01   -0.999000000000000022+100
    0.420363056659698486E+01    0.139472097158432007E+01    0.405403567480808249E+03    0.656325443592184797E+03    0.145431412458419800E+02    0.703586637973785400E+00    0.617508882880210841E+01    0.250937193632125854E+01    0.792942583310924487E+01   -0.999000000000000022+100
    0.401292943954467773E+01    0.201263308525085449E+01    0.405198365249926837E+02    0.181364412930505148E+00    0.273362946510314941E+01    0.936350375413894653E+00    0.131249003946781162E+02    0.760084688663482666E+00    0.785602118854029463E+01   -0.999000000000000022+100
    0.274603044986724854E+01    0.236963033676147461E+00    0.633864384383067545E+03    0.446703921346685888E+02    0.109184696674346924E+02    0.243056163191795349E+01    0.883329915404319799E+01    0.405034422874450684E+00    0.850174003091238006E+01   -0.999000000000000022+100
    0.370701122283935547E+01    0.623767524957656860E+00    0.820072886263748940E-01    0.652463798046051258E+00    0.558167529106140137E+01    0.137941554188728333E+01    0.102946926236152656E+02    0.109261035919189453E+01    0.805741728244142585E+01   -0.999000000000000022+100
    0.300202763080596924E+01    0.202429190278053284E+01    0.408735021362633688E+02    0.310283303180630554E+02    0.796551156044006348E+01    0.560525655746459961E+00    0.907447142601013113E+01    0.295517235994338989E+01    0.779575551099795128E+01   -0.999000000000000022+100
    0.106053516864776611E+02    0.893345773220062256E+00    0.241361512302535691E+00    0.904310190340217090E+00    0.135404480695724487E+02    0.245999246835708618E+00    0.462241460680961591E+01    0.402949154376983643E+01    0.829784699139374737E+01   -0.999000000000000022+100
    0.131727110147476196E+02    0.200163081288337708E+01    0.460063875816486156E+01    0.364128856586214456E+01    0.398286449909210205E+01    0.233930900692939758E+01    0.392807040214538583E+01    0.244692146778106689E+01    0.799531683494719836E+01   -0.999000000000000022+100
    0.482918393611907959E+01    0.217278793454170227E+01    0.194026979130727042E-01    0.266843187777235642E+03    0.727283132076263428E+01    0.347021520137786865E+00    0.624271923303604126E+01    0.160270839929580688E+01    0.847748206787465719E+01   -0.999000000000000022+100
    0.466709244251251221E+01    0.131863951683044434E+01    0.603807594326241315E+00    0.215560878027036724E-01    0.147123131752014160E+02    0.151643276214599609E+01    0.540925893783569300E+01    0.216175585985183716E+01    0.772523826336382768E+01   -0.999000000000000022+100
    0.392122173309326172E+01    0.141357466578483582E+01    0.166969282325448987E+02    0.131215262773248936E+00    0.121126408576965332E+02    0.722462534904479980E+00    0.799391250610351545E+01    0.210953712463378906E+01    0.798201472083028918E+01   -0.999000000000000022+100
    0.121151092052459717E+02    0.224498555064201355E+01    0.620573994031996312E+00    0.235523308844515311E+01    0.141560729742050171E+02    0.111222758889198303E+01    0.119888133347034458E+02    0.612733960151672363E+00    0.814525049342241658E+01   -0.999000000000000022+100
    0.109627338647842407E+02    0.161723777651786804E+01    0.120673704905453216E+01    0.367995955646600351E+03    0.922377717494964600E+01    0.121602237224578857E+01    0.814033240675926173E+01    0.278341561555862427E+01    0.818805169864017302E+01   -0.999000000000000022+100
    0.710701811313629150E+01    0.127472192049026489E+01    0.113657931809629742E+00    0.694300613118846166E-01    0.167384719848632812E+01    0.196762382984161377E+00    0.892784193158149719E+01    0.267157375812530518E+01    0.829565422784392226E+01   -0.999000000000000022+100
    0.974015665054321289E+01    0.699929594993591309E+00    0.125080550521226880E+00    0.311265368143443837E+02    0.132730612754821777E+02    0.194585695862770081E+01    0.121478452742099758E+02    0.188245177268981934E+01    0.795482924192252661E+01   -0.999000000000000022+100
    0.108273936510086060E+02    0.218254551291465759E+01    0.875294198348806987E+02    0.380855507768534177E-01    0.632261013984680176E+01    0.193475186824798584E+01    0.919188656806945836E+01    0.341665983200073242E+01    0.755289023055587716E+01   -0.999000000000000022+100
    0.137233569622039795E+02    0.166715934872627258E+01    0.130745558551196902E-01    0.581980579415711796E-01    0.145835635662078857E+02    0.494638532400131226E+00    0.915689684152603078E+01    0.234765857458114624E+01    0.831446001675040591E+01   -0.999000000000000022+100
    0.539619874954223633E+01    0.128868222236633301E-01    0.474775218018730584E+03    0.252396366719646673E-01    0.121989587545394897E+02    0.102833673357963562E+01    0.311190692186355600E+01    0.494464963674545288E+01    0.796027236666977700E+01   -0.999000000000000022+100
    0.304156708717346191E+01    0.100931361317634583E+01    0.197410135351303992E+02    0.109309258933829753E+03    0.124147498607635498E+01    0.163532614707946777E+01    0.126138832449913032E+02    0.453007817268371582E+01    0.756923309692738755E+01   -0.999000000000000022+100
    0.603170645236968994E+01    0.948212295770645142E+00    0.105453509353717681E-01    0.377143644476015838E+00    0.146059113740921021E+02    0.245710477232933044E+01    0.335570178031921396E+01    0.103345304727554321E+01    0.804538152549271501E+01   -0.999000000000000022+100
    0.111819695234298706E+02    0.191945135593414307E+00    0.123236081085900021E+00    0.286789443901242578E+03    0.430137896537780762E+01    0.854568183422088623E+00    0.134183067083358787E+01    0.460610806941986084E+01    0.821407402379040619E+01   -0.999000000000000022+100
    0.372012567520141602E+01    0.127522081136703491E+01    0.422064231846937048E+03    0.268308962536597181E-01    0.149437136650085449E+02    0.224096879363059998E+01    0.104269125461578369E+02    0.107013523578643799E+01    0.801189210111856909E+01   -0.999000000000000022+100
    0.501953709125518799E+01    0.162418529391288757E+01    0.469558030031185410E+03    0.354874664184406754E+02    0.734349048137664795E+01    0.243892222642898560E+00    0.125214497268199914E+02    0.131126761436462402E+01    0.752390723871630485E+01   -0.999000000000000022+100
    0.142076295614242554E+02    0.599830448627471924E+00    0.626743982311642633E+00    0.248273361426808048E+01    0.100339710712432861E+01    0.270517915487289429E+00    0.943534305691719055E+01    0.197725296020507812E+01    0.819643281059800444E+01   -0.999000000000000022+100
    0.475321424007415771E+01    0.843023955821990967E+00    0.685886338914884597E+01    0.365341560541789845E+00    0.722528350353240967E+01    0.239969283342361450E+01    0.565923858880996722E+01    0.128160059452056885E+01    0.841928112613457635E+01   -0.999000000000000022+100
    0.363604331016540527E+01    0.533644407987594604E+00    0.545154691546939716E+03    0.348895528180027936E+01    0.763689255714416504E+01    0.483161211013793945E+00    0.140043123483657830E+02    0.150246381759643555E+01    0.809170518150871132E+01   -0.999000000000000022+100
    0.434729039669036865E+01    0.699888020753860474E+00    0.600981750365718437E+00    0.222900923549692775E+01    0.566968965530395508E+01    0.241858810186386108E+00    0.148737357378005974E+02    0.115939378738403320E+00    0.770372310083327960E+01   -0.999000000000000022+100
    0.123550437688827515E+02    0.218936786055564880E+01    0.160858040249106556E-01    0.108139367885925555E+00    0.525743305683135986E+01    0.583712458610534668E+00    0.951474890112876892E+01    0.218605875968933105E+01    0.790673004610149111E+01   -0.999000000000000022+100
    0.149388403892517090E+02    0.116215020418167114E+01    0.423586895002924929E-01    0.792541011291717865E+02    0.301078200340270996E+01    0.172432065010070801E+01    0.544691299200057966E+01    0.249437034130096436E+01    0.798693464047934043E+01   -0.999000000000000022+100
    0.981309473514556885E+01    0.672181695699691772E+00    0.119429349105218977E+00    0.696839266742210039E+01    0.128057800531387329E+02    0.575743615627288818E-01    0.393782973289489746E+00    0.376028239727020264E+01    0.774339818604920183E+01   -0.999000000000000022+100
    0.268084371089935303E+01    0.576390326023101807E-01    0.729827685594393816E+00    0.531409624420853788E+03    0.947446465492248535E+01    0.238734841346740723E+01    0.134292482137680058E+01    0.315119475126266479E+01    0.784711820846976948E+01   -0.999000000000000022+100
    0.108352760076522827E+02    0.183703064918518066E+01    0.107106359135103268E+02    0.706588123889492863E+02    0.327127861976623535E+01    0.134752944111824036E+01    0.363159290552139291E+01    0.307117819786071777E+01    0.814999055543445827E+01   -0.999000000000000022+100
    0.141955423355102539E+02    0.489000976085662842E+00    0.120205699565543115E-01    0.329234642927792933E+02    0.124297033548355103E+02    0.203325003385543823E+01    0.641953023076057416E+01    0.456830859184265137E-01    0.829548450107556334E+01   -0.999000000000000022+100
    0.476708054542541504E+01    0.565860718488693237E+00    0.169646373397416089E+00    0.561730173037024438E+00    0.123385497331619263E+02    0.736088305711746216E+00    0.828211992979049683E+01    0.867223739624023438E-01    0.794985874234401280E+01   -0.999000000000000022+100
    0.693315064907073975E+01    0.848411768674850464E+00    0.685756257634634835E+03    0.103458821626218467E+01    0.126296762228012085E+02    0.103913933038711548E+01    0.124421344697475433E+02    0.368185549974441528E+01    0.793054563478519636E+01   -0.999000000000000022+100
    0.137817194461822510E+02    0.180525422096252441E+01    0.466017658880254885E+03    0.108542397606437566E+00    0.107910835742950439E+02    0.231828689575195312E+01    0.129685940623283393E+02    0.150941848754882812E+01    0.844634742713558495E+01   -0.999000000000000022+100
    0.751650011539459229E+01    0.925065577030181885E+00    0.942880788873523557E+02    0.627305496786650374E+00    0.145888574123382568E+02    0.230483785271644592E+01    0.506329066753387469E+01    0.214020818471908569E+01    0.832849413563592833E+01   -0.999000000000000022+100
    0.567077529430389404E+01    0.110929742455482483E+01    0.249287807450242538E+00    0.166087350248716181E+00    0.277623391151428223E+01    0.528985559940338135E+00    0.114143114745616909E+02    0.496550947427749634E+01    0.830156104082785262E+01   -0.999000000000000022+100
    0.201071071624755859E+01    0.665492713451385498E+00    0.149230553056625331E+00    0.109284403241202505E+00    0.315995514392852783E+01    0.190414920449256897E+01    0.923104507923126150E+01    0.450510144233703613E+01    0.807303042465189158E+01   -0.999000000000000022+100
    0.741515684127807617E+01    0.191577970981597900E+00    0.220637641721937108E+02    0.471631322938103992E+02    0.690602970123291016E+01    0.892739444971084595E+00    0.443667455911636299E+01    0.496534764766693115E+01    0.810571644097775312E+01   -0.999000000000000022+100
    0.802774429321289062E+01    0.175070568919181824E+01    0.250774142161020785E+01    0.333725047083964910E+02    0.187728726863861084E+01    0.193426162004470825E+01    0.311244600415229833E+01    0.258014380931854248E+01    0.756126946685472845E+01   -0.999000000000000022+100
    0.133302279710769653E+02    0.664977729320526123E-01    0.195760112090556868E-01    0.382132729365269985E+00    0.103436334133148193E+02    0.194355055689811707E+01    0.103479898333549496E+02    0.191054284572601318E+01    0.832334488926014515E+01   -0.999000000000000022+100
    0.459105181694030762E+01    0.232509121298789978E+01    0.718564400392958241E-01    0.583054673715577149E-01    0.126858091354370117E+01    0.346876233816146851E+00    0.129610859870910637E+02    0.458895981311798096E+01    0.754696455095493235E+01   -0.999000000000000022+100
    0.443861341476440430E+01    0.175556510686874390E+01    0.479339875235323509E+00    0.189013530289553387E+03    0.408480858802795410E+01    0.147712484002113342E+01    0.130917844772338876E+01    0.363388895988464355E+01    0.791085550716072827E+01   -0.999000000000000022+100
    0.956352543830871582E+01    0.203481167554855347E+01    0.124605355575669492E-01    0.453976948237657929E+01    0.139988422393798828E+02    0.823308825492858887E+00    0.527979215383529610E+01    0.330639541149139404E+01    0.724912617700599160E+01   -0.999000000000000022+100
    0.125827434062957764E+02    0.920830219984054565E+00    0.514546877183478871E-01    0.232055827819167559E+00    0.726784205436706543E+01    0.730061680078506470E+00    0.815487420558929421E+00    0.176561832427978516E+01    0.792180351164208485E+01   -0.999000000000000022+100
    0.188459217548370361E+01    0.231703743338584900E+01    0.600655871467372862E+02    0.378008940637578092E+02    0.174831318855285645E+01    0.207678422331809998E+01    0.110862306118011471E+02    0.119758367538452148E+01    0.845761392439293935E+01   -0.999000000000000022+100
    0.559672904014587402E+01    0.246032565832138062E+01    0.254079992010451257E+02    0.979788726609750782E+01    0.124800908565521240E+02    0.184312090277671814E+01    0.635854021906852740E+01    0.510395467281341553E+00    0.797691985521241431E+01   -0.999000000000000022+100
    0.439887452125549316E+01    0.666637420654296875E+00    0.105754962131922550E+00    0.434009775206792767E+02    0.684985601902008057E+01    0.191944122314453125E+01    0.443652358055114693E+01    0.196168482303619385E+01    0.784575246165283158E+01   -0.999000000000000022+100
    0.887632763385772705E+01    0.204295873641967773E+01    0.755665880320969041E+00    0.260860307794541164E+02    0.105980192422866821E+02    0.101476550102233887E+01    0.133618799030780799E+02    0.162992209196090698E+01    0.804518438807262548E+01   -0.999000000000000022+100
    0.102438606023788452E+02    0.211135730147361755E+01    0.113047474044701515E+00    0.300277458096150873E+02    0.916911470890045166E+01    0.371661782264709473E-01    0.117205857038497925E+02    0.209261924028396606E+01    0.792112695924840526E+01   -0.999000000000000022+100
    0.107267630100250244E+02    0.385108590126037598E+00    0.179928694574651368E-01    0.475918659310451275E+01    0.113343787193298340E+02    0.367778986692428589E+00    0.527622017860412562E+01    0.310423225164413452E+01    0.785779788810544488E+01   -0.999000000000000022+100
    0.450114989280700684E+01    0.685166567564010620E+00    0.453573011592057682E+02    0.744006596402631288E+02    0.155464470386505127E+01    0.784727782011032104E+00    0.149419123291969296E+02    0.276094764471054077E+01    0.771055033823002578E+01   -0.999000000000000022+100
    0.818686091899871826E+01    0.237284496426582336E+01    0.569378201752508772E+01    0.163543953055503266E+02    0.642421710491180420E+01    0.163145139813423157E+01    0.214787237048149127E+01    0.310020148754119873E+01    0.775825291227108771E+01   -0.999000000000000022+100
    0.118088163137435913E+02    0.214864447712898254E+01    0.176558018227485902E+00    0.359246909062417186E+00    0.966594266891479492E+01    0.190796017646789551E+01    0.806804742217063975E+01    0.391351789236068726E+01    0.802775774873797587E+01   -0.999000000000000022+100
    0.110958702564239502E+02    0.121750682592391968E+01    0.453816725588281486E+03    0.872553657593336496E+01    0.120495828390121460E+02    0.223808646202087402E+01    0.109201417565345764E+02    0.492218643426895142E+01    0.801530038694662572E+01   -0.999000000000000022+100
    0.109624150991439819E+02    0.834134221076965332E-01    0.890324702564297854E+00    0.109968768600357623E-01    0.103015096187591553E+02    0.213611900806427002E+01    0.141790780305862434E+02    0.325655281543731689E+01    0.791652750042820319E+01   -0.999000000000000022+100
    0.887819433212280273E+01    0.585047900676727295E+00    0.653631911643666541E+02    0.361833533548504116E+01    0.648734521865844727E+01    0.200909331440925598E+01    0.578404279947280830E+01    0.561209321022033691E+00    0.824287238963945867E+01   -0.999000000000000022+100
    0.139604117870330811E+02    0.247822970151901245E+01    0.422264819679254888E+01    0.431557446037946491E-01    0.125331270694732666E+01    0.987172424793243408E+00    0.626201152801513672E+00    0.252617180347442627E+01    0.802572099336361866E+01   -0.999000000000000022+100
    0.490079772472381592E+01    0.141009390354156494E+00    0.305510779555556236E-01    0.229664031794903703E-01    0.121084952354431152E+02    0.202757194638252258E+01    0.143495470404624932E+02    0.192394137382507324E+01    0.816011719825006132E+01   -0.999000000000000022+100
    0.289612150192260742E+01    0.607866197824478149E+00    0.361479384596170972E+01    0.974161875751181938E+01    0.126438888311386108E+02    0.148601830005645752E-01    0.776469773650169337E+01    0.193956941366195679E+01    0.799960332507719762E+01   -0.999000000000000022+100
    0.902303659915924072E+01    0.158477097749710083E+01    0.679679606465767794E+01    0.240464881738671039E+03    0.613407361507415771E+01    0.184866383671760559E+01    0.102339733839035030E+01    0.385616332292556763E+01    0.774399771376387047E+01   -0.999000000000000022+100
    0.136592825651168823E+02    0.238467082381248474E+01    0.151337640641079046E+00    0.201182351692833139E+01    0.100624487400054932E+02    0.853155553340911865E+00    0.108836635589599613E+02    0.183766305446624756E+01    0.821685936172983489E+01   -0.999000000000000022+100
    0.114360399246215820E+02    0.130851313471794128E+01    0.137049713761476927E+00    0.115565796177023458E+03    0.831593096256256104E+01    0.451525449752807617E+00    0.121951566278934482E+02    0.275076895952224731E+01    0.776509596461935825E+01   -0.999000000000000022+100
    0.304082190990447998E+01    0.114918217062950134E+01    0.270350405503379188E+01    0.313653319188228501E+02    0.117363054752349854E+02    0.148564577102661133E+01    0.790043279528617859E+01    0.262100726366043091E+01    0.772455812786265117E+01   -0.999000000000000022+100
    0.104035905599594116E+02    0.174777463078498840E+01    0.283512431925851231E-01    0.695250246361522328E+00    0.134178017377853394E+02    0.523678958415985107E+00    0.101707045853137963E+02    0.129707545042037964E+01    0.778905506786400448E+01   -0.999000000000000022+100
    0.132538427114486694E+02    0.200422480702400208E+01    0.668932034283418631E+02    0.529751164338056014E+03    0.923480379581451416E+01    0.215767607092857361E+01    0.138226655960083011E+02    0.393222063779830933E+01    0.827060961801787187E+01   -0.999000000000000022+100
    0.223281860351562500E+01    0.113158777356147766E+01    0.342627882627336248E+03    0.407878705302107107E+03    0.112255761623382568E+02    0.673709362745285034E+00    0.712642253041267359E+01    0.403701037168502808E+01    0.833245865305537414E+01   -0.999000000000000022+100
    0.105282571315765381E+02    0.204467251896858215E+01    0.431391873521484170E+00    0.212889628592121155E+00    0.518633496761322021E+01    0.218734845519065857E+01    0.780143792629241961E+01    0.185395479202270508E+00    0.775893335922962635E+01   -0.999000000000000022+100
    0.133144048452377319E+02    0.104791641235351562E+01    0.165958929446487025E+01    0.112971506258134383E+03    0.553242599964141846E+01    0.774788707494735718E+00    0.197752858400344866E+01    0.196741104125976562E+01    0.810592282616466164E+01   -0.999000000000000022+100
    0.147368139028549194E+02    0.192315459251403809E+01    0.228743977229362976E+02    0.274643962124966265E-01    0.125338170528411865E+02    0.158623248338699341E+01    0.333950888514518773E+01    0.352722167968750000E+01    0.822417210278635302E+01   -0.999000000000000022+100
    0.834466660022735596E+01    0.646674782037734985E+00    0.111940553044257474E+01    0.155203715526193378E+03    0.753867769241333008E+01    0.173993691802024841E+01    0.742014333605766296E+01    0.441972851753234863E+01    0.830918465281312457E+01   -0.999000000000000022+100
    0.578851747512817383E+01    0.186566710472106934E+00    0.168759264115440000E+01    0.145373937362274308E+02    0.134744702577590942E+02    0.231537416577339172E+01    0.873625713586807295E+00    0.359953612089157104E+01    0.779043345155249511E+01   -0.999000000000000022+100
    0.901781535148620605E+01    0.185128003358840942E+01    0.967989395917556950E+00    0.453203705172767641E+02    0.523488497734069824E+01    0.329749286174774170E+00    0.106887200355529792E+02    0.158553779125213623E+01    0.809545745295255337E+01   -0.999000000000000022+100
    0.650236058235168457E+01    0.174589753150939941E+01    0.186088298203631701E-01    0.844277548566157421E+01    0.358506917953491211E+01    0.674165785312652588E+00    0.963437898755073618E+01    0.167069762945175171E+01    0.841903529569735021E+01   -0.999000000000000022+100
    0.110790884494781494E+01    0.119943171739578247E+00    0.518044031450282771E+00    0.143178506708847237E+03    0.125361176729202271E+02    0.682404786348342896E+00    0.133631738781929013E+02    0.750965476036071777E+00    0.784148754241655510E+01   -0.999000000000000022+100
    0.139306547641754150E+02    0.998072028160095215E+00    0.494901675081487802E+00    0.910446777036508365E+03    0.445118129253387451E+01    0.201310336589813232E+01    0.124624597370624546E+02    0.396997839212417603E+01    0.801252716430773937E+01   -0.999000000000000022+100
    0.947724175453186035E+01    0.167563810944557190E+01    0.503886029900169262E+03    0.291128914113339202E-01    0.100712800025939941E+01    0.247650817036628723E+01    0.116705078899860375E+02    0.775155723094940186E+00    0.807653846214894955E+01   -0.999000000000000022+100
    0.149925173521041870E+02    0.217872381210327148E+01    0.179879559684103657E-01    0.240131984676251840E+02    0.996228456497192383E+01    0.203305289149284363E+01    0.480397610068321246E+01    0.252021342515945435E+01    0.821278956141123118E+01   -0.999000000000000022+100
    0.491573464870452881E+01    0.170438066124916077E+01    0.409377834007693906E+02    0.486347969809935859E-01    0.146571558713912964E+02    0.209779307246208191E+01    0.115004891514778134E+02    0.228950083255767822E+01    0.800879058480809114E+01   -0.999000000000000022+100
    0.579001867771148682E+01    0.227577313780784607E+01    0.402553373151003535E+00    0.494965390642262477E+02    0.165716874599456787E+01    0.111652165651321411E+00    0.103211209774017334E+02    0.197286427021026611E+01    0.791614606044515945E+01   -0.999000000000000022+100
    0.905204844474792480E+01    0.134892940521240234E+01    0.511685406948634238E+02    0.129930288701950336E+00    0.133677638769149780E+02    0.906119197607040405E+00    0.828135704398155248E+01    0.421427547931671143E+01    0.826303505641472213E+01   -0.999000000000000022+100
    0.127025917768478394E+02    0.189110606908798218E+01    0.220002497665846839E+02    0.180225418398221422E+03    0.138011341094970703E+02    0.116161122918128967E+01    0.683187311887741089E+01    0.478054553270339966E+01    0.768558743396050126E+01   -0.999000000000000022+100
    0.822896552085876465E+01    0.803774595260620117E+00    0.730071728401179565E-01    0.489813637659510945E+02    0.978141760826110840E+01    0.173834681510925293E+01    0.120868392765522010E+02    0.321573615074157715E+00    0.785258037528796038E+01   -0.999000000000000022+100
    0.146170773506164551E+02    0.113735049962997437E+01    0.265113336423701096E+01    0.441605639840943892E-01    0.737561488151550293E+01    0.136001661419868469E+01    0.196768211722373976E+01    0.180737584829330444E+01    0.835263976773661199E+01   -0.999000000000000022+100
    0.452365207672119141E+01    0.144651487469673157E+01    0.596720341967938439E-01    0.353870627585623865E+01    0.159438860416412354E+01    0.455401092767715454E+00    0.419946236610412615E+01    0.432692497968673706E+01    0.796848643036191184E+01   -0.999000000000000022+100
    0.125614571571350098E+01    0.224906980991363525E+01    0.981933730086841052E+02    0.382136820153109724E+02    0.499777925014495850E+01    0.213421434164047241E+01    0.258754849433898926E+00    0.161163240671157837E+01    0.793860708273558924E+01   -0.999000000000000022+100
    0.427014911174774170E+01    0.113381087779998779E+01    0.303127403383408184E-01    0.102493647189013815E-01    0.412196815013885498E+01    0.107535704970359802E+01    0.137695193648338314E+02    0.488446831703186035E+01    0.798000021226248357E+01   -0.999000000000000022+100
    0.870339477062225342E+01    0.208108007907867432E+01    0.345747408454200947E-01    0.730616109443738310E+03    0.147029846906661987E+02    0.635417997837066650E+00    0.126867570459842689E+02    0.176637321710586548E+01    0.768658645733249557E+01   -0.999000000000000022+100
    0.640552425384521484E+01    0.233687132596969604E+01    0.119330797604683625E+00    0.573261002567292479E+02    0.268185091018676758E+01    0.450613498687744141E+00    0.556298975348472613E+01    0.209290474653244019E+01    0.792236990569942101E+01   -0.999000000000000022+100
    0.143974536657333374E+02    0.647617727518081665E+00    0.844030544162195952E+03    0.550441402759875020E-01    0.406207442283630371E+01    0.717597752809524536E+00    0.145354433953762054E+02    0.166159272193908691E+00    0.794621526186269644E+01   -0.999000000000000022+100
    0.626265132427215576E+01    0.730721652507781982E-01    0.854500985254711409E+01    0.582248058308406957E+01    0.927538132667541504E+01    0.661745965480804443E+00    0.923207084536552358E+01    0.496712476015090942E+01    0.772852738126901873E+01   -0.999000000000000022+100
    0.140513542890548706E+02    0.215841889381408691E+01    0.334532596070314483E+02    0.176960625260890944E-01    0.357486951351165771E+01    0.455535501241683960E+00    0.558468093276023847E+01    0.128980100154876709E+01    0.790645428827584329E+01   -0.999000000000000022+100
    0.360526990890502930E+01    0.114134892821311951E+01    0.379590109048741226E+03    0.478496769142705816E+02    0.278402864933013916E+01    0.321169346570968628E+00    0.239419034719467172E+01    0.360107600688934326E+01    0.783558545633499026E+01   -0.999000000000000022+100
    0.659867036342620850E+01    0.877234041690826416E+00    0.138110754117536167E+02    0.225399040559965869E+01    0.146018491983413696E+02    0.765062421560287476E+00    0.317126715183258079E+00    0.256212800741195679E+01    0.831179855740428231E+01   -0.999000000000000022+100
    0.678391993045806885E+01    0.118903443217277527E+01    0.837930844224552196E+01    0.806193411731998282E+02    0.713659405708312988E+01    0.246337413787841797E+01    0.319092377424240148E+01    0.317132174968719482E+00    0.735700444764263661E+01   -0.999000000000000022+100
    0.107040964365005493E+02    0.924134105443954468E+00    0.632990083522826374E+00    0.710651887322614613E+02    0.701545393466949463E+01    0.949968844652175903E+00    0.887198607921600413E+01    0.171479791402816772E+01    0.780796435484860307E+01   -0.999000000000000022+100
    0.115855401754379272E+02    0.184728905558586121E+01    0.654814428582932209E+02    0.646264353025302256E+02    0.123265818357467651E+02    0.104456841945648193E+00    0.656914021968841499E+01    0.384994983673095703E+01    0.776048256672430714E+01   -0.999000000000000022+100
    0.695703470706939697E+01    0.716450065374374390E+00    0.139969940234660282E+02    0.832126210692209334E+01    0.141569292545318604E+01    0.409976094961166382E+00    0.892301594614982641E+01    0.340143442153930664E+00    0.812925135741522986E+01   -0.999000000000000022+100
    0.425262367725372314E+01    0.224127367138862610E+01    0.114508622068582241E+03    0.404058104705314280E+00    0.816969931125640869E+01    0.133812710642814636E+01    0.920982360839843750E+00    0.579768419265747070E+00    0.771863946687741898E+01   -0.999000000000000022+100
    0.739777493476867676E+01    0.197548314929008484E+01    0.210319274988886669E+02    0.725989672638148363E+03    0.130481412410736084E+02    0.122627660632133484E+01    0.563291325569152779E+01    0.211821228265762329E+01    0.774896298833564501E+01   -0.999000000000000022+100
    0.577754008769989014E+01    0.228349298238754272E+01    0.108976389599793763E+00    0.499065432002082698E+00    0.298558783531188965E+01    0.658618658781051636E+00    0.126873609602451332E+02    0.200509697198867798E+01    0.775942610128824395E+01   -0.999000000000000022+100
    0.417053234577178955E+01    0.509310662746429443E+00    0.658690800091092132E+01    0.212351384379611985E+00    0.931538975238800049E+01    0.200332209467887878E+01    0.130331143081188205E+02    0.226762175559997559E+01    0.836099385074021306E+01   -0.999000000000000022+100
    0.109940329790115356E+02    0.809868574142456055E+00    0.286401809855069587E+03    0.135012103317423282E+03    0.670274066925048828E+01    0.184796378016471863E+01    0.144756612122058872E+02    0.459894984960556030E+01    0.818643633038293927E+01   -0.999000000000000022+100
    0.632050311565399170E+01    0.191996559500694275E+01    0.848646553742237870E+03    0.647064978771062194E+01    0.148827050924301147E+02    0.700215548276901245E+00    0.140946817994117746E+01    0.582494139671325684E+00    0.781500100162211808E+01   -0.999000000000000022+100
    0.126321988105773926E+02    0.818632841110229492E+00    0.653407950246561314E-01    0.727716261928708974E+00    0.147332031726837158E+02    0.420245379209518433E+00    0.142136796534061425E+02    0.472751170396804810E+01    0.768550570624512019E+01   -0.999000000000000022+100
    0.145490100383758545E+02    0.730300843715667725E+00    0.977478823646279471E-01    0.471035093572974503E-01    0.418372189998626709E+01    0.168802440166473389E+00    0.101895564794540405E+02    0.105695128440856934E+01    0.819025703776664571E+01   -0.999000000000000022+100
    0.504402780532836914E+01    0.143470078706741333E+01    0.613835529746280639E+00    0.492786612892920051E+01    0.447929275035858154E+01    0.151672571897506714E+01    0.506495764851570129E+01    0.468205094337463379E+01    0.774900083093112180E+01   -0.999000000000000022+100
    0.186501562595367432E+01    0.218616127967834473E+00    0.324244221324018311E+00    0.825575297193805457E-01    0.104699957370758057E+01    0.170564323663711548E+01    0.140507844388484955E+02    0.762171149253845215E+00    0.808572376343365740E+01   -0.999000000000000022+100
    0.413132083415985107E+01    0.654485821723937988E-01    0.506476044716682665E+02    0.577528200404095848E+01    0.713802433013916016E+01    0.529614686965942383E+00    0.656492614150047249E+01    0.503466427326202393E+00    0.787971227017355069E+01   -0.999000000000000022+100
