    0.516501203179359436E+01    0.303894519805908203E+01    0.295514323463659023E+00    0.582930164039134979E+01    0.267638683319091797E+01    0.746624880492750087E+01   -0.999000000000000022+100   -0.599146350544150419E+01    1
    0.271433506608009356E+01    0.483555257320404053E+01    0.174062555537136093E+00    0.669173830628395105E+01    0.898745059967041016E+00    0.720141433812409026E+01   -0.999000000000000022+100   -0.599396350544151169E+01    1
    0.121026627182960507E+02    0.577186822891235352E+01    0.462189547023562408E+01    0.565997638702392525E+01    0.763794779777526855E+00    0.728529150429400296E+01   -0.999000000000000022+100   -0.599646350544151474E+01    1
    0.148350230574607842E+02    0.135221183300018311E+01    0.465536794807994880E+01    0.399032214820384956E+01    0.266342043876647949E+01    0.709791898508768071E+01   -0.999000000000000022+100   -0.599896350544151957E+01    1
    0.143991967856883996E+02    0.171579492092132568E+01    0.123628128273955435E-01    0.907906747758388555E+01    0.155894041061401367E+01    0.689539228632008694E+01   -0.999000000000000022+100   -0.600146350544151552E+01    1
    0.442491155266761726E+01    0.704623150825500488E+01    0.271459854786136923E+01    0.622316945374011965E+01    0.269356012344360352E+01    0.749080394437841690E+01   -0.999000000000000022+100   -0.600396350544151858E+01    1
    0.128356414496898648E+02    0.352805769443511963E+01    0.751017561300363623E-01    0.367634710609912840E+01    0.140920996665954590E+01    0.730355268224057763E+01   -0.999000000000000022+100   -0.600646350544151630E+01    1
    0.185915961265563978E+01    0.201899194717407227E+01    0.822334186490697450E-01    0.557468943059444388E+01    0.493266731500625610E+01    0.753231380391514893E+01   -0.999000000000000022+100   -0.600896350544152469E+01    1
    0.672032482624053973E+01    0.482417213916778564E+01    0.269750827425237993E+01    0.954049330711364796E+01    0.277872264385223389E+01    0.734583119901158543E+01   -0.999000000000000022+100   -0.601146350544151886E+01    1
    0.955790745615959203E+01    0.804806101322174072E+01    0.150809353015629623E-01    0.479983041882514971E+01    0.203579902648925781E+01    0.719823619597963660E+01   -0.999000000000000022+100   -0.601396350544150859E+01    1
    0.418040443062782252E+01    0.155315852165222168E+01    0.511035788234155408E+00    0.839950911164283731E+01    0.320208668708801270E+00    0.752212482884043965E+01   -0.999000000000000022+100   -0.601646350544151520E+01    1
    0.597071180939674395E+01    0.234177470207214355E+01    0.407977897995615368E+01    0.350250119328498810E+01    0.378103882074356079E+01    0.703458112124959634E+01   -0.999000000000000022+100   -0.601896350544151559E+01    1
    0.934687405824661255E+01    0.868245053291320801E+01    0.103708683993022932E+01    0.797835537910461401E+01    0.484952330589294434E+00    0.702061818685057837E+01   -0.999000000000000022+100   -0.602146350544152753E+01    1
    0.119790405809879310E+02    0.137983661890029907E+02    0.248176328166187982E+00    0.255979126334190354E+01    0.219122469425201416E+00    0.686991050141718684E+01   -0.999000000000000022+100   -0.602396350544153325E+01    1
    0.273524914979934719E+01    0.821008825302124023E+01    0.108077937418095057E-01    0.471939459681510876E+01    0.449215590953826904E+01    0.715138530799886585E+01   -0.999000000000000022+100   -0.602646350544152298E+01    1
    0.596436538100242597E+01    0.119510692358016968E+02    0.179537561532973911E+01    0.759536346733570067E+01    0.209669202566146851E+01    0.737137118661148083E+01   -0.999000000000000022+100   -0.602896350544150561E+01    1
    0.108062381982803348E+02    0.941821086406707764E+01    0.518899397435215182E+00    0.381473573386669162E+01    0.242941647768020630E+01    0.708303580554080270E+01   -0.999000000000000022+100   -0.603146350544150955E+01    1
    0.311361386775970495E+01    0.112158454656600952E+02    0.962368061713210488E-02    0.942699986517429345E+01    0.345363616943359375E+01    0.729304234864355472E+01   -0.999000000000000022+100   -0.603396350544152682E+01    1
    0.294079048037529001E+01    0.787425446510314941E+01    0.485259432969555871E+01    0.591489227652549765E+01    0.153675675392150879E+00    0.734331862411950009E+01   -0.999000000000000022+100   -0.603646350544153165E+01    1
    0.126626209020614624E+02    0.122413787841796875E+02    0.367556100518731943E+00    0.959786852598190343E+01    0.394098043441772461E+01    0.725067304689157943E+01   -0.999000000000000022+100   -0.603896350544152227E+01    1
    0.148755261659622189E+02    0.108781909942626953E+01    0.344621204839177034E-01    0.961113337457179995E+01    0.172260403633117676E-01    0.708248819211210012E+01   -0.999000000000000022+100   -0.604146350544151556E+01    1
    0.334387394189834630E+01    0.780523169040679932E+01    0.266704779871404396E+00    0.387261649012565590E+01    0.558933019638061523E+00    0.757307413645742589E+01   -0.999000000000000022+100   -0.604396350544152039E+01    1
    0.887637777924537730E+01    0.776472759246826172E+01    0.350015354530057321E+01    0.146490207433700559E+01    0.588802695274353027E+00    0.743007170450071630E+01   -0.999000000000000022+100   -0.604646350544152966E+01    1
    0.859048299193382192E+01    0.388668656349182129E+01    0.297913554108991840E+00    0.144644787549972542E+01    0.309651911258697510E+01    0.720911289592901117E+01   -0.999000000000000022+100   -0.604896350544152206E+01    1
    0.655885413885116542E+01    0.439747011661529541E+01    0.119027115250270166E+01    0.738984733402728988E+01    0.202546894550323486E+01    0.705407740939448669E+01   -0.999000000000000022+100   -0.605146350544152156E+01    1
    0.330430956482887295E+01    0.579877138137817383E+01    0.745087893593622153E+00    0.628705473184585539E+01    0.224492162466049194E+01    0.676833053061238310E+01   -0.999000000000000022+100   -0.605396350544152995E+01    1
    0.454750259518623334E+01    0.801347577571868896E+01    0.330543091998104277E+00    0.796273969233036016E+01    0.384432405233383179E+01    0.673308256686956952E+01   -0.999000000000000022+100   -0.605646350544151790E+01    1
    0.895484222769737315E+01    0.110879102945327759E+02    0.370514799645961374E-01    0.308177797138690934E+01    0.447446912527084351E+01    0.698616872970292757E+01   -0.999000000000000022+100   -0.605896350544151829E+01    1
    0.861762982606887817E+01    0.980103588104248047E+01    0.168150451725015221E+00    0.857196583867072981E+01    0.183448582887649536E+01    0.702214947443845894E+01   -0.999000000000000022+100   -0.606146350544153112E+01    1
    0.268352034091949498E+01    0.232790422439575195E+01    0.124282399387204340E+00    0.175173589169979094E+01    0.464948415756225586E+01    0.722199411281982862E+01   -0.999000000000000022+100   -0.606396350544153950E+01    1
    0.121324836492538459E+02    0.374010443687438965E+01    0.121702844276126536E-01    0.233721249878406523E+01    0.460646957159042358E+01    0.716138277479966945E+01   -0.999000000000000022+100   -0.606646350544153368E+01    1
    0.731308088302612269E+01    0.248328745365142822E+01    0.605982077935984451E-01    0.627429482519626625E+01    0.394192278385162354E+01    0.741939818616661206E+01   -0.999000000000000022+100   -0.606896350544153407E+01    1
    0.586840695738792384E+01    0.128779579401016235E+02    0.304210701363830438E+01    0.889081285595893789E+01    0.463870048522949219E+01    0.756063287741880785E+01   -0.999000000000000022+100   -0.607146350544153712E+01    1
    0.275530354380607623E+01    0.142091691493988037E+02    0.406732450578061677E+00    0.726819270253181493E+00    0.159423291683197021E+01    0.730155566090659391E+01   -0.999000000000000022+100   -0.607396350544151886E+01    1
    0.103866829752922065E+02    0.376232707500457764E+01    0.961069271908261517E-02    0.109184584796428674E+01    0.119239211082458496E+01    0.738986407735306727E+01   -0.999000000000000022+100   -0.607646350544150149E+01    1
    0.283333104252815282E+01    0.133851909637451172E+01    0.178641654788630122E+01    0.838144850552082055E+01    0.121836155652999878E+01    0.727029985562340997E+01   -0.999000000000000022+100   -0.607896350544150277E+01    1
    0.108843127667903907E+02    0.138617863655090332E+02    0.230577145650949067E+01    0.556615007638931303E+01    0.360859036445617676E+00    0.708996331884223796E+01   -0.999000000000000022+100   -0.608146350544151737E+01    1
    0.121312331914901730E+02    0.121099448204040527E+01    0.770123163527924870E+00    0.687071045160293536E+01    0.246334046125411987E+01    0.726971778449597306E+01   -0.999000000000000022+100   -0.608396350544153197E+01    1
    0.135805048584938053E+02    0.147819317579269409E+02    0.534347202430788537E-01    0.676961666345596291E-01    0.446984082460403442E+01    0.729234014532973163E+01   -0.999000000000000022+100   -0.608646350544153236E+01    1
    0.521375590562820435E+01    0.536139655113220215E+01    0.869311473166985496E-02    0.874461191892623901E+01    0.187861561775207520E+01    0.715323301482070040E+01   -0.999000000000000022+100   -0.608896350544152032E+01    1
    0.110068221032619480E+02    0.149012243747711182E+02    0.789436956776974341E+00    0.319870299398899061E+01    0.440592914819717407E+01    0.697825178186441963E+01   -0.999000000000000022+100   -0.609146350544151804E+01    1
    0.766236535310745204E+01    0.809413516521453857E+01    0.824335500138462463E+00    0.448993123471736855E+01    0.306838065385818481E+01    0.756348521324570378E+01   -0.999000000000000022+100   -0.609396350544151844E+01    1
    0.455476644039153999E+01    0.798683214187622070E+01    0.276754827174550178E+01    0.984510012805461798E+01    0.211219698190689087E+01    0.693691467739786471E+01   -0.999000000000000022+100   -0.609646350544151083E+01    1
    0.134409518182277683E+02    0.256459021568298340E+01    0.299635029986967505E+00    0.308511666178703292E+01    0.350950598716735840E+01    0.713822322887525740E+01   -0.999000000000000022+100   -0.609896350544150234E+01    1
    0.711547480821609479E+01    0.695313191413879395E+01    0.203726434961227880E-01    0.825883752703666651E+01    0.330881804227828979E+01    0.747929520710011086E+01   -0.999000000000000022+100   -0.610146350544149918E+01    1
    0.577055952548980677E+01    0.495647573471069336E+01    0.377118217242346010E+00    0.131418940961360931E+01    0.175203382968902588E+00    0.721437750347079465E+01   -0.999000000000000022+100   -0.610396350544150579E+01    1
    0.144940956950187676E+02    0.308180499076843262E+01    0.617945230845712956E+00    0.756282686650753000E+01    0.158633321523666382E+01    0.702489180021046700E+01   -0.999000000000000022+100   -0.610646350544152394E+01    1
    0.722168645262718201E+01    0.126222269535064697E+02    0.316806423005403792E+00    0.934453415274620092E+01    0.228216350078582764E+01    0.731221445341394283E+01   -0.999000000000000022+100   -0.610896350544153233E+01    1
    0.923635143041610762E+00    0.102657160758972168E+02    0.196031489051484886E+01    0.642661163330078100E+01    0.421524047851562500E+01    0.747702997378328149E+01   -0.999000000000000022+100   -0.611146350544151318E+01    1
    0.889253248572349619E+01    0.137517763376235962E+02    0.109840295786413369E+00    0.513429848194122318E+01    0.224881649017333984E+01    0.713030997848273351E+01   -0.999000000000000022+100   -0.611396350544150202E+01    1
    0.804007198214531016E+01    0.380770778656005859E+01    0.395817076805398038E+01    0.798621115624904654E+01    0.183159917593002319E+01    0.727950926020127742E+01   -0.999000000000000022+100   -0.611646350544151840E+01    1
    0.139063049554824847E+01    0.180830621719360352E+01    0.222459085762230435E+01    0.707048942029476191E+01    0.483657032251358032E+01    0.706474251988559487E+01   -0.999000000000000022+100   -0.611896350544151613E+01    1
    0.470514819622039759E+01    0.112922774553298950E+02    0.194642655130916296E-01    0.970545093178749063E+01    0.388875126838684082E+01    0.745583376883708748E+01   -0.999000000000000022+100   -0.612146350544151030E+01    1
    0.929910266399383545E+01    0.356497526168823242E+01    0.651218556530808179E+00    0.787056575655937163E+01    0.292581290006637573E+01    0.714223062138475395E+01   -0.999000000000000022+100   -0.612396350544150803E+01    1
    0.783027660846710205E+01    0.115331741571426392E+02    0.284561402864910058E-01    0.319253293693065610E+01    0.450706183910369873E+01    0.687998690241673039E+01   -0.999000000000000022+100   -0.612646350544151108E+01    1
    0.113027063429355614E+02    0.144681186676025391E+02    0.101615374679494816E+00    0.155801205813884747E+01    0.113239794969558716E+01    0.715932546144750148E+01   -0.999000000000000022+100   -0.612896350544151858E+01    1
    0.528076019287109322E+01    0.132353459596633911E+02    0.558712328549769866E-02    0.955522832274436951E+01    0.488116443157196045E+00    0.772442368454112671E+01   -0.999000000000000022+100   -0.613146350544150476E+01    1
    0.854862196445465017E+01    0.980123949050903320E+01    0.888260305538825755E-02    0.589306901931762717E+01    0.344578176736831665E+01    0.691841786355855159E+01   -0.999000000000000022+100   -0.613396350544150160E+01    1
    0.783484060168266261E+01    0.139659518003463745E+02    0.207336046467000018E+00    0.696445399463176695E+01    0.150915086269378662E+01    0.729325389919349387E+01   -0.999000000000000022+100   -0.613646350544149932E+01    1
    0.103789333343505863E+02    0.704236459732055664E+01    0.633303234366266576E-02    0.143794841647148131E+01    0.493981063365936279E+01    0.740379552480737502E+01   -0.999000000000000022+100   -0.613896350544150327E+01    1
    0.558047307133674586E+01    0.116747778654098511E+02    0.305650258861733715E+01    0.706946113109588659E+00    0.410281151533126831E+01    0.734637748487588294E+01   -0.999000000000000022+100   -0.614146350544151343E+01    1
    0.137560973703861240E+02    0.116440294981002808E+02    0.207432391684967271E-01    0.283528889596462230E+01    0.135752975940704346E+01    0.694748722279047648E+01   -0.999000000000000022+100   -0.614396350544152714E+01    1
    0.868131613731384277E+01    0.293846809864044189E+01    0.779714215550022464E-02    0.704468319535255461E+01    0.216273516416549683E+01    0.763730547468575249E+01   -0.999000000000000022+100   -0.614646350544152309E+01    1
    0.172510929703712468E+01    0.130629596710205078E+02    0.149456153696566035E+00    0.753567135095596274E+01    0.290191143751144409E+01    0.728917530355337995E+01   -0.999000000000000022+100   -0.614896350544151282E+01    1
    0.140733663916587837E+02    0.829666733741760254E+01    0.405163261561418686E+01    0.902883825898170400E+01    0.341481298208236694E+01    0.719331839990394162E+01   -0.999000000000000022+100   -0.615146350544152742E+01    1
    0.112168910145759586E+02    0.821343445777893066E+01    0.172830433399030325E+01    0.481659770667552944E+01    0.187475949525833130E+01    0.702760023610849327E+01   -0.999000000000000022+100   -0.615396350544151360E+01    1
    0.118892722785472866E+02    0.146328212022781372E+02    0.174634180598261968E+00    0.586839117288589485E+01    0.114415287971496582E+00    0.707456125309942863E+01   -0.999000000000000022+100   -0.615646350544150067E+01    1
    0.148015315711498268E+02    0.384714627265930176E+01    0.132495900304308400E+01    0.574224500536918647E+01    0.322266310453414917E+01    0.761449890919750860E+01   -0.999000000000000022+100   -0.615896350544150195E+01    1
    0.144834978878498077E+02    0.182651758193969727E+01    0.894980479791064182E-01    0.183485600411891947E+01    0.330044448375701904E+01    0.707409294633707741E+01   -0.999000000000000022+100   -0.616146350544151922E+01    1
    0.825980440974235464E+01    0.143968778848648071E+02    0.319338635026795181E+01    0.599888651013374297E+01    0.277132689952850342E+01    0.712068902968865824E+01   -0.999000000000000022+100   -0.616396350544152849E+01    1
    0.104027204513549805E+02    0.790423512458801270E+01    0.752512888296539978E-01    0.763379329442977927E+00    0.414668858051300049E+01    0.723349662620880096E+01   -0.999000000000000022+100   -0.616646350544150668E+01    1
    0.830610598325729299E+01    0.118026596307754517E+02    0.275026203470705166E+00    0.951995503187179537E+01    0.472296714782714844E+01    0.758221266005956451E+01   -0.999000000000000022+100   -0.616896350544149996E+01    1
    0.768613381981849653E+01    0.739700055122375488E+01    0.159910732397645534E-01    0.748947993516921984E+00    0.126459985971450806E+01    0.703894765476661632E+01   -0.999000000000000022+100   -0.617146350544152167E+01    1
    0.123130495727062232E+02    0.120879673957824707E+02    0.525619632992218016E-02    0.899929856002330730E+01    0.384033560752868652E+01    0.766619609151708570E+01   -0.999000000000000022+100   -0.617396350544153449E+01    1
    0.143723047375679025E+01    0.752309906482696533E+01    0.612018663086664305E+00    0.511460157811641647E+01    0.357414424419403076E+01    0.741913726109287985E+01   -0.999000000000000022+100   -0.617646350544151179E+01    1
    0.137934592366218567E+02    0.771864008903503418E+01    0.206071586582588306E+01    0.599929915726184859E+01    0.181392163038253784E+01    0.739036502807880957E+01   -0.999000000000000022+100   -0.617896350544150152E+01    1
    0.503105319142341578E+01    0.968258857727050781E+01    0.972565585518793241E+00    0.372806018710136389E+01    0.374275624752044678E+01    0.694772487989570742E+01   -0.999000000000000022+100   -0.618146350544150103E+01    1
    0.186152109503746055E+01    0.120743898153305054E+02    0.102479704367632856E-01    0.428974974155426025E+01    0.684359669685363770E-01    0.737645802041358767E+01   -0.999000000000000022+100   -0.618396350544151829E+01    1
    0.267991994619369533E+01    0.133131539821624756E+02    0.258108304736884442E+01    0.713910495638847387E+01    0.418688982725143433E+01    0.742649529717603674E+01   -0.999000000000000022+100   -0.618646350544152934E+01    1
    0.134226096987724297E+02    0.988864970207214355E+01    0.432860358517433763E+00    0.608861552655696858E+01    0.474993497133255005E+01    0.653055318774310045E+01   -0.999000000000000022+100   -0.618896350544151730E+01    1
    0.103565973877906803E+02    0.455995631217956543E+01    0.213508596379424279E-01    0.994302909195423190E+01    0.411442577838897705E+01    0.731826485931243553E+01   -0.999000000000000022+100   -0.619146350544153012E+01    1
    0.287643719911575335E+01    0.312822961807250977E+01    0.422131184691090500E+01    0.197244136929512037E+01    0.499178051948547363E+01    0.700455607952112747E+01   -0.999000000000000022+100   -0.619396350544153673E+01    1
    0.136665377736091607E+02    0.868284690380096436E+01    0.116436562697260659E+01    0.814915020406246171E+01    0.335098415613174438E+01    0.704139828811070334E+01   -0.999000000000000022+100   -0.619646350544151137E+01    1
    0.982755073308944738E+01    0.403088128566741943E+01    0.146739120600393458E-01    0.790769506633281694E+01    0.153242737054824829E+01    0.742826659794541921E+01   -0.999000000000000022+100   -0.619896350544150465E+01    1
    0.113973086237907406E+02    0.252397096157073975E+01    0.585092826076784034E+00    0.417426749527454355E+01    0.448681056499481201E+01    0.743896190941320690E+01   -0.999000000000000022+100   -0.620146350544151748E+01    1
    0.142094415962696079E+02    0.542326545715332031E+01    0.121188310987471494E-01    0.877617079019546509E+01    0.216100811958312988E+01    0.751313387330118587E+01   -0.999000000000000022+100   -0.620396350544150987E+01    1
    0.554773558974266034E+01    0.553975594043731689E+01    0.816004706105221578E+00    0.574764454960823024E+01    0.373896032571792603E+01    0.693362765943562653E+01   -0.999000000000000022+100   -0.620646350544149783E+01    1
    0.126012817621231088E+01    0.114367734193801880E+02    0.221310601475692044E-01    0.775414508044719675E+01    0.482483416795730591E+01    0.697497280706269329E+01   -0.999000000000000022+100   -0.620896350544150710E+01    1
    0.890988436341285706E+01    0.117720656394958496E+02    0.301896380440031475E+00    0.359048315823078124E+01    0.783353149890899658E+00    0.747179056258786467E+01   -0.999000000000000022+100   -0.621146350544150838E+01    1
    0.100535123586654667E+02    0.353504884243011475E+01    0.105022054908325835E-01    0.829554823517799456E+01    0.413783341646194458E+01    0.725503214978436084E+01   -0.999000000000000022+100   -0.621396350544150700E+01    1
    0.752315068244934082E+01    0.936747455596923828E+01    0.166330330178633079E+00    0.676806200146675141E+00    0.484507352113723755E+01    0.743589379237853798E+01   -0.999000000000000022+100   -0.621646350544150472E+01    1
    0.915234350562095678E+01    0.981318235397338867E+01    0.187677063179941990E-01    0.561658532083034512E+01    0.393325656652450562E+01    0.726870987135438806E+01   -0.999000000000000022+100   -0.621896350544153709E+01    1
    0.925164921283721853E+01    0.748536956310272217E+01    0.146242083574195747E+01    0.478200263381004298E+01    0.437741786241531372E+01    0.703199763059581429E+01   -0.999000000000000022+100   -0.622146350544152416E+01    1
    0.804366083145141708E+01    0.117904255390167236E+02    0.592210361936726826E+00    0.435342726111412059E+00    0.322579085826873779E+01    0.748288165642059333E+01   -0.999000000000000022+100   -0.622396350544153076E+01    1
    0.438357806205749512E+01    0.619912683963775635E+01    0.163456567601883740E+01    0.504106940805912007E+01    0.128068149089813232E+01    0.754482165660983828E+01   -0.999000000000000022+100   -0.622646350544153204E+01    1
    0.923994304537773203E+01    0.322396612167358398E+01    0.342623732337015874E+00    0.153195098042488098E+01    0.235889703035354614E+01    0.712030002969237152E+01   -0.999000000000000022+100   -0.622896350544151112E+01    1
    0.471887037158012390E+01    0.868646347522735596E+01    0.739445016625247642E+00    0.345415776610374436E+01    0.281584590673446655E+01    0.706873981035238863E+01   -0.999000000000000022+100   -0.623146350544149907E+01    1
    0.333547242879867589E+01    0.145347990989685059E+02    0.279558223296503594E+00    0.840997951149940448E+01    0.334491968154907227E+01    0.725303703547297918E+01   -0.999000000000000022+100   -0.623396350544151101E+01    1
    0.868500356674194407E+01    0.575308609008789062E+01    0.818005434809881624E-02    0.473385332345962517E+01    0.358584076166152954E+01    0.690128906572373424E+01   -0.999000000000000022+100   -0.623646350544152739E+01    1
    0.119171740055084232E+02    0.169412136077880859E+01    0.180033669425912324E+01    0.822896318495273604E+01    0.414888083934783936E+01    0.710357042301202846E+01   -0.999000000000000022+100   -0.623896350544154199E+01    1
    0.945905734896659922E+01    0.493895447254180908E+01    0.100645819491383903E+00    0.767979416608810439E+01    0.202984929084777832E+01    0.751613700464251533E+01   -0.999000000000000022+100   -0.624146350544154416E+01    1
    0.109505745947361000E+02    0.148858101367950439E+02    0.306151539321445876E+01    0.248072080910205806E+01    0.106920748949050903E+01    0.680000132561843351E+01   -0.999000000000000022+100   -0.624396350544154188E+01    1
    0.517243840098381025E+01    0.179142415523529053E+01    0.880326871826126678E+00    0.687287253201007875E+01    0.115173250436782837E+01    0.703686844661263233E+01   -0.999000000000000022+100   -0.624646350544154139E+01    1
    0.124503183960914612E+02    0.660497725009918213E+01    0.374575082583456342E+00    0.543571071147918694E+01    0.397930920124053955E+01    0.734843088532146993E+01   -0.999000000000000022+100   -0.624896350544154089E+01    1
    0.146031732678413384E+02    0.944167518615722656E+01    0.172690589019059004E+01    0.442432391405105552E+01    0.203201800584793091E+01    0.747823720403857184E+01   -0.999000000000000022+100   -0.625146350544151908E+01    1
    0.831242399215698313E+01    0.514265322685241699E+01    0.635103852749672737E-01    0.895353879213333137E+01    0.323639422655105591E+01    0.683848955135845671E+01   -0.999000000000000022+100   -0.625396350544150437E+01    1
    0.910733580589294434E+00    0.568681955337524414E+01    0.424544748487307189E+01    0.704884539365768426E+01    0.407231867313385010E+01    0.742408986873983778E+01   -0.999000000000000022+100   -0.625646350544151275E+01    1
    0.200868345499038714E+01    0.187264347076416016E+01    0.575309450435079542E-01    0.584509477138519262E+01    0.622476935386657715E+00    0.738180941016330472E+01   -0.999000000000000022+100   -0.625896350544152913E+01    1
    0.985584322810172964E+01    0.314399516582489014E+01    0.314176078814225601E+01    0.470942919254302983E+00    0.112086027860641479E+01    0.677193304820293207E+01   -0.999000000000000022+100   -0.626146350544153396E+01    1
    0.185288778543472299E+01    0.148098814487457275E+01    0.116553101450196355E-01    0.864205928266048495E+01    0.360530108213424683E+01    0.718861270644500649E+01   -0.999000000000000022+100   -0.626396350544151304E+01    1
    0.734353947639465332E+01    0.269516396522521973E+01    0.145795205389883131E+01    0.864052659332752171E+01    0.579069554805755615E+00    0.743829335658124968E+01   -0.999000000000000022+100   -0.626646350544151076E+01    1
    0.958324698805808950E+01    0.507094764709472656E+01    0.247215122387744124E+00    0.210226742029190028E+01    0.337833166122436523E-01    0.677190356722069797E+01   -0.999000000000000022+100   -0.626896350544153069E+01    1
    0.741097094416618329E+01    0.117541112899780273E+02    0.448835804510530778E+01    0.732603946447372412E+01    0.256337553262710571E+01    0.721359787458805268E+01   -0.999000000000000022+100   -0.627146350544152575E+01    1
    0.950011552572250295E+01    0.876365482807159424E+01    0.135734421707401093E-01    0.432409412980079644E+01    0.395641356706619263E+01    0.734998066274626094E+01   -0.999000000000000022+100   -0.627396350544150305E+01    1
    0.675042817592620814E+01    0.672870671749114990E+01    0.414589564582520040E-01    0.487730030238628398E+01    0.498664408922195435E+01    0.712866202998044063E+01   -0.999000000000000022+100   -0.627646350544151854E+01    1
    0.892853021621704102E+01    0.778621923923492432E+01    0.176599816500963880E+01    0.439158247828483539E+01    0.296514481306076050E+01    0.776638249794060176E+01   -0.999000000000000022+100   -0.627896350544151893E+01    1
    0.132796747386455536E+02    0.139846822023391724E+02    0.338938306604866213E+01    0.520540121436119030E+01    0.320150703191757202E+01    0.741085750616936156E+01   -0.999000000000000022+100   -0.628146350544150600E+01    1
    0.661572954058647156E+01    0.640594398975372314E+01    0.188403803315880081E+00    0.223595734894275644E+01    0.169993311166763306E+01    0.692042413627257336E+01   -0.999000000000000022+100   -0.628396350544150373E+01    1
    0.126993912875652306E+02    0.248494887351989746E+01    0.132160043164502999E-01    0.696608552873134634E+01    0.735646486282348633E+00    0.705382474953997729E+01   -0.999000000000000022+100   -0.628646350544151566E+01    1
    0.530461391806602478E+01    0.109308456182479858E+02    0.209740566980084653E+01    0.839650625526905081E+01    0.464320927858352661E+01    0.718008853783121470E+01   -0.999000000000000022+100   -0.628896350544151872E+01    1
    0.277548848986625707E+01    0.530001330375671387E+01    0.454823461409816276E+00    0.353682890892028778E+01    0.334265828132629395E-01    0.728851305160503227E+01   -0.999000000000000022+100   -0.629146350544151289E+01    1
    0.118918158233165734E+02    0.144427976608276367E+02    0.100144688369597645E+01    0.398544124126434296E+01    0.169265508651733398E+01    0.722916567204672411E+01   -0.999000000000000022+100   -0.629396350544151328E+01    1
    0.124938108801841743E+02    0.314996159076690674E+01    0.837437487686246596E+00    0.191754381954669961E+01    0.213304072618484497E+01    0.747287081200752201E+01   -0.999000000000000022+100   -0.629646350544151456E+01    1
    0.906840208768844569E+01    0.470958590507507324E+01    0.206598138254928454E+01    0.897473742187023227E+01    0.161791354417800903E+01    0.706841084425628097E+01   -0.999000000000000022+100   -0.629896350544151140E+01    1
    0.122547034621238708E+02    0.111063452959060669E+02    0.235296460563464149E+00    0.710443962037563281E+01    0.459875136613845825E+01    0.713959902101753663E+01   -0.999000000000000022+100   -0.630146350544151979E+01    1
    0.104673614799976349E+02    0.296919810771942139E+01    0.466186651218410830E+01    0.807269615888595560E+01    0.438640683889389038E+01    0.746348119874573968E+01   -0.999000000000000022+100   -0.630396350544154327E+01    1
    0.525089752078056282E+01    0.335917782783508301E+01    0.424916943431278005E+00    0.632083106040954590E+01    0.480735301971435547E+01    0.748299804396821422E+01   -0.999000000000000022+100   -0.630646350544153300E+01    1
    0.593636685013771004E+01    0.111413502693176270E+02    0.424339466829414202E+00    0.727504633665084888E+00    0.425510197877883911E+01    0.722054058904430551E+01   -0.999000000000000022+100   -0.630896350544153339E+01    1
    0.839226234555244410E+01    0.419078731536865234E+01    0.201017683381112588E+00    0.459326212465763106E+01    0.499958902597427368E+01    0.729257145835097198E+01   -0.999000000000000022+100   -0.631146350544152401E+01    1
    0.895489186048507690E+00    0.391968464851379395E+01    0.378736981441042619E+00    0.143396604418754592E+01    0.489955306053161621E+01    0.764743475163982911E+01   -0.999000000000000022+100   -0.631396350544150398E+01    1
    0.284900439381599435E+01    0.331332647800445557E+01    0.110618983672009733E-01    0.162375275969505317E+01    0.176955044269561768E+01    0.719184147994825196E+01   -0.999000000000000022+100   -0.631646350544151769E+01    1
    0.732943363785743696E+01    0.227801907062530518E+01    0.130597670184447873E+00    0.792366087794303908E+01    0.741651654243469238E-01    0.695185448954467233E+01   -0.999000000000000022+100   -0.631896350544152607E+01    1
    0.176774297952651982E+01    0.711973953247070312E+01    0.169115298457224103E-01    0.732427097678184502E+01    0.107226073741912842E+01    0.719809649371287019E+01   -0.999000000000000022+100   -0.632146350544152202E+01    1
    0.119693140089511871E+02    0.707495462894439697E+01    0.182973331946221535E+00    0.588446237921714754E+01    0.222350895404815674E+01    0.758627861224060585E+01   -0.999000000000000022+100   -0.632396350544152774E+01    1
    0.148950547993183129E+02    0.107305314540863037E+02    0.196285845714648771E+00    0.927924480259418516E+01    0.184298694133758545E+01    0.766062495411937583E+01   -0.999000000000000022+100   -0.632646350544152636E+01    1
    0.134750783026218421E+02    0.134417608976364136E+02    0.582221427965865929E-01    0.144128115236759191E+01    0.346746474504470825E+01    0.716102263238449677E+01   -0.999000000000000022+100   -0.632896350544151876E+01    1
    0.271214143633842486E+01    0.907810294628143311E+01    0.788679547790514281E-02    0.468183775365352606E+01    0.265282601118087769E+01    0.709955893919590064E+01   -0.999000000000000022+100   -0.633146350544152003E+01    1
    0.141109254181385033E+02    0.102777390480041504E+02    0.175901298188433669E+00    0.263898318946361510E+01    0.536933243274688721E+00    0.753415264510319993E+01   -0.999000000000000022+100   -0.633396350544152309E+01    1
    0.388383457064628601E+01    0.637166583538055420E+01    0.294902251605606743E-01    0.490208711624145455E+01    0.198228120803833008E+01    0.702199285732021483E+01   -0.999000000000000022+100   -0.633646350544152615E+01    1
    0.113506580233573917E+02    0.208133232593536377E+01    0.703006011891499499E-01    0.754957988142967196E+01    0.185591280460357666E+00    0.688511694879142766E+01   -0.999000000000000022+100   -0.633896350544152920E+01    1
    0.110161037325859077E+02    0.295500552654266357E+01    0.586814677885746261E+00    0.867837044358253529E+01    0.455422639846801758E+01    0.700653711262349255E+01   -0.999000000000000022+100   -0.634146350544152781E+01    1
    0.253666349053382900E+01    0.220364570617675781E+01    0.845937517927039355E-02    0.746237974286079364E+01    0.286771655082702637E+01    0.733319368544577088E+01   -0.999000000000000022+100   -0.634396350544151222E+01    1
    0.141523574888706207E+02    0.130176148414611816E+02    0.629770019930010749E-02    0.469657693743705718E+01    0.635127127170562744E+00    0.705804525620357204E+01   -0.999000000000000022+100   -0.634646350544149573E+01    1
    0.918376658558845449E+01    0.100389209985733032E+02    0.121442238314482240E+00    0.984624339282512651E+01    0.413591742515563965E+01    0.703946557241712156E+01   -0.999000000000000022+100   -0.634896350544151034E+01    1
    0.682021313309669441E+01    0.415105342864990234E+01    0.157193420109939908E+01    0.709667018353939039E+01    0.445016294717788696E+01    0.702792445881852412E+01   -0.999000000000000022+100   -0.635146350544150984E+01    1
    0.657458788156509399E+01    0.971516609191894531E+01    0.375135957218340477E+00    0.826770378351211477E+01    0.978239178657531738E+00    0.709611145846559399E+01   -0.999000000000000022+100   -0.635396350544149158E+01    1
    0.111080336928367611E+02    0.118850398063659668E+01    0.194594736678074982E-01    0.296045971572399136E+01    0.386243224143981934E+01    0.759551019567281926E+01   -0.999000000000000022+100   -0.635646350544149996E+01    1
    0.580345242619514412E+01    0.362663888931274414E+01    0.181967403132870853E+01    0.795195727646350825E+01    0.445844471454620361E+01    0.730985774447642722E+01   -0.999000000000000022+100   -0.635896350544152256E+01    1
    0.141400047779083256E+02    0.178684711456298828E+01    0.518053966915296617E-02    0.211376794934272771E+01    0.348863422870635986E+01    0.699461006966397925E+01   -0.999000000000000022+100   -0.636146350544152384E+01    1
    0.929389390349388123E+01    0.505723404884338379E+01    0.605540949862879482E-02    0.117664096236228954E+01    0.977529585361480713E+00    0.720064256635254196E+01   -0.999000000000000022+100   -0.636396350544150557E+01    1
    0.993527482748031687E+01    0.131667270660400391E+02    0.415340017533290240E+01    0.695036504268646205E+01    0.375443696975708008E+01    0.738240309320136845E+01   -0.999000000000000022+100   -0.636646350544150952E+01    1
    0.111012298882007592E+02    0.909887361526489258E+01    0.418897059225368518E-01    0.838637823939323468E+01    0.210856795310974121E+01    0.738465482958430730E+01   -0.999000000000000022+100   -0.636896350544151346E+01    1
    0.137183269739151008E+02    0.937163853645324707E+01    0.343867635506123293E+01    0.787090759873390278E+00    0.298508018255233765E+01    0.767251388697184833E+01   -0.999000000000000022+100   -0.637146350544153250E+01    1
    0.658716972470283491E+01    0.271173560619354248E+01    0.204642513483244359E+00    0.559683125376701351E+01    0.324641555547714233E+01    0.642188908232875111E+01   -0.999000000000000022+100   -0.637396350544155155E+01    1
    0.310124872326850909E+01    0.251193130016326904E+01    0.308631074463856125E+00    0.184283623039722455E+01    0.401391744613647461E+01    0.717056435847664808E+01   -0.999000000000000022+100   -0.637646350544152529E+01    1
    0.355290376543998754E+01    0.474583339691162109E+01    0.120149781416042031E-01    0.150644783973693852E+01    0.471867769956588745E+01    0.735119455721779858E+01   -0.999000000000000022+100   -0.637896350544150614E+01    1
    0.140520144701004028E+02    0.117105889320373535E+02    0.132569130803314139E+01    0.987307980060577406E+00    0.269965380430221558E+01    0.719488215199619141E+01   -0.999000000000000022+100   -0.638146350544151897E+01    1
    0.137411673665046692E+02    0.249401617050170898E+01    0.105000652704176287E-01    0.271838947772979722E+01    0.238089829683303833E+01    0.697658185235560868E+01   -0.999000000000000022+100   -0.638396350544152380E+01    1
    0.113375415384769447E+02    0.741738903522491455E+01    0.313480176620364204E+00    0.825638903498649590E+01    0.242040812969207764E+01    0.733655753530183397E+01   -0.999000000000000022+100   -0.638646350544151620E+01    1
    0.998477270603179967E+01    0.529547548294067383E+01    0.272322741331103968E+01    0.779167572379112272E+01    0.102749526500701904E+01    0.711606843676967582E+01   -0.999000000000000022+100   -0.638896350544153080E+01    1
    0.853833677172660899E+01    0.946397709846496582E+01    0.348071113317819536E+00    0.279339300572872151E+01    0.450277209281921387E+01    0.748747629097636125E+01   -0.999000000000000022+100   -0.639146350544153830E+01    1
    0.648530359864234907E+01    0.807384848594665527E+01    0.125039884878310581E+00    0.883143096923828175E+01    0.304607450962066650E+01    0.720988170725044597E+01   -0.999000000000000022+100   -0.639396350544151737E+01    1
    0.124971208631992337E+02    0.506653416156768799E+01    0.351314394838251332E+00    0.298943492770195007E+01    0.252294987440109253E+01    0.681451087475744011E+01   -0.999000000000000022+100   -0.639646350544152220E+01    1
    0.178195894360542306E+01    0.101156333684921265E+02    0.184337232736106360E+00    0.349069638907909363E+01    0.152958095073699951E+01    0.690148952095617485E+01   -0.999000000000000022+100   -0.639896350544151460E+01    1
    0.125441915392875671E+02    0.177519965171813965E+01    0.420106870288183476E+01    0.199997261404991145E+01    0.505370795726776123E+00    0.674275864659900659E+01   -0.999000000000000022+100   -0.640146350544150433E+01    1
    0.136545864880084995E+02    0.260158205032348633E+01    0.392266359529340136E+00    0.979112731277942672E+01    0.593365430831909180E+00    0.728728970479456262E+01   -0.999000000000000022+100   -0.640396350544151272E+01    1
    0.631540209054946899E+01    0.428992426395416260E+01    0.248505370051894742E+00    0.189657503366470337E+01    0.495560467243194580E+00    0.697908468284271599E+01   -0.999000000000000022+100   -0.640646350544151311E+01    1
    0.833904328942298889E+01    0.715127646923065186E+01    0.583430313388177302E+00    0.161701166570186627E+01    0.145314931869506836E+01    0.760077090027207625E+01   -0.999000000000000022+100   -0.640896350544153304E+01    1
    0.137218801975250249E+01    0.122391958236694336E+02    0.758593364665496595E-01    0.209725372791290265E+01    0.744172334671020508E+00    0.744268949085759690E+01   -0.999000000000000022+100   -0.641146350544155297E+01    1
    0.121029398083686832E+02    0.590438711643218994E+01    0.469732947917882726E-01    0.144033914983272560E+01    0.143044829368591309E+01    0.745775709411935672E+01   -0.999000000000000022+100   -0.641396350544154892E+01    1
    0.104713863909244544E+02    0.726023089885711670E+01    0.218592280143765549E+01    0.946446798622608121E+01    0.392287522554397583E+01    0.710891831079439118E+01   -0.999000000000000022+100   -0.641646350544152533E+01    1
    0.138454428315162681E+01    0.376180136203765869E+01    0.181454510511614188E-01    0.706742582798004104E+01    0.183852940797805786E+01    0.706976489769934613E+01   -0.999000000000000022+100   -0.641896350544152039E+01    1
    0.133671623766422272E+02    0.102241780757904053E+02    0.196842064843746334E+01    0.988950762808322992E+01    0.424378156661987305E+01    0.720840970448900631E+01   -0.999000000000000022+100   -0.642146350544151190E+01    1
    0.632520503997802752E+01    0.357444477081298828E+01    0.174532994633732862E-01    0.494002623856067657E+01    0.198006987571716309E+01    0.718894266260905912E+01   -0.999000000000000022+100   -0.642396350544151495E+01    1
    0.121164337396621704E+02    0.136247290372848511E+02    0.724439139721360925E-01    0.338078933954238867E-01    0.701268315315246582E+00    0.706512335035202010E+01   -0.999000000000000022+100   -0.642646350544152956E+01    1
    0.200786106586456281E+01    0.675567996501922607E+01    0.373286847510741016E+01    0.163077966988086698E+01    0.367144525051116943E+01    0.698495500030974270E+01   -0.999000000000000022+100   -0.642896350544153616E+01    1
    0.108598151624202721E+02    0.874140381813049316E+01    0.146562847654289841E+00    0.212477425456047042E+01    0.110623478889465332E+01    0.708610047168689583E+01   -0.999000000000000022+100   -0.643146350544153833E+01    1
    0.326472920179367065E+01    0.897213423252105713E+01    0.176618916605434002E-01    0.996682626724243192E+01    0.507279336452484131E+00    0.685481924363956008E+01   -0.999000000000000022+100   -0.643396350544153695E+01    1
    0.457949850559234584E+01    0.420970213413238525E+01    0.152996067294873722E+00    0.356885461330413811E+01    0.364525735378265381E+01    0.714313176874610445E+01   -0.999000000000000022+100   -0.643646350544153023E+01    1
    0.144842953085899362E+01    0.108037415742874146E+02    0.373167189520839215E+00    0.611995110392570485E+01    0.399374783039093018E+01    0.736111895555542617E+01   -0.999000000000000022+100   -0.643896350544152440E+01    1
    0.562454282641410774E+01    0.682013738155364990E+01    0.357111420565303650E+01    0.480535679399967197E+01    0.438786506652832031E+01    0.733333448000252464E+01   -0.999000000000000022+100   -0.644146350544153545E+01    1
    0.130709939420223229E+02    0.987055265903472900E+01    0.171165880099026402E+01    0.280784399151802067E+01    0.126515001058578491E+01    0.754952521558465417E+01   -0.999000000000000022+100   -0.644396350544153229E+01    1
    0.232117977738380432E+01    0.648084807395935059E+01    0.268640610605464847E+00    0.461657579421997077E+01    0.918514132499694824E+00    0.759241741862407604E+01   -0.999000000000000022+100   -0.644646350544153979E+01    1
    0.990290413498878408E+01    0.638291776180267334E+01    0.894720237925829887E+00    0.234595430612564071E+01    0.116645723581314087E+01    0.724351337883848156E+01   -0.999000000000000022+100   -0.644896350544154906E+01    1
    0.120036376535892479E+02    0.137412738800048828E+01    0.201182454966194246E+00    0.886154468238353665E+01    0.273879796266555786E+01    0.669578122871522297E+01   -0.999000000000000022+100   -0.645146350544151925E+01    1
    0.254304544329643267E+01    0.680452871322631836E+01    0.144636137246513613E+00    0.274503886044025425E+01    0.251972287893295288E+01    0.725252648726421789E+01   -0.999000000000000022+100   -0.645396350544149033E+01    1
    0.816784948110580444E+00    0.144915788173675537E+02    0.598937689737816664E-01    0.682751176953315775E+00    0.413336455821990967E+01    0.754500875842721008E+01   -0.999000000000000022+100   -0.645646350544149072E+01    1
    0.739025579690933210E+01    0.110207951068878174E+02    0.370597594676809250E+00    0.832750605821609469E+01    0.283124774694442749E+01    0.720905671863782338E+01   -0.999000000000000022+100   -0.645896350544150355E+01    1
    0.148518376290798191E+02    0.557379794120788574E+01    0.123992068837795677E+01    0.739852126002311739E+01    0.296567052602767944E+01    0.723685526838121174E+01   -0.999000000000000022+100   -0.646146350544151460E+01    1
    0.255533953905105626E+01    0.858654212951660156E+01    0.107532760686520956E+00    0.652270065546035749E+01    0.964301526546478271E+00    0.678203507417218088E+01   -0.999000000000000022+100   -0.646396350544151854E+01    1
    0.336236171126365679E+01    0.594899260997772217E+01    0.994907060522339237E-01    0.231070900142192803E+01    0.256302952766418457E+00    0.725592212787849622E+01   -0.999000000000000022+100   -0.646646350544152693E+01    1
    0.581115766167640668E+01    0.738800168037414551E+01    0.124445350337787936E-01    0.654582675814628612E+01    0.199720829725265503E+01    0.674673626269778559E+01   -0.999000000000000022+100   -0.646896350544151133E+01    1
    0.352732177972793615E+01    0.751066386699676514E+01    0.507747380469005805E+00    0.482308692514896364E+01    0.217101275920867920E+01    0.781754157684743944E+01   -0.999000000000000022+100   -0.647146350544151172E+01    1
    0.499102433323860151E+01    0.143438576459884644E+02    0.159020048705527639E+01    0.412671244442462903E+01    0.172831505537033081E+01    0.716923221342910733E+01   -0.999000000000000022+100   -0.647396350544154586E+01    1
    0.139012268483638763E+02    0.115264091491699219E+02    0.182093515938370996E-01    0.288010904312133764E+01    0.113714307546615601E+01    0.695532940574664327E+01   -0.999000000000000022+100   -0.647646350544154359E+01    1
    0.111587703824043283E+01    0.105118849277496338E+02    0.241787510086329505E+01    0.100509467899799354E+01    0.204294353723526001E+01    0.768982491195234985E+01   -0.999000000000000022+100   -0.647896350544153865E+01    1
    0.844225578904151952E+01    0.127417323589324951E+02    0.142485773443321340E+01    0.999626712143421159E+01    0.455805182456970215E+01    0.687432423101419054E+01   -0.999000000000000022+100   -0.648146350544153194E+01    1
    0.125448229849338535E+02    0.111874519586563110E+02    0.438965701469943154E-01    0.784056577444076552E+01    0.220148295164108276E+01    0.731698326372544638E+01   -0.999000000000000022+100   -0.648396350544150657E+01    1
    0.145342195808887489E+02    0.109238845109939575E+02    0.176486930546441090E+01    0.155767622411251083E+01    0.435332387685775757E+01    0.696992673624578085E+01   -0.999000000000000022+100   -0.648646350544150696E+01    1
    0.120201866805553443E+02    0.161079251766204834E+01    0.128704005943133040E-01    0.469024789512157447E+01    0.291010171175003052E+01    0.727495196191467919E+01   -0.999000000000000022+100   -0.648896350544150824E+01    1
    0.425062544941902143E+01    0.156350421905517578E+01    0.123492311717319736E+01    0.848089348614215766E+01    0.220483243465423584E+00    0.761329717255328209E+01   -0.999000000000000022+100   -0.649146350544149886E+01    1
    0.100857249677181251E+02    0.144617024660110474E+02    0.102906967086592999E-01    0.468157402276992818E+00    0.497901439666748047E-01    0.735333003692563558E+01   -0.999000000000000022+100   -0.649396350544152856E+01    1
    0.923256808519363426E+00    0.212099361419677734E+01    0.331432903206694135E-01    0.380908550500869758E+01    0.325971037149429321E+01    0.706480451176006774E+01   -0.999000000000000022+100   -0.649646350544153872E+01    1
    0.532667455077171326E+01    0.112193886041641235E+02    0.182370380805099534E-01    0.248763637006282812E+01    0.867038667201995850E+00    0.701939839282411882E+01   -0.999000000000000022+100   -0.649896350544152046E+01    1
    0.465510857105255127E+01    0.852870535850524902E+01    0.627373750994365039E-02    0.329639377772808073E+01    0.241518080234527588E+01    0.734078804923453010E+01   -0.999000000000000022+100   -0.650146350544152618E+01    1
    0.116298893272876747E+02    0.113395524024963379E+02    0.225523146317232304E+00    0.234629192650318119E+01    0.680716037750244141E+00    0.713100462308573935E+01   -0.999000000000000022+100   -0.650396350544153723E+01    1
    0.952368416786193883E+01    0.195234656333923340E+01    0.928403746548994158E+00    0.568823527216911273E+01    0.265310883522033691E+01    0.731644961563758223E+01   -0.999000000000000022+100   -0.650646350544155183E+01    1
    0.105500586569309238E+02    0.105475592613220215E+01    0.150618619368459705E+01    0.620167309880256656E+01    0.286717683076858521E+01    0.726120000187371772E+01   -0.999000000000000022+100   -0.650896350544155666E+01    1
    0.849442421197891306E+01    0.142446823120117188E+02    0.530441498060229503E-02    0.598946053028106640E+01    0.244251310825347900E+01    0.717211571217959420E+01   -0.999000000000000022+100   -0.651146350544154462E+01    1
    0.596430054903030360E+01    0.464303565025329590E+01    0.375357719074057017E-01    0.546736604571342433E+01    0.174193084239959717E+01    0.703591781652563153E+01   -0.999000000000000022+100   -0.651396350544152725E+01    1
    0.744267377853393519E+01    0.500382661819458008E+01    0.566151642301047503E-01    0.169354847848415369E+01    0.380112648010253906E+01    0.710941792228699398E+01   -0.999000000000000022+100   -0.651646350544151254E+01    1
    0.405545279383659363E+01    0.585556924343109131E+01    0.348202508193372484E+01    0.347605366826057427E+01    0.340989828109741211E+01    0.702347625303693590E+01   -0.999000000000000022+100   -0.651896350544152003E+01    1
    0.112255384325981145E+01    0.543452155590057373E+01    0.470088303086175274E+00    0.718814386963844321E+01    0.130727678537368774E+01    0.708719635360776223E+01   -0.999000000000000022+100   -0.652146350544151776E+01    1
    0.610820887684822100E+01    0.481639826297760010E+01    0.178639399180707564E+00    0.161339073181152348E+01    0.278840363025665283E+00    0.699612326544103702E+01   -0.999000000000000022+100   -0.652396350544151549E+01    1
    0.104659254074096673E+02    0.147394366264343262E+02    0.114420753755854743E+01    0.872193126678466824E+00    0.404835343360900879E+00    0.726392824800562398E+01   -0.999000000000000022+100   -0.652646350544154163E+01    1
    0.374898584485054043E+01    0.119970190525054932E+02    0.909367781422819876E-01    0.933004327178001347E+01    0.485797643661499023E+01    0.741718924298045401E+01   -0.999000000000000022+100   -0.652896350544154469E+01    1
    0.111257532477378849E+02    0.107201023101806641E+02    0.621876487102505648E-01    0.756295131564140277E+01    0.361474454402923584E+00    0.751907971388133145E+01   -0.999000000000000022+100   -0.653146350544152288E+01    1
    0.986783980727195775E+01    0.261323952674865723E+01    0.708506546719912030E-02    0.859746421575546194E+01    0.870978236198425293E+00    0.724843790219187856E+01   -0.999000000000000022+100   -0.653396350544150284E+01    1
    0.882075372338294983E+01    0.896160578727722168E+01    0.576368305764949559E-01    0.176741171896457683E+01    0.411734580993652344E+01    0.764775707654464210E+01   -0.999000000000000022+100   -0.653646350544152011E+01    1
    0.123617001950740821E+02    0.753381276130676270E+01    0.553131527610375550E-02    0.466909213781356769E+01    0.466518223285675049E+01    0.736946230003614478E+01   -0.999000000000000022+100   -0.653896350544151694E+01    1
    0.175662651658058189E+01    0.100580961704254150E+02    0.245229944010222106E+00    0.173957738995552069E+01    0.385608673095703125E+01    0.720706001948757979E+01   -0.999000000000000022+100   -0.654146350544151645E+01    1
    0.102080531299114234E+02    0.593390297889709473E+01    0.906298253783644481E-01    0.620673144996166215E+01    0.467176616191864014E+01    0.732846349997821100E+01   -0.999000000000000022+100   -0.654396350544152305E+01    1
    0.132349779784679420E+02    0.181207633018493652E+01    0.490653164384009699E+01    0.512651475429534909E+01    0.151104539632797241E+01    0.740041125550236689E+01   -0.999000000000000022+100   -0.654646350544150213E+01    1
    0.653157764077186531E+01    0.877757871150970459E+01    0.526723644862780657E-02    0.502587410926818823E+01    0.282455444335937500E+01    0.692347645849299731E+01   -0.999000000000000022+100   -0.654896350544151318E+01    1
    0.106995301008224484E+02    0.763403868675231934E+01    0.478066077438712989E+00    0.285825303614139559E+01    0.176016807556152344E+01    0.682637072204158279E+01   -0.999000000000000022+100   -0.655146350544153577E+01    1
    0.144286376059055321E+02    0.381275880336761475E+01    0.430965546923652021E+00    0.793961418509483341E+01    0.265683412551879883E+01    0.731501171146111329E+01   -0.999000000000000022+100   -0.655396350544152639E+01    1
    0.148431447148323081E+01    0.101221104860305786E+02    0.179473630585249277E+01    0.952482343435287504E+01    0.749096572399139404E+00    0.739021213866531923E+01   -0.999000000000000022+100   -0.655646350544151346E+01    1
    0.154312772750854510E+01    0.725887072086334229E+01    0.256685503159833975E-01    0.953991339206695543E+00    0.386797636747360229E+01    0.729005086318141693E+01   -0.999000000000000022+100   -0.655896350544154050E+01    1
    0.178006904721260084E+01    0.967673146724700928E+01    0.176756871940201288E+01    0.991909258127212468E+01    0.192519515752792358E+01    0.758309130468369741E+01   -0.999000000000000022+100   -0.656146350544153023E+01    1
    0.141665157258510597E+02    0.700700080394744873E+01    0.190579084593465314E-01    0.310194944918155668E+01    0.323042988777160645E+01    0.743065129368586863E+01   -0.999000000000000022+100   -0.656396350544149687E+01    1
    0.117657691478729252E+02    0.104053704738616943E+02    0.644048068040208643E+00    0.664048675298690827E+00    0.291119813919067383E+01    0.726617135076561027E+01   -0.999000000000000022+100   -0.656646350544152924E+01    1
    0.607416676282882673E+01    0.119070687294006348E+02    0.429027446183263217E+00    0.305722278773784639E+01    0.357801258563995361E+01    0.663206388181485540E+01   -0.999000000000000022+100   -0.656896350544153496E+01    1
    0.294076206088066128E+01    0.650351130962371826E+01    0.184452659059904933E-01    0.983483873128890984E+01    0.240316122770309448E+01    0.718700751744034072E+01   -0.999000000000000022+100   -0.657146350544153623E+01    1
    0.132335445702075951E+02    0.691230237483978271E+01    0.143751770507668963E+00    0.391120524883270271E+01    0.744408965110778809E+00    0.733396444360636579E+01   -0.999000000000000022+100   -0.657396350544153485E+01    1
    0.592149990200996346E+01    0.769183957576751709E+01    0.646187434786602705E-01    0.600456591606140133E+01    0.196643471717834473E+01    0.736505372432011107E+01   -0.999000000000000022+100   -0.657646350544153258E+01    1
    0.322054754495620754E+01    0.368782770633697510E+01    0.120051970013859560E-01    0.160129772961139683E+01    0.892019867897033691E+00    0.684066791123195905E+01   -0.999000000000000022+100   -0.657896350544154984E+01    1
    0.145388546228408817E+02    0.494076442718505859E+01    0.315970016843974688E-01    0.827762279629707365E+01    0.257646888494491577E+01    0.734411873907980883E+01   -0.999000000000000022+100   -0.658146350544153069E+01    1
    0.343740427494049072E+01    0.733820831775665283E+01    0.366069118087667816E-01    0.631552738368511157E+01    0.429118871688842773E+00    0.682183736477830838E+01   -0.999000000000000022+100   -0.658396350544152664E+01    1
    0.710054569244384748E+01    0.979546916484832764E+01    0.341677521524377456E-01    0.256370694518089293E+01    0.342946827411651611E+01    0.748955689068999142E+01   -0.999000000000000022+100   -0.658646350544151371E+01    1
    0.134333647012710564E+02    0.446506261825561523E+01    0.361823489518314778E-01    0.494541982829570781E+01    0.178768754005432129E+01    0.774683889501957079E+01   -0.999000000000000022+100   -0.658896350544149989E+01    1
    0.115986900508403785E+02    0.128317403793334961E+01    0.250225088664343964E+01    0.662767266035079960E+00    0.819789767265319824E+00    0.738043818883617764E+01   -0.999000000000000022+100   -0.659146350544150383E+01    1
    0.133083100438117974E+02    0.411898410320281982E+01    0.602041395842243220E-02    0.290801309347152703E+00    0.160253137350082397E+01    0.722815301485759143E+01   -0.999000000000000022+100   -0.659396350544150245E+01    1
    0.838268852829933131E+01    0.115636571645736694E+02    0.275838181830087015E+00    0.717372980177402475E+01    0.226694643497467041E+00    0.748403131426213530E+01   -0.999000000000000022+100   -0.659646350544153037E+01    1
    0.891207444071769750E+01    0.139550845623016357E+02    0.935610719280163816E+00    0.594180484831333189E+01    0.374639183282852173E+01    0.702909151336089977E+01   -0.999000000000000022+100   -0.659896350544154586E+01    1
    0.852543076872825623E+01    0.210032224655151367E+01    0.189395190912912925E+01    0.519291402399539948E+01    0.382413953542709351E+01    0.725740375849972619E+01   -0.999000000000000022+100   -0.660146350544153382E+01    1
    0.562879154086112976E+01    0.146591694355010986E+02    0.371469946649938751E-01    0.723851361453533126E+01    0.235539972782135010E+00    0.764872722322002740E+01   -0.999000000000000022+100   -0.660396350544152799E+01    1
    0.630182290077209473E+01    0.114371297359466553E+02    0.160615834493633758E+00    0.855992523610591860E+01    0.168957531452178955E+01    0.721427185713574204E+01   -0.999000000000000022+100   -0.660646350544152128E+01    1
    0.145302861452102654E+02    0.142212255001068115E+02    0.256955426688437572E+00    0.865149955332279141E+01    0.391554355621337891E+01    0.744258502369630026E+01   -0.999000000000000022+100   -0.660896350544152167E+01    1
    0.663216488957405037E+01    0.114530162811279297E+02    0.288743611515046017E+00    0.112240019440650940E+01    0.140656828880310059E+00    0.695037410442999448E+01   -0.999000000000000022+100   -0.661146350544150341E+01    1
    0.113059958994388587E+02    0.759252405166625977E+01    0.443441064075926761E+01    0.172770470440387736E+01    0.967141985893249512E-01    0.718052586215064004E+01   -0.999000000000000022+100   -0.661396350544151090E+01    1
    0.118871665716171258E+02    0.108280345201492310E+02    0.101024955829317267E+00    0.988007033467292750E+01    0.346135795116424561E+00    0.654755953548471048E+01   -0.999000000000000022+100   -0.661646350544152284E+01    1
    0.555576498508453387E+01    0.146618922948837280E+02    0.159631986491799049E+00    0.437124546527862545E+01    0.298001974821090698E+01    0.708927868654914484E+01   -0.999000000000000022+100   -0.661896350544151524E+01    1
    0.469867565631866402E+01    0.354883086681365967E+01    0.110774646601255644E+01    0.762044681549072234E+01    0.401419907808303833E+01    0.709367232384843049E+01   -0.999000000000000022+100   -0.662146350544153428E+01    1
    0.101017651081085198E+02    0.112088159322738647E+02    0.659352579275970241E-01    0.515359351038932822E+00    0.270781069993972778E+01    0.728106752635254928E+01   -0.999000000000000022+100   -0.662396350544155332E+01    1
    0.782401899099349940E+01    0.754395818710327148E+01    0.381087488690635157E+01    0.464858899414539284E+01    0.895766019821166992E+00    0.724389671343307029E+01   -0.999000000000000022+100   -0.662646350544154661E+01    1
    0.702093636989593484E+00    0.384223461151123047E+01    0.414788194014419265E+01    0.946667889356613124E+01    0.479355901479721069E+01    0.777450083668724723E+01   -0.999000000000000022+100   -0.662896350544150970E+01    1
    0.155165890455245981E+01    0.839730048179626465E+01    0.320636941148065013E+00    0.868765827894210751E+01    0.226333558559417725E+01    0.727433000348466496E+01   -0.999000000000000022+100   -0.663146350544149499E+01    1
    0.436468797922134399E+01    0.111970816850662231E+02    0.197106373100251386E+01    0.797288973987102523E+01    0.165953189134597778E+01    0.719256902654393659E+01   -0.999000000000000022+100   -0.663396350544150870E+01    1
    0.113384082317352308E+01    0.116759653091430664E+02    0.140027712060662057E+00    0.864303403496742284E+01    0.103882402181625366E+01    0.709742208347179471E+01   -0.999000000000000022+100   -0.663646350544150021E+01    1
    0.114866470813751214E+02    0.127099901437759399E+02    0.981796917871109176E-01    0.219619257569313042E+01    0.349495410919189453E+01    0.672460047657276583E+01   -0.999000000000000022+100   -0.663896350544151659E+01    1
    0.211843066215515163E+01    0.988609039783477783E+01    0.106136413188502830E-01    0.350539984583854647E+01    0.383861958980560303E+00    0.686950668913129814E+01   -0.999000000000000022+100   -0.664146350544151787E+01    1
    0.728818629384040850E+01    0.635404193401336670E+01    0.130273847850826598E-01    0.242983778595924349E+01    0.310541599988937378E+01    0.720085726127406645E+01   -0.999000000000000022+100   -0.664396350544149605E+01    1
    0.126794994175434113E+02    0.349369609355926514E+01    0.121094573440905018E+00    0.858995439529418903E+01    0.838320553302764893E+00    0.714996479045464106E+01   -0.999000000000000022+100   -0.664646350544150177E+01    1
    0.145573939025402073E+02    0.808688199520111084E+01    0.123059845687713328E-01    0.830143783509731215E+01    0.585967898368835449E+00    0.739500916543981113E+01   -0.999000000000000022+100   -0.664896350544150394E+01    1
    0.144967937707901005E+02    0.105399646759033203E+02    0.818383188075889279E+00    0.268726409435272195E+01    0.420662373304367065E+01    0.724164835981801147E+01   -0.999000000000000022+100   -0.665146350544150700E+01    1
    0.982245032191276479E+01    0.145324534177780151E+02    0.523513594682470558E-02    0.875770592689514182E+00    0.298241764307022095E+01    0.731291432396767060E+01   -0.999000000000000022+100   -0.665396350544153758E+01    1
    0.121662131488323215E+02    0.136181300878524780E+02    0.372506739508356599E+01    0.543786386013031020E+01    0.173688232898712158E+00    0.752231693468540819E+01   -0.999000000000000022+100   -0.665646350544154952E+01    1
    0.144850121140480042E+02    0.151604902744293213E+01    0.160520237458574494E+00    0.200136656343936936E+01    0.150846242904663086E+01    0.721983801819491777E+01   -0.999000000000000022+100   -0.665896350544153570E+01    1
    0.147785791754722617E+01    0.926422619819641113E+01    0.199554409915789144E+01    0.402858340919017799E+01    0.499893426895141602E+01    0.709504261740843312E+01   -0.999000000000000022+100   -0.666146350544152188E+01    1
    0.233197918534278870E+01    0.415423607826232910E+01    0.427740693230566471E+01    0.731298064172267903E+01    0.487851113080978394E+01    0.687511266837983825E+01   -0.999000000000000022+100   -0.666396350544151161E+01    1
    0.592892538309097272E+01    0.111274656057357788E+02    0.103987279241602830E-01    0.835405957341194139E+01    0.673056244850158691E+00    0.708150899807175005E+01   -0.999000000000000022+100   -0.666646350544151556E+01    1
    0.407002666592597961E+01    0.113996105194091797E+02    0.392931264883270501E-01    0.375134706139564500E+01    0.356461316347122192E+01    0.692260685538331000E+01   -0.999000000000000022+100   -0.666896350544149996E+01    1
    0.108230358958244324E+02    0.116152170896530151E+02    0.106359940679677398E+00    0.459478885948658000E+01    0.174592614173889160E+01    0.682851065418907410E+01   -0.999000000000000022+100   -0.667146350544150746E+01    1
    0.195972110629081731E+01    0.912978720664978027E+01    0.832185569729502889E-01    0.756428393363952623E+01    0.259332537651062012E+01    0.725180072960364086E+01   -0.999000000000000022+100   -0.667396350544151140E+01    1
    0.587345497012138384E+01    0.151802754402160645E+01    0.112684471485780160E+00    0.201579254031181332E+01    0.563234090805053711E+00    0.731751199161761523E+01   -0.999000000000000022+100   -0.667646350544149936E+01    1
    0.108357056617736820E+02    0.148145343065261841E+02    0.104378845395736208E+01    0.741144074738025616E+01    0.480829447507858276E+01    0.726634282385886188E+01   -0.999000000000000022+100   -0.667896350544150152E+01    1
    0.146894637346267700E+02    0.789925003051757812E+01    0.102182566934342550E+00    0.749876354873180340E+01    0.117615669965744019E+01    0.677972261233700912E+01   -0.999000000000000022+100   -0.668146350544149747E+01    1
    0.135725385189056400E+02    0.195455038547515869E+01    0.353977186772062927E-01    0.115766336262226099E+01    0.465010285377502441E+01    0.663470675273775434E+01   -0.999000000000000022+100   -0.668396350544151296E+01    1
    0.103517234444618218E+02    0.124688723087310791E+02    0.977334315785268262E-02    0.117014340758323665E+01    0.408034890890121460E+01    0.736558313255677177E+01   -0.999000000000000022+100   -0.668646350544152668E+01    1
    0.745222628116607666E+01    0.636280131340026855E+01    0.165671453807605451E+00    0.199277778685092932E+01    0.267593383789062500E+01    0.695173434123029832E+01   -0.999000000000000022+100   -0.668896350544152263E+01    1
    0.853711562156677317E+01    0.397864294052124023E+01    0.970292286917396885E-01    0.871623930275440273E+01    0.707521438598632812E+00    0.709384070106789455E+01   -0.999000000000000022+100   -0.669146350544153190E+01    1
    0.131058984100818634E+02    0.461825621128082275E+01    0.171778106929785269E-01    0.301687566399574258E+01    0.414759099483489990E+01    0.745168271130626625E+01   -0.999000000000000022+100   -0.669396350544152785E+01    1
    0.125571277379989628E+02    0.132905608415603638E+02    0.311515580484126864E+00    0.658489068627357454E+01    0.323772460222244263E+01    0.780121523346956902E+01   -0.999000000000000022+100   -0.669646350544153623E+01    1
    0.124621062695980065E+02    0.166561102867126465E+01    0.289584125538143100E+01    0.976575636208057318E+01    0.418422788381576538E+01    0.728164673809991836E+01   -0.999000000000000022+100   -0.669896350544153307E+01    1
    0.565688243508338928E+01    0.143870387077331543E+02    0.258006445376631310E+00    0.199025134444236779E+00    0.169580429792404175E+01    0.755525800902430600E+01   -0.999000000000000022+100   -0.670146350544152813E+01    1
    0.119510882318019860E+02    0.402267098426818848E+01    0.733068260081457257E-01    0.812297063171863520E+01    0.175534516572952271E+01    0.751679365868789517E+01   -0.999000000000000022+100   -0.670396350544153474E+01    1
    0.119064339995384239E+01    0.411119103431701660E+01    0.421437574441566021E+01    0.435888272404670740E+01    0.291024714708328247E+01    0.718267159193063165E+01   -0.999000000000000022+100   -0.670646350544153957E+01    1
    0.311911303997039813E+01    0.141909503936767578E+01    0.234003775176934325E+00    0.387642385363578812E+00    0.455584317445755005E+01    0.707762221724195761E+01   -0.999000000000000022+100   -0.670896350544154174E+01    1
    0.411437084674835152E+01    0.100189046859741211E+02    0.121806531021648734E+01    0.983855558633804361E+00    0.176089584827423096E+01    0.744390808913264657E+01   -0.999000000000000022+100   -0.671146350544151993E+01    1
    0.141091198921203613E+02    0.936433780193328857E+01    0.794078116288977953E+00    0.256833121299743627E+01    0.239075779914855957E+01    0.686238619081784762E+01   -0.999000000000000022+100   -0.671396350544151943E+01    1
    0.215804388523101842E+01    0.233283925056457520E+01    0.371731833063403794E+00    0.615324511766433702E+01    0.200229108333587646E+01    0.727058276291360972E+01   -0.999000000000000022+100   -0.671646350544153314E+01    1
    0.281716479063034075E+01    0.315222883224487305E+01    0.513345905768863714E-01    0.397368705034255987E+01    0.335819482803344727E+01    0.727050629800620474E+01   -0.999000000000000022+100   -0.671896350544153709E+01    1
    0.336726407408714312E+01    0.138630706071853638E+02    0.551688609910823673E-02    0.668656979680061347E+01    0.305035799741744995E+01    0.672041390026923846E+01   -0.999000000000000022+100   -0.672146350544153126E+01    1
    0.121341453015804284E+02    0.452953088283538818E+01    0.142817408157390913E+00    0.186275523722171799E+01    0.492268800735473633E+00    0.701565458802680730E+01   -0.999000000000000022+100   -0.672396350544153432E+01    1
    0.685646841526031459E+01    0.565269577503204346E+01    0.109374969079633066E+00    0.666950305104255681E+00    0.441928505897521973E+01    0.753595255797378183E+01   -0.999000000000000022+100   -0.672646350544153382E+01    1
    0.113449519217014316E+02    0.114883091449737549E+02    0.148556076960943279E+00    0.159653358459472677E+00    0.102925688028335571E+01    0.719133631247929461E+01   -0.999000000000000022+100   -0.672896350544152355E+01    1
    0.830829250812530518E+01    0.991896164417266846E+01    0.215064126430094621E+00    0.631064171314239530E+01    0.278870880603790283E+01    0.689041955616025525E+01   -0.999000000000000022+100   -0.673146350544152305E+01    1
    0.101839249789714810E+02    0.673883378505706787E+01    0.481039310118834204E-01    0.814486837387084939E+00    0.479786902666091919E+01    0.746791677588923086E+01   -0.999000000000000022+100   -0.673396350544152700E+01    1
    0.985469845533370936E+01    0.340873754024505615E+01    0.291275418988085483E-01    0.649401900053024317E+01    0.360406547784805298E+01    0.758517356993321545E+01   -0.999000000000000022+100   -0.673646350544152295E+01    1
    0.772381096482276863E+01    0.137394654750823975E+02    0.307176803327726855E+01    0.150382607161998760E+01    0.296647250652313232E+00    0.688086078582489957E+01   -0.999000000000000022+100   -0.673896350544150913E+01    1
    0.909102400541305578E+01    0.114691448211669922E+02    0.601821978442072386E-01    0.908662850677966993E+01    0.351006239652633667E+01    0.741138111943875799E+01   -0.999000000000000022+100   -0.674146350544151751E+01    1
    0.105130911111831669E+02    0.675578093528747559E+01    0.131723849828285583E+00    0.107512083709239969E+01    0.144889056682586670E+01    0.769963516056946862E+01   -0.999000000000000022+100   -0.674396350544153478E+01    1
    0.833649441599845886E+01    0.132657037973403931E+02    0.323615178599174283E-01    0.448162410616874674E+01    0.433759629726409912E+01    0.690869672226367637E+01   -0.999000000000000022+100   -0.674646350544154760E+01    1
    0.849482030868530202E+01    0.138670843839645386E+02    0.205046424767249325E+00    0.466951615214347859E+00    0.210979849100112915E+01    0.725970409189698529E+01   -0.999000000000000022+100   -0.674896350544153822E+01    1
    0.626088994741439819E+01    0.592361903190612793E+01    0.307484123122169876E-01    0.243058328986167904E+01    0.411347687244415283E+01    0.719839002875671508E+01   -0.999000000000000022+100   -0.675146350544153151E+01    1
    0.489329590797424263E+01    0.139368640184402466E+02    0.404669220897619294E-01    0.778284519433975230E+01    0.405552089214324951E+00    0.734870588135541514E+01   -0.999000000000000022+100   -0.675396350544154078E+01    1
    0.122226391673088077E+02    0.188219642639160156E+01    0.808418326334905679E-01    0.134280913770198818E+01    0.468502074480056763E+01    0.727701503853785248E+01   -0.999000000000000022+100   -0.675646350544154206E+01    1
    0.535721485018730181E+01    0.449393844604492188E+01    0.723582300920085353E+00    0.694294334888458220E+01    0.240484267473220825E+01    0.720042023919676222E+01   -0.999000000000000022+100   -0.675896350544154600E+01    1
    0.276286934614181545E+01    0.149664820432662964E+02    0.451034081683875043E+00    0.891898540079593616E+01    0.346273839473724365E+01    0.717429958739983231E+01   -0.999000000000000022+100   -0.676146350544154284E+01    1
    0.771921055912971443E+01    0.125690114498138428E+02    0.516268737852619564E-02    0.740756019711494407E+01    0.438818275928497314E+01    0.703398861901079542E+01   -0.999000000000000022+100   -0.676396350544152813E+01    1
    0.110899331390857689E+02    0.749966561794281006E+01    0.293435015250353252E-01    0.614390726447105440E+01    0.495940238237380981E+01    0.704942302080908778E+01   -0.999000000000000022+100   -0.676646350544152320E+01    1
    0.763359416723251361E+01    0.113522070646286011E+02    0.453296998373448334E+00    0.913147306740284037E+01    0.103020876646041870E+01    0.704094229018817508E+01   -0.999000000000000022+100   -0.676896350544152448E+01    1
    0.781791590452194196E+01    0.114556156396865845E+02    0.317380661716636370E-01    0.894535908997058904E+01    0.103361159563064575E+01    0.684362853755104705E+01   -0.999000000000000022+100   -0.677146350544153020E+01    1
    0.670254932045936602E+01    0.138543604612350464E+02    0.230704490676321905E+01    0.733587630510330158E+01    0.382301956415176392E+01    0.729858551770494746E+01   -0.999000000000000022+100   -0.677396350544153325E+01    1
    0.110005093216896066E+01    0.125090184211730957E+02    0.267701713755765258E+01    0.851901183903217252E+01    0.438106954097747803E+00    0.795436275300292994E+01   -0.999000000000000022+100   -0.677646350544152742E+01    1
    0.138248538970947266E+02    0.129460052251815796E+02    0.541028947130369267E-01    0.324293424069881420E+01    0.136613607406616211E+01    0.746627160707455051E+01   -0.999000000000000022+100   -0.677896350544152249E+01    1
    0.147081406712532043E+02    0.895480406284332275E+01    0.251198825014136418E+01    0.723954672098159779E+01    0.247242093086242676E+01    0.744966062644423399E+01   -0.999000000000000022+100   -0.678146350544152821E+01    1
    0.180610041618347172E+01    0.361630320549011230E+01    0.431395765775458781E-01    0.562543490469455687E+01    0.211271911859512329E+01    0.723588283875542526E+01   -0.999000000000000022+100   -0.678396350544152327E+01    1
    0.930041962862014793E+00    0.118852399587631226E+02    0.597330927406440448E+00    0.171978640496730817E+01    0.164797633886337280E+01    0.703009368012128188E+01   -0.999000000000000022+100   -0.678646350544153254E+01    1
    0.149106054902076735E+01    0.145472418069839478E+02    0.260666862004182676E+01    0.552277687370777137E+01    0.380610525608062744E+01    0.721387621300563264E+01   -0.999000000000000022+100   -0.678896350544155069E+01    1
    0.273824296593666094E+01    0.424958872795104980E+01    0.701210427982767448E+00    0.161377896547317512E+01    0.331983327865600586E+01    0.700763928401168634E+01   -0.999000000000000022+100   -0.679146350544154576E+01    1
    0.524468519687652535E+01    0.106897060871124268E+02    0.169352696275055919E-01    0.878537228524684899E+01    0.111106544733047485E+01    0.730588836410673803E+01   -0.999000000000000022+100   -0.679396350544153282E+01    1
    0.136833034992218021E+02    0.108023288249969482E+02    0.806252138066287406E-02    0.582320363283157327E+01    0.348142683506011963E+01    0.744954958872930906E+01   -0.999000000000000022+100   -0.679646350544152344E+01    1
    0.106161828279495243E+02    0.168234121799468994E+01    0.353208055127205364E-01    0.695685366570949526E+01    0.201810032129287720E+01    0.736466931335130681E+01   -0.999000000000000022+100   -0.679896350544153183E+01    1
    0.107264158308506019E+02    0.108695675134658813E+02    0.832528736660781768E-02    0.327374641716480230E+01    0.743390619754791260E+00    0.718968865954705372E+01   -0.999000000000000022+100   -0.680146350544152245E+01    1
    0.143231959521770484E+02    0.665963053703308105E+01    0.668348920386254396E-02    0.154858488738536848E+01    0.310614347457885742E+01    0.768336642548731419E+01   -0.999000000000000022+100   -0.680396350544151129E+01    1
    0.149066241979598999E+02    0.592019522190093994E+01    0.348417385896105491E+00    0.721630093276500695E+01    0.324819535017013550E+01    0.673925945928573356E+01   -0.999000000000000022+100   -0.680646350544152234E+01    1
    0.699309069514274562E+01    0.915286350250244141E+01    0.179845092785131874E-01    0.630525943696498903E+01    0.469947308301925659E+01    0.681827788975215476E+01   -0.999000000000000022+100   -0.680896350544153428E+01    1
    0.212292094230651873E+01    0.378154730796813965E+01    0.937010381569296398E-02    0.747870823740959145E+00    0.786560177803039551E+00    0.744185253319939211E+01   -0.999000000000000022+100   -0.681146350544153911E+01    1
    0.347737096548080471E+01    0.755819582939147949E+01    0.870722604520196009E+00    0.320960569083690617E+01    0.152849376201629639E+01    0.684796700819716797E+01   -0.999000000000000022+100   -0.681396350544153862E+01    1
    0.148827917873859406E+02    0.259913206100463867E+01    0.133301634831212801E+01    0.574548544645309445E+01    0.247987776994705200E+01    0.718494231063690059E+01   -0.999000000000000022+100   -0.681646350544152657E+01    1
    0.227517927289009103E+01    0.144022510051727295E+02    0.103768467575570487E-01    0.700418184995651227E+01    0.398052245378494263E+01    0.724928149762324558E+01   -0.999000000000000022+100   -0.681896350544151630E+01    1
    0.183921623229980491E+01    0.268983340263366699E+01    0.497337565866356954E-01    0.649992705941200288E+01    0.344542294740676880E+01    0.718644435888061750E+01   -0.999000000000000022+100   -0.682146350544151847E+01    1
    0.102428403675556190E+02    0.111414253711700439E+02    0.256146822836198829E+00    0.106953491687774660E+01    0.382715791463851929E+01    0.717641425726925863E+01   -0.999000000000000022+100   -0.682396350544152064E+01    1
    0.131323063373565674E+02    0.774264681339263916E+01    0.177325249309701227E+00    0.539436561286449390E+01    0.287463337182998657E+01    0.732731594992715696E+01   -0.999000000000000022+100   -0.682646350544153968E+01    1
    0.119965132415294651E+02    0.933125627040863037E+01    0.211948172383125044E+01    0.160672174096107484E+00    0.863662064075469971E+00    0.727007669181509453E+01   -0.999000000000000022+100   -0.682896350544155251E+01    1
    0.891335687041282654E+01    0.125711793899536133E+02    0.189279814935134816E+01    0.780715272426605211E+00    0.357601642608642578E+01    0.703009256713306474E+01   -0.999000000000000022+100   -0.683146350544154934E+01    1
    0.841179364323616063E+01    0.352104067802429199E+01    0.353267346198568366E+00    0.524258649647235853E+01    0.114465326070785522E+01    0.707549575421551946E+01   -0.999000000000000022+100   -0.683396350544154174E+01    1
    0.113253486871719353E+02    0.112333683967590332E+02    0.767914344413703653E+00    0.993030372142791684E+01    0.184614449739456177E+01    0.691253939217986879E+01   -0.999000000000000022+100   -0.683646350544153680E+01    1
    0.228923004865646362E+01    0.545445692539215088E+01    0.212736106643166167E+00    0.209647309243679025E+01    0.850623250007629395E+00    0.681832275585972436E+01   -0.999000000000000022+100   -0.683896350544154874E+01    1
    0.126468844950199131E+02    0.499329984188079834E+01    0.478197319584557512E+01    0.595253605544567144E+01    0.180695265531539917E+01    0.718819464091871208E+01   -0.999000000000000022+100   -0.684146350544154913E+01    1
    0.251924500465393075E+01    0.726992821693420410E+01    0.945610495477217268E-02    0.103180658400058745E+01    0.212839126586914062E+01    0.726638374226438444E+01   -0.999000000000000022+100   -0.684396350544154775E+01    1
    0.549267459511756861E+01    0.224106812477111816E+01    0.135133745191169299E-01    0.881283505320548954E+01    0.800042450428009033E+00    0.720353004296444155E+01   -0.999000000000000022+100   -0.684646350544155524E+01    1
    0.244199726581573495E+01    0.147964681386947632E+02    0.103215786662914810E+00    0.329309557795524599E+01    0.395116001367568970E+01    0.710146263849061921E+01   -0.999000000000000022+100   -0.684896350544155474E+01    1
    0.292969000339508057E+01    0.104285168647766113E+02    0.371459189539107670E+00    0.329204758524894681E+01    0.934149920940399170E+00    0.714905433601919515E+01   -0.999000000000000022+100   -0.685146350544153826E+01    1
    0.144356607735157016E+02    0.625606572628021240E+01    0.784944648461788873E-02    0.433007185637950887E+01    0.105505317449569702E+01    0.750473247576228619E+01   -0.999000000000000022+100   -0.685396350544151556E+01    1
    0.105273497045040134E+02    0.205585360527038574E+01    0.260799514273654144E-01    0.147476035118103033E+01    0.455894500017166138E+01    0.743847267606504836E+01   -0.999000000000000022+100   -0.685646350544151773E+01    1
    0.944647550582885742E+01    0.111127406358718872E+02    0.180971723642804627E+01    0.853613461077213209E+01    0.399250477552413940E+01    0.746003618016323422E+01   -0.999000000000000022+100   -0.685896350544152789E+01    1
    0.279116272926330566E+01    0.650922071933746338E+01    0.567051672372150817E-01    0.795618914246559150E+01    0.152156859636306763E+01    0.719101765985936492E+01   -0.999000000000000022+100   -0.686146350544154071E+01    1
    0.135430541813373573E+02    0.139953700304031372E+02    0.105361324322967831E+01    0.707653383731842034E+01    0.386330485343933105E+01    0.725727245016286382E+01   -0.999000000000000022+100   -0.686396350544154465E+01    1
    0.115686026871204373E+02    0.891323685646057129E+01    0.139326285536600231E-01    0.671493591666221690E+00    0.143091052770614624E+01    0.736804929548843379E+01   -0.999000000000000022+100   -0.686646350544152817E+01    1
    0.106389992415905006E+02    0.652900087833404541E+01    0.171403874576917734E-01    0.455473350644111630E+01    0.261675149202346802E+01    0.688147415836577814E+01   -0.999000000000000022+100   -0.686896350544151790E+01    1
    0.111853906691074378E+02    0.562118554115295410E+01    0.188820697889589585E-01    0.354826155662536591E+01    0.311379730701446533E+01    0.730876419018835310E+01   -0.999000000000000022+100   -0.687146350544153250E+01    1
    0.271640613675117493E+01    0.302850520610809326E+01    0.202507166734454985E+00    0.650996754407882694E+01    0.791111588478088379E+00    0.674911736818269770E+01   -0.999000000000000022+100   -0.687396350544153822E+01    1
    0.119130309760570530E+02    0.117804002761840820E+02    0.248442691016776962E-01    0.481138513386249489E+01    0.288364678621292114E+01    0.694863050707507934E+01   -0.999000000000000022+100   -0.687646350544153773E+01    1
    0.844117940068244899E+01    0.112791496515274048E+02    0.155901215558597039E+01    0.801319220483303063E+01    0.315649211406707764E+00    0.734310471332082138E+01   -0.999000000000000022+100   -0.687896350544152835E+01    1
    0.524066561460494995E+01    0.489753997325897217E+01    0.256300214031470797E+00    0.699911158978939074E+01    0.239132970571517944E+01    0.719399235578311202E+01   -0.999000000000000022+100   -0.688146350544150920E+01    1
    0.122832552850246426E+02    0.146945933103561401E+02    0.294597479661251382E+00    0.452570708572864522E+01    0.296953320503234863E+00    0.758308004435728478E+01   -0.999000000000000022+100   -0.688396350544151847E+01    1
    0.838847455978393519E+01    0.676004338264465332E+01    0.494638798644678912E+00    0.530852970480918951E+00    0.214727342128753662E+01    0.763745749102167260E+01   -0.999000000000000022+100   -0.688646350544154107E+01    1
    0.126103148221969601E+02    0.100453847646713257E+02    0.681421435103643058E+00    0.358343957543373115E+01    0.270806640386581421E+01    0.714282910829477125E+01   -0.999000000000000022+100   -0.688896350544153702E+01    1
    0.122979650378227241E+02    0.113208545446395874E+02    0.639279019971657463E-02    0.769983940839767467E+01    0.209361135959625244E+01    0.724549884667783495E+01   -0.999000000000000022+100   -0.689146350544151343E+01    1
    0.107183446943759915E+02    0.111625907421112061E+02    0.283922095905182514E+01    0.895878768742084475E+01    0.163066804409027100E+01    0.704607021531402733E+01   -0.999000000000000022+100   -0.689396350544150760E+01    1
    0.740659167766570992E+01    0.632662892341613770E+01    0.108946865704255214E+00    0.832693924307823186E+00    0.352696895599365234E+01    0.737224369406518409E+01   -0.999000000000000022+100   -0.689646350544151510E+01    1
    0.832946236729621958E+01    0.284652590751647949E+01    0.134934610997778592E+01    0.773305184543132818E+01    0.187369912862777710E+01    0.722400239150177637E+01   -0.999000000000000022+100   -0.689896350544152792E+01    1
    0.955275731086731028E+01    0.173590469360351562E+01    0.192032647264088266E-01    0.726077155053615542E+01    0.409709513187408447E+01    0.735509327862352436E+01   -0.999000000000000022+100   -0.690146350544152209E+01    1
    0.104496286034584038E+02    0.659171426296234131E+01    0.611703925691254018E-02    0.907277237594127683E+01    0.188829839229583740E+01    0.727386962320919572E+01   -0.999000000000000022+100   -0.690396350544152249E+01    1
    0.196554355025291461E+01    0.278058564662933350E+01    0.264603221798809553E-01    0.125257815659046168E+01    0.242608875036239624E+01    0.767743662884425770E+01   -0.999000000000000022+100   -0.690646350544153442E+01    1
    0.134796680510044098E+02    0.135269606113433838E+02    0.105986671612730565E-01    0.114928537547588361E+01    0.478377670049667358E+01    0.715683925166324109E+01   -0.999000000000000022+100   -0.690896350544152682E+01    1
    0.121216309547424324E+02    0.505429255962371826E+01    0.384995647222716106E-01    0.803709775209426880E+01    0.420992612838745117E+01    0.751439434227055081E+01   -0.999000000000000022+100   -0.691146350544153076E+01    1
    0.624903901815414375E+01    0.120495970249176025E+02    0.795331865344097409E-02    0.802473322451114690E+01    0.477590799331665039E+01    0.740031771804548288E+01   -0.999000000000000022+100   -0.691396350544153826E+01    1
    0.868818122148513794E+01    0.107887988090515137E+02    0.249829540428714754E-01    0.176568134009838107E+01    0.878542363643646240E+00    0.688713152661410799E+01   -0.999000000000000022+100   -0.691646350544152089E+01    1
    0.379043923020362872E+01    0.100348738431930542E+02    0.720221111925212903E-02    0.826707861423492507E+00    0.252916097640991211E+01    0.690343636726612608E+01   -0.999000000000000022+100   -0.691896350544152217E+01    1
    0.490916464328765834E+01    0.184545326232910156E+01    0.395296888059867113E+01    0.785239320576190902E+01    0.187061727046966553E+01    0.714344454782465910E+01   -0.999000000000000022+100   -0.692146350544153677E+01    1
    0.126486651539802555E+02    0.121847094297409058E+02    0.370512562199161444E+01    0.634093108415603623E+01    0.234562605619430542E+01    0.722682157187308949E+01   -0.999000000000000022+100   -0.692396350544152206E+01    1
    0.528281705379486066E+01    0.645555210113525391E+01    0.460493357859796504E+00    0.840439001858234391E+01    0.153486996889114380E+01    0.748300590920955511E+01   -0.999000000000000022+100   -0.692646350544152334E+01    1
    0.174847012162208570E+01    0.516122174263000488E+01    0.820518228524733662E+00    0.460893199741840309E+01    0.219997137784957886E+01    0.723917292336001417E+01   -0.999000000000000022+100   -0.692896350544152639E+01    1
    0.136932938396930695E+02    0.121039440631866455E+02    0.272300392075353441E-01    0.850700755894184191E+01    0.321648567914962769E+01    0.710757634002686967E+01   -0.999000000000000022+100   -0.693146350544152234E+01    1
    0.136003496587276462E+02    0.232159149646759033E+01    0.378431256531443561E+01    0.395975648820400217E+01    0.458379089832305908E+00    0.684595755186874566E+01   -0.999000000000000022+100   -0.693396350544152806E+01    1
    0.963204947710037196E+01    0.113773862123489380E+02    0.792423409119419851E-02    0.142204334080219263E+01    0.138566702604293823E+01    0.699843668032166821E+01   -0.999000000000000022+100   -0.693646350544154089E+01    1
    0.495156652927398699E+01    0.698118078708648682E+01    0.864891394058065810E+00    0.973239868879318237E+00    0.448530197143554688E+01    0.657847646035793421E+01   -0.999000000000000022+100   -0.693896350544153240E+01    1
    0.963255836367607188E+01    0.228518128395080566E+01    0.137439748165365423E-01    0.866675618350505772E+01    0.159966081380844116E+01    0.741546344928376033E+01   -0.999000000000000022+100   -0.694146350544151414E+01    1
    0.130425078392028801E+02    0.179090428352355957E+01    0.141233096732593544E+01    0.822374823033809577E+01    0.486634135246276855E+01    0.756999650941315316E+01   -0.999000000000000022+100   -0.694396350544153496E+01    1
    0.650135706067085284E+01    0.265583229064941406E+01    0.295090109803501199E+00    0.693783497989177711E+01    0.267426073551177979E+00    0.672833296510736556E+01   -0.999000000000000022+100   -0.694646350544154600E+01    1
    0.299110531806945801E+00    0.149838514328002930E+02    0.340293458556933326E+00    0.396326845467090605E+01    0.180378675460815430E+01    0.744380655850363748E+01   -0.889656959150480400E+16   -0.694896350544153751E+01    1
    0.536798751354217507E+00    0.143182754516601562E+02    0.656049571628242068E+00    0.701929140388965589E+01    0.239542722702026367E+00    0.715966261006366800E+01   -0.883590150978763400E+16   -0.695146350544152813E+01    1
    0.552115082740783691E+00    0.141183851957321167E+02    0.945262359591805268E-01    0.948336341381073034E+01    0.252075493335723877E+00    0.671318097459953833E+01   -0.399509158864522100E+16   -0.695396350544152142E+01    1
    0.493248540163040206E+00    0.148993910551071167E+02    0.161802287622902718E+00    0.456875993609428388E+01    0.185777604579925537E+01    0.716057116863268206E+01   -0.287762207161662200E+16   -0.695646350544152892E+01    1
    0.547756242752075240E+00    0.147364050149917603E+02    0.380048041517867141E+00    0.412484451651573192E+01    0.152307003736495972E+01    0.702148801919976862E+01   -0.281123323242976350E+16   -0.695896350544152753E+01    1
    0.316129368543624889E+00    0.145042610168457031E+02    0.242577982980149182E+00    0.753696883738040935E+01    0.168570578098297119E+01    0.662757213012611679E+01   -0.197012643467030525E+16   -0.696146350544153414E+01    1
    0.548702967166900701E+00    0.140670939683914185E+02    0.141173911917638617E+01    0.944441917121410413E+01    0.317347645759582520E+00    0.712327039119869987E+01   -0.176472639009366250E+16   -0.696396350544154430E+01    1
    0.498063868284225442E+00    0.140658180713653564E+02    0.301415552780552831E+01    0.852079044938087549E+01    0.386702716350555420E+00    0.694100331595474529E+01   -0.115413588995498350E+16   -0.696646350544154380E+01    1
    0.136619406938552873E+00    0.138602768182754517E+02    0.290686408912704308E+00    0.709378939449787094E+01    0.102102071046829224E+01    0.737713112727081111E+01   -0.114597881706610500E+16   -0.696896350544153265E+01    1
    0.287274700403213512E+00    0.137928094863891602E+02    0.114629991820820273E+00    0.535499800503253898E+01    0.696663260459899902E+00    0.692722351627393973E+01   -0.660540395149478875E+15   -0.697146350544151527E+01    1
    0.469719862937927224E+00    0.144528713226318359E+02    0.222433105104628714E+00    0.857249936223030140E+01    0.174808740615844727E+01    0.722051314860134852E+01   -0.539604187946386125E+15   -0.697396350544152011E+01    1
    0.338316112756729126E+00    0.140803335905075073E+02    0.141044834051171519E+00    0.996542100429534905E+01    0.117225527763366699E+01    0.720569306448139102E+01   -0.525785759654125375E+15   -0.697646350544153115E+01    1
    0.271364223957061779E+00    0.143935225009918213E+02    0.100921117688193823E-01    0.487010904788970933E+01    0.198211014270782471E+01    0.652462789701939094E+01   -0.515881734229184312E+15   -0.697896350544153865E+01    1
    0.440515279769897461E+00    0.145380426645278931E+02    0.201098727505664793E+00    0.141703738927841183E+01    0.217870056629180908E+01    0.675881499559167143E+01   -0.431439157062039125E+15   -0.698146350544153194E+01    1
    0.508306431770324751E+00    0.144777659177780151E+02    0.803468256100044909E+00    0.433380294859409343E+01    0.167213499546051025E+01    0.733679127872847126E+01   -0.422198042207663125E+15   -0.698396350544151723E+01    1
    0.327209419012069680E+00    0.146490824222564697E+02    0.714032871692570903E-01    0.780152149617671942E+01    0.282654881477355957E+01    0.718705181636061585E+01   -0.138828754463199172E+15   -0.698646350544151318E+01    1
    0.192034757137298590E+00    0.144185839891433716E+02    0.113564840133108629E-01    0.334973660647869087E+01    0.270811319351196289E+01    0.690776646356959922E+01   -0.126094811347927688E+15   -0.698896350544151179E+01    1
    0.333481246232986472E+00    0.149648030996322632E+02    0.164326582398989585E+01    0.821769309520721514E+01    0.379134267568588257E+01    0.696634870376444937E+01   -0.790064465445941250E+14   -0.699146350544153172E+01    1
    0.474381548166275091E+00    0.148241640329360962E+02    0.138367923057582231E-01    0.224682908236980428E+01    0.321588456630706787E+01    0.710373009435761738E+01   -0.688439412029536562E+14   -0.699396350544154721E+01    1
    0.326337295770645186E+00    0.143038867712020874E+02    0.364102507850425222E-01    0.342436559617519354E+01    0.227772593498229980E+01    0.748668821849400246E+01   -0.635491443961811172E+14   -0.699646350544154494E+01    1
    0.265687429904937766E+00    0.136496787071228027E+02    0.140095587513403258E+00    0.968272794902324740E+01    0.150282531976699829E+01    0.715148404903863533E+01   -0.487047615679080391E+14   -0.699896350544154533E+01    1
    0.231406414508819602E+00    0.134242705106735229E+02    0.189304417381717591E-01    0.745823123991489378E+01    0.112287104129791260E+01    0.743846456645070209E+01   -0.294691964512186562E+14   -0.700146350544153595E+01    1
    0.547965836524963446E+00    0.148652222156524658E+02    0.303280112755235631E+01    0.423584659397602081E+01    0.298178255558013916E+01    0.810462200042988101E+01   -0.238186771939520820E+14   -0.700396350544152480E+01    1
    0.506688296794891357E+00    0.147748229503631592E+02    0.160640878069410342E+01    0.865779405951500003E+01    0.353577792644500732E+01    0.731522111617928505E+01   -0.209070872395496289E+14   -0.700646350544153584E+01    1
    0.682630723714828469E+00    0.138752688169479370E+02    0.682048411111409094E-02    0.614873934447765347E+01    0.147476851940155029E+01    0.740642457148595401E+01   -0.202689145358111094E+14   -0.700896350544153979E+01    1
    0.458858287334442116E+00    0.140079028606414795E+02    0.791320413180993804E-02    0.602553291559219328E+01    0.217428714036941528E+01    0.714280509877983150E+01   -0.162855214798717441E+14   -0.701146350544154107E+01    1
    0.685917615890502930E+00    0.143495353460311890E+02    0.120860546660083723E+01    0.181965772807598114E+01    0.256552159786224365E+01    0.737552364497296242E+01   -0.145018663393672480E+14   -0.701396350544154057E+01    1
    0.272941505908966042E+00    0.127765595912933350E+02    0.675715303109057502E-01    0.948430184364318762E+01    0.435788333415985107E+00    0.700600348312389709E+01   -0.117998159356974941E+14   -0.701646350544153208E+01    1
    0.319380736351013161E+00    0.148951394557952881E+02    0.207016194283808005E-01    0.325152361273765544E+01    0.442442774772644043E+01    0.721820404882789024E+01   -0.112546125776656699E+14   -0.701896350544152625E+01    1
    0.406085062026977583E+00    0.126631357669830322E+02    0.826448411090581758E-01    0.651257799863815290E+01    0.116161406040191650E+00    0.709029476251829482E+01   -0.981691573164846484E+13   -0.702146350544151598E+01    1
    0.499230843782424993E+00    0.128250086307525635E+02    0.247593652178684259E+00    0.143706714987754824E+01    0.279346704483032227E+00    0.719749056259441300E+01   -0.910335395633636719E+13   -0.702396350544153236E+01    1
    0.193053418397903465E+00    0.132332956790924072E+02    0.242979890398770504E+01    0.111932176947593692E+00    0.101660251617431641E+01    0.730356281766145266E+01   -0.909416884793721875E+13   -0.702646350544154696E+01    1
    0.309316682815551802E+00    0.126083648204803467E+02    0.732538338766456687E+00    0.921244539022445608E+01    0.178499519824981689E+00    0.742032022337500319E+01   -0.838060104441846094E+13   -0.702896350544153314E+01    1
    0.136927580833435064E+00    0.123946549892425537E+02    0.135614151351728593E-01    0.820104549288749674E+01    0.562195181846618652E+00    0.737561364309575040E+01   -0.292926766305448438E+13   -0.703146350544151755E+01    1
    0.402212017774581931E+00    0.138913931846618652E+02    0.758474789261748099E-02    0.341973716020584106E+01    0.264864683151245117E+01    0.760989935139646079E+01   -0.247950885318908984E+13   -0.703396350544152327E+01    1
    0.564524632692337103E+00    0.129105304479598999E+02    0.321322931344124729E+01    0.213311175107955897E+01    0.529891550540924072E+00    0.709143138881223223E+01   -0.234414093874164404E+13   -0.703646350544152632E+01    1
    0.168253856897354115E+00    0.121230975389480591E+02    0.134090036338623098E+00    0.425110620141029383E+01    0.272468924522399902E+00    0.710186512989811369E+01   -0.217670612813536768E+13   -0.703896350544151961E+01    1
    0.178958237171173096E+00    0.120108336210250854E+02    0.180012495333330358E+00    0.819002608776092522E+01    0.225707590579986572E+00    0.693507592479378321E+01   -0.166146501363851245E+13   -0.704146350544150845E+01    1
    0.682654702663421653E+00    0.143118258714675903E+02    0.440872451603742596E-01    0.334943888127803779E+01    0.372067809104919434E+01    0.721503489750289528E+01   -0.136734085285552637E+13   -0.704396350544150884E+01    1
    0.611446994543075606E+00    0.131442983150482178E+02    0.856190573410384737E+00    0.581940168201923402E+01    0.181513071060180664E+01    0.752011608524184272E+01   -0.431712857787883179E+12   -0.704646350544151279E+01    1
    0.311684381961822521E+00    0.128174959421157837E+02    0.104033187191179786E-01    0.174317748308181764E+01    0.156346052885055542E+01    0.738383784505425833E+01   -0.374439857668075012E+12   -0.704896350544151762E+01    1
    0.603614759445190385E+00    0.128122771978378296E+02    0.455534505428159708E+00    0.825721795558929439E+00    0.125132024288177490E+01    0.738602626483302060E+01   -0.364246392201243347E+12   -0.705146350544152156E+01    1
    0.240193367004394531E+00    0.124810062646865845E+02    0.246903850463235069E+00    0.211049475848674772E+01    0.159540325403213501E+01    0.701346082466929666E+01   -0.267502202506104950E+12   -0.705396350544152728E+01    1
    0.271894425153732300E+00    0.131571365594863892E+02    0.413253371714627060E+00    0.484724017977714539E+01    0.263440132141113281E+01    0.779296056445770624E+01   -0.208700076075470734E+12   -0.705646350544153478E+01    1
    0.525897210836410500E+00    0.124612311124801636E+02    0.236763249931422892E-01    0.120018393397331238E+00    0.366057157516479492E+00    0.687845214922086345E+01   -0.168528763247702026E+12   -0.705896350544154227E+01    1
    0.603615647554397561E+00    0.131682524681091309E+02    0.254860094943672344E+01    0.323274429798126217E+01    0.241759955883026123E+01    0.712148181265348601E+01   -0.102842038611027756E+12   -0.706146350544154533E+01    1
    0.104141253232955935E+00    0.130030993223190308E+02    0.110688113165907742E+01    0.694819998502731284E+01    0.342937380075454712E+01    0.720433625504830122E+01   -0.924385462699876709E+11   -0.706396350544153684E+01    1
    0.436203509569168091E+00    0.129070307016372681E+02    0.104388959653626559E+00    0.450100006222724947E+01    0.264581888914108276E+01    0.686782093071903432E+01   -0.675483859649609222E+11   -0.706646350544153545E+01    1
    0.711510258913040206E+00    0.122501022815704346E+02    0.425934870259085593E-01    0.947217370986938434E+01    0.878531634807586670E+00    0.721509870726269487E+01   -0.613598542297570114E+11   -0.706896350544155450E+01    1
    0.711453419923782304E+00    0.127242603302001953E+02    0.383081375634980126E+00    0.618245850980281819E+01    0.197099447250366211E+01    0.716921782974608846E+01   -0.576185506188858032E+11   -0.707146350544153979E+01    1
    0.225157678127288818E+00    0.132707214355468750E+02    0.427932643492782844E-01    0.529858568310737632E+00    0.358491063117980957E+01    0.733264370389269082E+01   -0.502486820950538712E+11   -0.707396350544152686E+01    1
    0.728041523694992088E+00    0.118238842487335205E+02    0.139939490483010492E-01    0.354379151046276064E+01    0.310156941413879395E+00    0.696339706071633469E+01   -0.412747623124346848E+11   -0.707646350544154679E+01    1
    0.267350858449935891E+00    0.125729100704193115E+02    0.179809528390439177E+00    0.811622715592384303E+01    0.246305912733078003E+01    0.741485163603049369E+01   -0.372363472894815979E+11   -0.707896350544152941E+01    1
    0.224491596221923828E+00    0.117195919752120972E+02    0.831423888619170215E-01    0.567809415638446779E+01    0.854992568492889404E+00    0.718752750637658355E+01   -0.347800775645456238E+11   -0.708146350544153069E+01    1
    0.559042334556579590E+00    0.130832738876342773E+02    0.277981735704340926E+00    0.567711761772632606E+01    0.335117936134338379E+01    0.687033335882448881E+01   -0.329020387018676834E+11   -0.708396350544153908E+01    1
    0.512165266275405928E+00    0.134525154829025269E+02    0.197468144035916893E-01    0.254439589321613280E+01    0.400838851928710938E+01    0.692321950457712898E+01   -0.257679362689733658E+11   -0.708646350544154124E+01    1
    0.310170155763626110E+00    0.133585155010223389E+02    0.997177399434999723E-01    0.276845732927322352E+01    0.405261814594268799E+01    0.748253528407569224E+01   -0.238006020929352303E+11   -0.708896350544155673E+01    1
    0.497470611333847068E+00    0.133506306409835815E+02    0.927203730297101840E-02    0.808819335103035009E+01    0.349350154399871826E+01    0.772784887073278171E+01   -0.208724220154323997E+11   -0.709146350544154203E+01    1
    0.542105203866958596E+00    0.137567197084426880E+02    0.998612833789913390E+00    0.862428508818149631E+01    0.456340909004211426E+01    0.745270760411716449E+01   -0.205336734860756607E+11   -0.709396350544152199E+01    1
    0.624058145284652754E+00    0.128043731451034546E+02    0.271212100789580191E+00    0.887102187097072559E+01    0.272993862628936768E+01    0.740903403453567933E+01   -0.176519062611027603E+11   -0.709646350544153037E+01    1
    0.454056280851364180E+00    0.126679840087890625E+02    0.148281758024100319E+00    0.229359575688838957E+01    0.270025104284286499E+01    0.721301655687398213E+01   -0.152438006922577972E+11   -0.709896350544154053E+01    1
    0.580258375406265237E+00    0.121327105760574341E+02    0.224601801051483203E-01    0.558035752296447729E+01    0.146669626235961914E+01    0.714359902168196470E+01   -0.110771866218608513E+11   -0.710146350544153915E+01    1
    0.124241828918457031E+00    0.118719644546508789E+02    0.111507928333559797E+00    0.110560259222984306E+00    0.183827012777328491E+01    0.713230213198432583E+01   -0.105019664825758057E+11   -0.710396350544152710E+01    1
    0.119729346036911016E+00    0.106228754520416260E+02    0.155632385035209708E+00    0.697554366290569305E+01    0.399053096771240234E-03    0.704811153391796363E+01   -0.952554255250503159E+10   -0.710646350544152217E+01    1
    0.678172415494918801E+00    0.127402870655059814E+02    0.117619109606734010E+00    0.487981667578220346E+01    0.271525770425796509E+01    0.743937519639772304E+01   -0.918738341685637665E+10   -0.710896350544153144E+01    1
    0.701644253730773881E+00    0.121958578824996948E+02    0.624711319072595098E-02    0.120646766841411601E+01    0.152242600917816162E+01    0.716295537861559239E+01   -0.768775392161731148E+10   -0.711146350544151939E+01    1
    0.673811799287795998E+00    0.123590759038925171E+02    0.414147571626486943E+01    0.363106965303420992E+01    0.142617464065551758E+01    0.737815278388781426E+01   -0.741190501687992477E+10   -0.711396350544151357E+01    1
    0.634944587945938110E+00    0.115876129865646362E+02    0.254091665056351879E+01    0.859653054952621432E+01    0.435683429241180420E+00    0.746823661905365022E+01   -0.694648638334263134E+10   -0.711646350544154149E+01    1
    0.330080676078796431E+00    0.108544253110885620E+02    0.331048802639515471E+00    0.354749699831008902E+01    0.366401672363281250E-01    0.688207196286917977E+01   -0.557419528108966923E+10   -0.711896350544153389E+01    1
    0.236169344186782842E+00    0.116209315061569214E+02    0.529485109881966485E-02    0.214795335233211482E+01    0.128137916326522827E+01    0.725385079738507255E+01   -0.524341477691572380E+10   -0.712146350544156537E+01    1
    0.234395790100097673E+00    0.133767118453979492E+02    0.143709970457575831E+01    0.702570148110389758E+00    0.489248722791671753E+01    0.746704073854534744E+01   -0.450991786745939922E+10   -0.712396350544155688E+01    1
    0.441302144527435325E+00    0.130617204904556274E+02    0.117615025598007628E+01    0.944951563119888327E+01    0.373527020215988159E+01    0.772370197965493688E+01   -0.430466671124157333E+10   -0.712646350544154750E+01    1
    0.227154147624969494E+00    0.107738360166549683E+02    0.251291167972150370E-01    0.883895924866199501E+01    0.258791446685791016E+00    0.709014976612058057E+01   -0.232998100925247240E+10   -0.712896350544153723E+01    1
    0.669119030237197876E+00    0.121978981494903564E+02    0.126199950016290613E+00    0.249054574072360957E+01    0.243493467569351196E+01    0.698826041395796960E+01   -0.206508692269789457E+10   -0.713146350544152074E+01    1
    0.341866773366928112E+00    0.120814652442932129E+02    0.942951672115489581E+00    0.906500115275382967E+01    0.243930250406265259E+01    0.739779584337421792E+01   -0.192728411574746609E+10   -0.713396350544153002E+01    1
    0.212887561321258550E+00    0.132402075529098511E+02    0.358159944227184820E-01    0.924585021138191299E+00    0.497311353683471680E+01    0.759921674815837989E+01   -0.192146660157398963E+10   -0.713646350544153840E+01    1
    0.169985669851303089E+00    0.124932086467742920E+02    0.205483252266551819E+01    0.350249886512756348E+00    0.375109702348709106E+01    0.701918733884571378E+01   -0.173521592408625054E+10   -0.713896350544153169E+01    1
    0.227061784267425543E+00    0.129421641826629639E+02    0.310269239468029326E-01    0.616094131410121904E+01    0.475244164466857910E+01    0.720230232243607293E+01   -0.121086567648514700E+10   -0.714146350544152320E+01    1
    0.552392172813415572E+00    0.123982481956481934E+02    0.788845825243867337E-02    0.330950023651123049E+01    0.303995221853256226E+01    0.712785719393314210E+01   -0.111755536676317334E+10   -0.714396350544151826E+01    1
    0.489583313465118408E+00    0.125517780780792236E+02    0.101856119420758191E-01    0.195491726398468013E+01    0.337289005517959595E+01    0.728345603487341720E+01   -0.103274804051679587E+10   -0.714646350544152398E+01    1
    0.689577513933181785E+00    0.119171741008758545E+02    0.864686538985590634E-02    0.427161053597927065E+01    0.188609927892684937E+01    0.728875311782133917E+01   -0.985822360959074736E+09   -0.714896350544152526E+01    1
    0.178072792291641246E+00    0.127345793247222900E+02    0.188815903739721525E+01    0.184096830248832699E+01    0.460632264614105225E+01    0.707066536108913279E+01   -0.978355804426398516E+09   -0.715146350544152209E+01    1
    0.283634340763092019E+00    0.106534560918807983E+02    0.132116645401059807E+01    0.707130399644374830E+01    0.218696892261505127E+00    0.728255843043287410E+01   -0.958250057226655722E+09   -0.715396350544154291E+01    1
    0.295621150732040427E+00    0.113736261129379272E+02    0.178154175064491022E+00    0.472267136037349733E+01    0.171678841114044189E+01    0.712512537066643858E+01   -0.807832773659223676E+09   -0.715646350544154330E+01    1
    0.130542075634002691E+00    0.107986146211624146E+02    0.223923957709187410E-01    0.149838127315044400E+01    0.104884356260299683E+01    0.735214209059535229E+01   -0.481760473737499118E+09   -0.715896350544152416E+01    1
    0.189065808057785056E+00    0.122749893665313721E+02    0.126340929201874830E+01    0.197322146296501161E+00    0.378977268934249878E+01    0.718747668950707475E+01   -0.419388896164608836E+09   -0.716146350544153698E+01    1
    0.561807906627655007E+00    0.120198341608047485E+02    0.354842653996311555E-01    0.286370140731334688E+01    0.279820799827575684E+01    0.706605592950948758E+01   -0.376267203851924598E+09   -0.716396350544155514E+01    1
    0.501042586565017767E+00    0.124586884975433350E+02    0.218715287390203017E+00    0.912463074684143116E+01    0.410436511039733887E+01    0.713392725598921729E+01   -0.355449780159717977E+09   -0.716646350544155020E+01    1
    0.455417752265930176E+00    0.106227477788925171E+02    0.958147350928534036E-01    0.369596600592136371E+01    0.251835286617279053E+00    0.755703219632293965E+01   -0.342538199937957644E+09   -0.716896350544153993E+01    1
    0.706891202926635764E+00    0.110486954450607300E+02    0.304729109533507680E+00    0.191443318665027618E+01    0.894469320774078369E+00    0.713383781919280580E+01   -0.299861445676929116E+09   -0.717146350544152789E+01    1
    0.222281980514526356E+00    0.112123765945434570E+02    0.381884413541288270E-01    0.850582201719284114E+01    0.172601491212844849E+01    0.760270980723356171E+01   -0.249032381660062581E+09   -0.717396350544151140E+01    1
    0.704244637489318870E+00    0.124858586788177490E+02    0.199752055918988591E+00    0.974612793505191810E+01    0.410775512456893921E+01    0.722584577007791129E+01   -0.219645547275599271E+09   -0.717646350544152867E+01    1
    0.511242520809173651E+00    0.124932144880294800E+02    0.531365482731219283E-02    0.118202562034130110E+01    0.399935573339462280E+01    0.725954824576561020E+01   -0.183632082488305658E+09   -0.717896350544152639E+01    1
    0.330725443363189708E+00    0.115183039903640747E+02    0.166661642408733823E+00    0.469195272326469459E+00    0.241320520639419556E+01    0.741633084037662194E+01   -0.166446767971557647E+09   -0.718146350544151257E+01    1
    0.682181340456008867E+00    0.104293112754821777E+02    0.781599468831981836E+00    0.491643687546253183E+01    0.174360871315002441E+00    0.698207319400748716E+01   -0.122891522171843290E+09   -0.718396350544153606E+01    1
    0.137851214408874517E+00    0.991198384761810303E+01    0.722170627884818672E+00    0.392448141098022463E+01    0.267905890941619873E+00    0.738507982075340941E+01   -0.942553918543900698E+08   -0.718646350544155155E+01    1
    0.553393959999084473E+00    0.114654189348220825E+02    0.272969870030878199E-01    0.988585156261920872E+01    0.231468111276626587E+01    0.695084592712807758E+01   -0.932163274143984616E+08   -0.718896350544153506E+01    1
    0.387107056379318304E+00    0.103300458192825317E+02    0.749770381201761253E-02    0.483036451995372751E+01    0.336540341377258301E+00    0.726887049381865324E+01   -0.911828835365369171E+08   -0.719146350544154345E+01    1
    0.350159049034118652E+00    0.113816378116607666E+02    0.646985834148481598E-01    0.143733748435974129E+01    0.237975478172302246E+01    0.732980519312266132E+01   -0.768063631594876945E+08   -0.719396350544153229E+01    1
    0.487234264612197876E+00    0.101452902555465698E+02    0.274101552256076664E+01    0.146763816893100740E+01    0.812408328056335449E-01    0.662085603370809661E+01   -0.506677129153038189E+08   -0.719646350544152558E+01    1
    0.651001602411270142E+00    0.109131215810775757E+02    0.282653218558508224E+00    0.292959513962268803E+01    0.153522014617919922E+01    0.746116313334222880E+01   -0.350915482369571924E+08   -0.719896350544154728E+01    1
    0.417230832576751753E+00    0.121452909708023071E+02    0.686187704580632163E+00    0.376845673322677621E+01    0.471580564975738525E+01    0.684897489297394202E+01   -0.327923512106131539E+08   -0.720146350544152902E+01    1
    0.693732088804244973E+00    0.106274049282073975E+02    0.271647132990460438E+01    0.103792066872119904E+01    0.722103118896484375E+00    0.706042238096534280E+01   -0.287903818394951373E+08   -0.720396350544150454E+01    1
    0.451218771934509322E+00    0.113072394132614136E+02    0.553518978551932259E-01    0.578094154059886911E+01    0.259403824806213379E+01    0.717955870573512200E+01   -0.287279649626805447E+08   -0.720646350544151826E+01    1
    0.561673802137374945E+00    0.114540802240371704E+02    0.159002022550334202E-01    0.789878658652305665E+00    0.253155708312988281E+01    0.730401674595199424E+01   -0.286985752618352845E+08   -0.720896350544152131E+01    1
    0.344135004281997725E+00    0.104250212907791138E+02    0.144310082821650099E+01    0.723978728294372509E+01    0.964623391628265381E+00    0.732260395970928357E+01   -0.281335378997089453E+08   -0.721146350544153858E+01    1
    0.484317713975906394E+00    0.996450340747833252E+01    0.125640311850742759E+01    0.459465964674949667E+01    0.724315643310546875E-02    0.752024189256212416E+01   -0.276426929724121280E+08   -0.721396350544157183E+01    1
    0.618606042861938432E+00    0.114614268541336060E+02    0.234561583748333513E+01    0.160700750350952148E+01    0.236795216798782349E+01    0.768189715914315752E+01   -0.241086344118154533E+08   -0.721646350544157311E+01    1
    0.465205603837966941E+00    0.103642046451568604E+02    0.141685105232638928E-01    0.572299528479576125E+01    0.789656937122344971E+00    0.710027033230442584E+01   -0.240813922739781030E+08   -0.721896350544154153E+01    1
    0.680887365341186546E+00    0.118686925172805786E+02    0.181136371253304562E-01    0.854311805307865058E+01    0.346801608800888062E+01    0.738772271483469378E+01   -0.233769625441897400E+08   -0.722146350544153215E+01    1
    0.252548742294311568E+00    0.117127426862716675E+02    0.927238980286222980E+00    0.169790360271930707E+01    0.387306153774261475E+01    0.756355485131057304E+01   -0.191455886858184263E+08   -0.722396350544156540E+01    1
    0.147191458940506004E+00    0.101111489534378052E+02    0.877176816927635779E-02    0.329380540847778347E+00    0.103903353214263916E+01    0.708907370404775872E+01   -0.183972593266379759E+08   -0.722646350544155958E+01    1
    0.349667036533355735E+00    0.977995812892913818E+01    0.170386984132123165E-01    0.280383720576763151E+01    0.991770625114440918E-01    0.724399352081348891E+01   -0.175670542754538283E+08   -0.722896350544154398E+01    1
    0.316184431314468384E+00    0.119959684610366821E+02    0.811311884628862057E+00    0.311152548253536221E+01    0.478112697601318359E+01    0.699738504039177922E+01   -0.162240306702490710E+08   -0.723146350544155947E+01    1
    0.186197215318679832E+00    0.104540848731994629E+02    0.162018834911245545E-01    0.955368020534515416E+00    0.154146492481231689E+01    0.753630215954258276E+01   -0.136559763287798036E+08   -0.723396350544155720E+01    1
    0.287206315994262718E+00    0.107534492015838623E+02    0.302965518307867221E+00    0.414811471819877653E+01    0.228845119476318359E+01    0.728901893547100066E+01   -0.114836982132256571E+08   -0.723646350544153627E+01    1
    0.351186591386795088E+00    0.100235801935195923E+02    0.223771576919634368E+00    0.437889878928661336E+01    0.982033312320709229E+00    0.691732246749907986E+01   -0.842589414845863543E+07   -0.723896350544151890E+01    1
    0.278477090597152754E+00    0.113058633804321289E+02    0.857356572754639362E-01    0.406192208170890812E+01    0.344043910503387451E+01    0.738935457136455920E+01   -0.808369114721244201E+07   -0.724146350544153172E+01    1
    0.501996415853500411E+00    0.117784726619720459E+02    0.216246427526258014E-01    0.244513967037200919E+01    0.407215237617492676E+01    0.716673761442631996E+01   -0.793211432724791393E+07   -0.724396350544154721E+01    1
    0.300202906131744385E+00    0.992097854614257812E+01    0.107836042819426520E-01    0.787858825981617006E+01    0.705810487270355225E+00    0.725029936836613675E+01   -0.672925146924554929E+07   -0.724646350544153783E+01    1
    0.345230042934417725E+00    0.974919807910919189E+01    0.144027038740003263E-01    0.843784659028053241E+01    0.376817882061004639E+00    0.724186351607191892E+01   -0.652537054891998786E+07   -0.724896350544153822E+01    1
    0.405919873714447044E+00    0.110931357145309448E+02    0.555771963858334828E+00    0.667165971875190689E+01    0.297020256519317627E+01    0.734157079655556899E+01   -0.625577082214255258E+07   -0.725146350544154306E+01    1
    0.565759992599487282E+00    0.101937000751495361E+02    0.876991920560574352E-02    0.624064711391925808E+01    0.889020860195159912E+00    0.763092366849596626E+01   -0.433656877050974499E+07   -0.725396350544152924E+01    1
    0.693343985080719039E+00    0.107492593526840210E+02    0.126412406033824514E-01    0.898572824537754045E+01    0.194056659936904907E+01    0.725644975833004757E+01   -0.415108802473357925E+07   -0.725646350544151186E+01    1
    0.644915390014648482E+00    0.111652368307113647E+02    0.764390445051614020E+00    0.651045343160629297E+01    0.295079916715621948E+01    0.742005014352288494E+01   -0.377992830704186903E+07   -0.725896350544152913E+01    1
    0.637799859046936035E+00    0.117203338146209717E+02    0.257367484796946400E+01    0.900464570462703762E+01    0.384520858526229858E+01    0.747550893969982511E+01   -0.362024071309009660E+07   -0.726146350544154107E+01    1
    0.420272606611251875E+00    0.116967493295669556E+02    0.954030124595410811E-01    0.462023483693599690E+01    0.445628762245178223E+01    0.744001749216124075E+01   -0.315582311209938535E+07   -0.726396350544153080E+01    1
    0.371961241960525490E+00    0.100488920211791992E+02    0.704349868117583062E-02    0.713961644828319564E+01    0.110423445701599121E+01    0.726205509352658218E+01   -0.290691122882736847E+07   -0.726646350544152231E+01    1
    0.154848736524581920E+00    0.108323553800582886E+02    0.278984636863804392E+01    0.373341090440750101E+01    0.307683825492858887E+01    0.725857657276735857E+01   -0.265645680885541299E+07   -0.726896350544152803E+01    1
    0.639151561260223433E+00    0.107824702262878418E+02    0.142585775861173869E+01    0.924387147605419202E+01    0.255643516778945923E+01    0.666588655474930203E+01   -0.239307850209974404E+07   -0.727146350544152398E+01    1
    0.304060852527618386E+00    0.102401046752929688E+02    0.199573390562696296E+01    0.652031885385513288E+01    0.168174117803573608E+01    0.716449923672552380E+01   -0.232375155245371163E+07   -0.727396350544151549E+01    1
    0.139345902204513566E+00    0.107222527265548706E+02    0.350577559309979581E+01    0.775483049750328113E+00    0.295322120189666748E+01    0.723262273423511282E+01   -0.154084160166919930E+07   -0.727646350544151943E+01    1
    0.488720959424972512E+00    0.101245028972625732E+02    0.247946863832264747E-01    0.711048225104808829E+01    0.144990921020507812E+01    0.716709476901674769E+01   -0.128812987498996058E+07   -0.727896350544154469E+01    1
    0.382150518894195601E+00    0.108317670822143555E+02    0.393748688094863741E+01    0.116092881262302394E+01    0.282887965440750122E+01    0.687390506110947541E+01   -0.944836358936816454E+06   -0.728146350544153353E+01    1
    0.450636172294616721E+00    0.107075085639953613E+02    0.199783256539282118E-01    0.118499691784381866E+01    0.282506942749023438E+01    0.754960084831209244E+01   -0.541406946445058100E+06   -0.728396350544150817E+01    1
    0.705290830135345437E+00    0.105272599458694458E+02    0.172099672868409659E+01    0.858895761132240310E+01    0.234261602163314819E+01    0.721457721754085934E+01   -0.534999592968309298E+06   -0.728646350544151122E+01    1
    0.212362688779830944E+00    0.103051095008850098E+02    0.181583706978537429E+00    0.574748854160308831E+01    0.302414029836654663E+01    0.710826501811286526E+01   -0.503612650980360399E+06   -0.728896350544151073E+01    1
    0.207013254095713639E+00    0.928090810444005498E+01    0.805228184165418526E-02    0.389705640295899214E+00    0.819872541054117554E+00    0.674541964963050589E+01   -0.415984025645296788E+06   -0.729146350544154043E+01    1
    0.397557437419891357E+00    0.112784620523452759E+02    0.316000851027744278E-01    0.655100777208805063E+01    0.465078622102737427E+01    0.698361023515814239E+01   -0.404987151750782912E+06   -0.729396350544156746E+01    1
    0.649681872129440285E+00    0.114168430566787720E+02    0.100985655785157058E+00    0.730640151023864703E+01    0.456868022680282593E+01    0.763332963032158318E+01   -0.269862472536771093E+06   -0.729646350544155187E+01    1
    0.520735520124435469E+00    0.105876468420028687E+02    0.103081822457987737E+01    0.390667208492755869E+01    0.313708782196044922E+01    0.717771683482947687E+01   -0.223197968557514192E+06   -0.729896350544155670E+01    1
    0.607699173688888594E+00    0.108021944761276245E+02    0.201125363026175874E+01    0.206190784573554997E+00    0.286222785711288452E+01    0.718455584620112031E+01   -0.185968181748188770E+06   -0.730146350544156686E+01    1
    0.114974409341812134E+00    0.923857140541076660E+01    0.970200938286363765E-02    0.182287732839584349E+01    0.136850923299789429E+01    0.741533849705372283E+01   -0.148925847260819341E+06   -0.730396350544155748E+01    1
    0.178959125280380271E+00    0.949646615982055664E+01    0.271162190088644839E+00    0.986571407914161758E+00    0.197927802801132202E+01    0.754328812334875831E+01   -0.986386038276620238E+05   -0.730646350544155698E+01    1
    0.564493548870086737E+00    0.907056021690368652E+01    0.399469994887862653E-01    0.968021038472652506E+01    0.468286871910095215E+00    0.692715693967102197E+01   -0.973306374271514069E+05   -0.730896350544155382E+01    1
    0.478193312883377075E+00    0.988827502727508545E+01    0.148502138667684830E+00    0.141552315890789027E+01    0.225340664386749268E+01    0.707787345569654214E+01   -0.867728275320518296E+05   -0.731146350544155865E+01    1
    0.400981098413467407E+00    0.113255267143249512E+02    0.234704078160820062E+01    0.150032005965709692E+01    0.487072765827178955E+01    0.766540164024756709E+01   -0.828215338462408690E+05   -0.731396350544155460E+01    1
    0.578129577636718794E+00    0.990561938285827637E+01    0.245547227222243127E-01    0.100290878057479849E+01    0.183272361755371094E+01    0.762400898183617137E+01   -0.694165833549376548E+05   -0.731646350544156032E+01    1
    0.534516310691833474E+00    0.108789343833923340E+02    0.445696652484341913E-01    0.996642136096954268E+01    0.437804937362670898E+01    0.715654969272115249E+01   -0.576241321009680978E+05   -0.731896350544157581E+01    1
    0.384188397956749972E+00    0.107046799859407216E+02    0.653015005101589829E+00    0.869663823093595134E+01    0.444146111997924109E+01    0.736065734801342497E+01   -0.354505018804303400E+05   -0.732146350544156910E+01    1
    0.321588575839996338E+00    0.106393394470214844E+02    0.400271409613225770E+00    0.114848687648773207E+01    0.446847379207611084E+01    0.730596278356460083E+01   -0.344996798815873844E+05   -0.732396350544154373E+01    1
    0.503916507959365823E+00    0.899100148677825928E+01    0.318510274761198073E-01    0.636426321268081630E+01    0.668250918388366699E+00    0.724011409321753696E+01   -0.292550334315746550E+05   -0.732646350544152813E+01    1
    0.499040788412094094E+00    0.108016262054443359E+02    0.403399878737453255E+00    0.495107601165771438E+01    0.468850523233413696E+01    0.727347032896528578E+01   -0.266493023384795124E+05   -0.732896350544155784E+01    1
    0.635986357504815136E+00    0.870195250515475394E+01    0.810954261043591862E-01    0.812016337098799390E+01    0.174713817929021908E+00    0.724506225586801289E+01   -0.229765386256359998E+05   -0.733146350544154046E+01    1
    0.164242267608642578E+00    0.975409471988677979E+01    0.217719478425432156E+01    0.940174383640289335E+01    0.275921225547790527E+01    0.756810769612559842E+01   -0.228434274013622598E+05   -0.733396350544153375E+01    1
    0.372439044713974043E+00    0.992248308658599854E+01    0.167480181929746015E-01    0.567550578713417075E+00    0.292302846908569336E+01    0.672428966589552424E+01   -0.194841303535351799E+05   -0.733646350544156611E+01    1
    0.672513383626937911E+00    0.901757502555847168E+01    0.368380743088369933E+00    0.432100552856922171E+01    0.803562998771667480E+00    0.725213211839936545E+01   -0.184970359158635692E+05   -0.733896350544153719E+01    1
    0.359944236278534002E+00    0.988203907012939453E+01    0.118653351013998307E+00    0.456617984950542422E+01    0.318743467330932617E+01    0.725066513641168964E+01   -0.100571769558840770E+05   -0.734146350544150650E+01    1
    0.126206326484680192E+00    0.866106486320495605E+01    0.296096860668831174E+00    0.295494108140468592E+01    0.156072705984115601E+01    0.663602372788111694E+01   -0.875860561922075431E+04   -0.734396350544150422E+01    1
    0.323451828956604015E+00    0.107968347072601318E+02    0.315725704902200066E+01    0.493653397560119667E+00    0.484791010618209839E+01    0.722879328746132632E+01   -0.843423350240889704E+04   -0.734646350544152593E+01    1
    0.150099128484725952E+00    0.103244140148162842E+02    0.687678993511454603E-02    0.930768946826457899E+01    0.479312002658843994E+01    0.710101772436300394E+01   -0.774353863466767871E+04   -0.734896350544156096E+01    1
    0.521382063627243042E+00    0.108912827968597412E+02    0.210251445165313688E-01    0.971612735748291101E+01    0.497154563665390015E+01    0.755218392983999731E+01   -0.765149502095817843E+04   -0.735146350544157823E+01    1
    0.451644176244735740E+00    0.888860094547271729E+01    0.732969568529033555E-01    0.989901875734329195E+01    0.105621010065078735E+01    0.693787683656419141E+01   -0.758923302798917575E+04   -0.735396350544155997E+01    1
    0.618463057279586836E+00    0.101561124324798584E+02    0.506968126711831914E-02    0.536075958311557788E+01    0.340203613042831421E+01    0.724630638260260707E+01   -0.651742870421516636E+04   -0.735646350544153549E+01    1
    0.586173182725906350E+00    0.885888147354125977E+01    0.101417434361664640E-01    0.609136293470859513E+01    0.758616328239440918E+00    0.717399311892088498E+01   -0.612347446350448081E+04   -0.735896350544152344E+01    1
    0.528313755989074707E+00    0.101231393814086914E+02    0.378409131714001301E+01    0.771363003969192462E+01    0.336510449647903442E+01    0.679987973094330478E+01   -0.556674681401256566E+04   -0.736146350544152295E+01    1
    0.139480639517307274E+02    0.883735227584838867E+01    0.583287961395124038E-01    0.693610459566116333E-01    0.132815033197402954E+01    0.735424682483727210E+01   -0.257332726949922244E+04   -0.736396350544154643E+01    1
    0.149804385066032406E+02    0.196722257137298584E+01    0.553638412475779412E-01    0.761247670650482128E-01    0.147245198488235474E+01    0.747288996476198975E+01   -0.257332726949922244E+04   -0.736646350544156725E+01    1
    0.140194856941699975E+02    0.126224155426025391E+02    0.974352513907120604E-01    0.557133227586746257E-01    0.113410651683807373E+00    0.744971752350415173E+01   -0.257332726949922244E+04   -0.736896350544154632E+01    1
    0.147001254856586456E+02    0.136844642162322998E+02    0.486807667734563895E-01    0.108907938003540046E-01    0.100369930267333984E+01    0.747394829614084699E+01   -0.257332726949922244E+04   -0.737146350544152007E+01    1
    0.142553008913993828E+02    0.138158290386199951E+02    0.824520045173494920E-02    0.692288559675216658E-01    0.429598391056060791E+00    0.722345675770558149E+01   -0.257332726949922244E+04   -0.737396350544153822E+01    1
    0.143068369805812843E+02    0.139340785741806030E+02    0.479864861657202033E-01    0.100375133752822875E-01    0.463684022426605225E+01    0.745498938817886803E+01   -0.257332726949922244E+04   -0.737646350544155016E+01    1
    0.136525447249412544E+02    0.112016061544418335E+02    0.547871686531371024E-02    0.432029098272323636E-01    0.346228897571563721E+01    0.744237903027060810E+01   -0.257332726949922244E+04   -0.737896350544154433E+01    1
    0.143887206494808204E+02    0.946486163139343262E+01    0.575356195595086179E-02    0.712176603078842202E-01    0.279388010501861572E+01    0.721539893147907829E+01   -0.257332726949922244E+04   -0.738146350544154561E+01    1
    0.148869055092334754E+02    0.124312237501144409E+02    0.170784168152188082E-01    0.540091437101364175E-01    0.328679472208023071E+01    0.728636894781196354E+01   -0.257332726949922244E+04   -0.738396350544153446E+01    1
    0.140093985497951508E+02    0.648084056377410889E+01    0.114772316428087118E+01    0.610318857431411746E-01    0.901053845882415771E+00    0.716066036973201747E+01   -0.257332726949922244E+04   -0.738646350544153130E+01    1
    0.142376683712005612E+02    0.110432071685791016E+02    0.198608357045496481E+00    0.150154787302017208E-01    0.365530103445053101E+01    0.685583316465612214E+01   -0.257332726949922244E+04   -0.738896350544154057E+01    1
    0.139411846578121192E+02    0.691826128959655762E+01    0.677500087903371351E+00    0.269310367107391396E-01    0.349323451519012451E+01    0.681773735845736084E+01   -0.257332726949922244E+04   -0.739146350544154362E+01    1
    0.144134571552276611E+02    0.509323120117187500E+01    0.159823802372573276E+01    0.139353317022323613E-01    0.128138273954391479E+01    0.721406101501452479E+01   -0.257332726949922244E+04   -0.739396350544153691E+01    1
    0.139833003961511153E+02    0.102292154174935277E+02    0.126313288888460756E-01    0.547897131951226649E-01    0.233707528666642261E+01    0.752759983075662831E+01   -0.257332726949922244E+04   -0.739646350544154352E+01    1
    0.146139042913913730E+02    0.538394212722778320E+01    0.541546294943066539E-02    0.570667815208435111E-01    0.451863676309585571E+01    0.694093980275750599E+01   -0.257332726949922244E+04   -0.739896350544154302E+01    1
    0.149936988651752472E+02    0.742136609554290771E+01    0.188030482007394872E+01    0.153108221292495728E-01    0.106427967548370361E+00    0.731054368452515480E+01   -0.257332726949922244E+04   -0.740146350544152654E+01    1
    0.480057454109191872E+00    0.107725393772125244E+01    0.131493750183069813E+01    0.579823222935199745E+01    0.448756694793701172E+01    0.712766478384749647E+01   -0.257332726658545607E+04   -0.740396350544153936E+01    1
    0.327012258768081709E+00    0.102909862995147705E+01    0.282525425591955059E+01    0.954567968010902490E+01    0.416141092777252197E+01    0.702740457976952460E+01   -0.257332726533431196E+04   -0.740646350544155663E+01    1
    0.503833913803100608E+00    0.117619812488555908E+01    0.661568297189406018E-01    0.527919002354145039E+01    0.412121444940567017E+01    0.756283067777980023E+01   -0.257332726532388597E+04   -0.740896350544154902E+01    1
    0.171123337745666515E+00    0.100093209743499756E+01    0.304928291407188801E+00    0.669565994262695341E+01    0.444779098033905029E+01    0.770581079265063273E+01   -0.257332726521033192E+04   -0.741146350544154320E+01    1
    0.484618655171222046E+00    0.114826626182019753E+01    0.162699451470142559E-01    0.533037188747842094E+01    0.412983249612959380E+01    0.722294322324722415E+01   -0.257332726497143949E+04   -0.741396350544154359E+01    1
    0.564965483441286720E+00    0.108231844955722223E+01    0.408908111865364798E-01    0.732126430393658723E+01    0.368676417409661727E+01    0.720321246614502897E+01   -0.257332726333522032E+04   -0.741646350544153510E+01    1
    0.441900730133056641E+00    0.129427826404571533E+01    0.117073805056652347E+01    0.571917016506195086E+00    0.409514218568801880E+01    0.716795554694847059E+01   -0.257332726282578869E+04   -0.741896350544153549E+01    1
    0.368431007862091042E+00    0.156828486919403076E+01    0.561974133055392726E-02    0.146341469287872339E+00    0.419317930936813354E+01    0.736046052860751665E+01   -0.257332726265362362E+04   -0.742146350544155275E+01    1
    0.446336835622787476E+00    0.178315627574920654E+01    0.188305596520902063E+01    0.886576880753040264E+01    0.499584496021270752E+01    0.709996849211207515E+01   -0.257332726093958127E+04   -0.742396350544155403E+01    1
    0.632258945703506492E+00    0.130251109600067139E+01    0.158682430783297712E+01    0.828906199395656529E+01    0.362334787845611572E+01    0.720871229541474179E+01   -0.257332725994157909E+04   -0.742646350544154910E+01    1
    0.288831555843353294E+00    0.149185037612915039E+01    0.299214592346221364E+01    0.581644229352474174E+01    0.423895567655563354E+01    0.709359943835714901E+01   -0.257332725840550711E+04   -0.742896350544154505E+01    1
    0.482025504112243652E+00    0.114531290531158447E+01    0.263796183017088841E-01    0.116170825719833370E+01    0.316750138998031616E+01    0.717074784701909618E+01   -0.257332725615651771E+04   -0.743146350544154011E+01    1
    0.299796152114868208E+00    0.119743692874908447E+01    0.130571127665005862E-01    0.227320038974285099E+01    0.340463340282440186E+01    0.734504165811833332E+01   -0.257332725478312113E+04   -0.743396350544154139E+01    1
    0.164790230989456166E+00    0.129015183448791504E+01    0.311952917379062639E-01    0.477769758105278053E+00    0.395634561777114868E+01    0.694452906858361008E+01   -0.257332725162027873E+04   -0.743646350544153645E+01    1
    0.572535176872369322E+00    0.146328106772004896E+01    0.532121980790980272E-02    0.796752941172969731E+01    0.343376048486617558E+01    0.719366432813990375E+01   -0.257332725100834705E+04   -0.743896350544153950E+01    1
    0.543402731418609619E+00    0.174541008472442627E+01    0.118960483645017012E+01    0.969211224734783094E+01    0.370721191167831421E+01    0.760561423096999967E+01   -0.257332724750685338E+04   -0.744146350544154078E+01    1
    0.500555014610290505E+00    0.120106017589569092E+01    0.310957032047444459E-01    0.666307630121707906E+01    0.279675662517547607E+01    0.732876819210224806E+01   -0.257332724695422348E+04   -0.744396350544154561E+01    1
    0.642073440551757857E+00    0.179118967056274414E+01    0.140054120179603198E+00    0.582117195606231697E+01    0.374396294355392456E+01    0.746426302669367736E+01   -0.257332724247793840E+04   -0.744646350544155311E+01    1
    0.142436522245407121E+00    0.127854692935943604E+01    0.910547962988995235E-01    0.193220083117485042E+01    0.359395533800125122E+01    0.737963354237922164E+01   -0.257332724118674105E+04   -0.744896350544155084E+01    1
    0.263702505826950095E+00    0.155927515029907227E+01    0.117113997439630968E-01    0.368081000685691828E+01    0.334042459726333618E+01    0.783643410529339679E+01   -0.257332723958840143E+04   -0.745146350544153524E+01    1
    0.236935782432556169E+00    0.160982537269592285E+01    0.286260643166352455E-01    0.115587343871593484E+01    0.365923464298248291E+01    0.737273509186152864E+01   -0.257332723652163804E+04   -0.745396350544153474E+01    1
    0.621367174386978194E+00    0.215578830242156982E+01    0.114704335617584929E+01    0.274755642473697659E+01    0.419221371412277222E+01    0.701127508093659912E+01   -0.257332722653369774E+04   -0.745646350544153602E+01    1
    0.210068702697753906E+00    0.215773260593414307E+01    0.507388138610784356E+00    0.838448887526988962E+01    0.495199412107467651E+01    0.723034424381175622E+01   -0.257332722543889577E+04   -0.745896350544152664E+01    1
    0.148267847299575817E+00    0.150136494636535645E+01    0.476057461941167270E+00    0.974104159772396017E+01    0.356325954198837280E+01    0.725024703635891310E+01   -0.257332721056154469E+04   -0.746146350544154657E+01    1
    0.249601107835769664E+00    0.238246738910675049E+01    0.459262347475336874E+01    0.946151693403720806E+01    0.415230393409729004E+01    0.703925005111752000E+01   -0.257332720533908423E+04   -0.746396350544156384E+01    1
    0.242474919557571417E+00    0.251042175292968750E+01    0.483920638926125690E+01    0.148456384658813478E+01    0.420269668102264404E+01    0.715725921093248374E+01   -0.257332720264564932E+04   -0.746646350544154203E+01    1
    0.147229647636413580E+00    0.198061156272888184E+01    0.101791695602219257E+01    0.325229055285453761E+01    0.440717786550521851E+01    0.701652014036341587E+01   -0.257332720207066995E+04   -0.746896350544154330E+01    1
    0.610363501310348555E+00    0.256531202793121338E+01    0.212269177174652691E-01    0.226620687842369106E+00    0.385129451751708984E+01    0.744907109450042260E+01   -0.257332719833817009E+04   -0.747146350544152860E+01    1
    0.394012446876784383E+00    0.238460974928030467E+01    0.579662388327885532E-02    0.828489358896054640E+01    0.396497721724159602E+01    0.774970245450966200E+01   -0.257332719287212194E+04   -0.747396350544152899E+01    1
    0.629374366998672441E+00    0.172061395645141602E+01    0.132903419165574903E-01    0.906942475378513357E+01    0.273833900690078735E+01    0.706061090244538470E+01   -0.257332719211356243E+04   -0.747646350544152227E+01    1
    0.308125728368759177E+00    0.142463088035583496E+01    0.919386200321976321E-01    0.468587669372558580E+01    0.228736430406570435E+01    0.776342165948990104E+01   -0.257332718389783622E+04   -0.747896350544153421E+01    1
    0.214564429748234364E+00    0.113541649355088481E+01    0.203553729534823175E-01    0.289757759898555545E+01    0.200471824812625643E+01    0.733853679640012047E+01   -0.257332717730305012E+04   -0.748146350544153549E+01    1
    0.569980287551879905E+00    0.219005143642425537E+01    0.270352288185822409E+00    0.603014229714870442E+01    0.381369084119796753E+01    0.701989172121839289E+01   -0.257332717256890282E+04   -0.748396350544154654E+01    1
    0.721794563531875655E+00    0.107471883296966553E+01    0.866994732249187494E-01    0.866399210274219556E+01    0.133000582456588745E+01    0.695832312180252455E+01   -0.257332716591705685E+04   -0.748646350544155847E+01    1
    0.377417977348682987E+00    0.106193111480696656E+01    0.147830256767259471E+01    0.251054794230573330E+01    0.159783407663539934E+01    0.676209705285846763E+01   -0.257332715993589818E+04   -0.748896350544153755E+01    1
    0.470701223611831643E+00    0.210383367538452148E+01    0.167159125883727611E+00    0.214285808324813809E+01    0.328706860542297363E+01    0.755564051617199439E+01   -0.257332715659485348E+04   -0.749146350544152462E+01    1
    0.596208816766738869E+00    0.306844353675842285E+01    0.136322238480991675E+01    0.939704096913337672E+01    0.489632546901702881E+01    0.753883245790327727E+01   -0.257332715451676404E+04   -0.749396350544153744E+01    1
    0.610088187456131026E+00    0.228542160987854004E+01    0.216072076186685329E-01    0.806276171803474440E+00    0.330181449651718140E+01    0.728177303449644064E+01   -0.257332715323193679E+04   -0.749646350544154938E+01    1
    0.530383050441741943E+00    0.142872560024261475E+01    0.333134346157619055E+01    0.803322256088256914E+01    0.167494267225265503E+01    0.694864811888088418E+01   -0.257332714628573649E+04   -0.749896350544153645E+01    1
    0.416300094127655007E+00    0.250833559036254883E+01    0.167413168810145695E-01    0.459958699882030508E+01    0.413613796234130859E+01    0.709874055036107521E+01   -0.257332714450827416E+04   -0.750146350544153506E+01    1
    0.220220679044723533E+00    0.223280274868011475E+01    0.486150349693012540E+01    0.319950208842754336E+01    0.296393215656280518E+01    0.744890092124410241E+01   -0.257332714023730114E+04   -0.750396350544153812E+01    1
    0.551039582490920998E+00    0.226290941238403320E+01    0.213770461369400533E-01    0.254556416690349563E+01    0.316581457853317261E+01    0.728684521172792277E+01   -0.257332711583213495E+04   -0.750646350544153140E+01    1
    0.140759772062301641E+00    0.130241763591766357E+01    0.464169972569987641E-01    0.475896703958511313E+01    0.230245351791381836E+01    0.694429264802342772E+01   -0.257332711300304209E+04   -0.750896350544153712E+01    1
    0.544536846876144454E+00    0.167121112346649170E+01    0.179229227840969757E+00    0.251357776224613172E+01    0.213658511638641357E+01    0.745588756347940240E+01   -0.257332710947996111E+04   -0.751146350544155084E+01    1
    0.399736857414245583E+00    0.116412675380706787E+01    0.179897008200547437E-01    0.621503976941108682E+01    0.141207009553909302E+01    0.681707108329346756E+01   -0.257332710486645874E+04   -0.751396350544156100E+01    1
    0.138079458475112937E+00    0.309169757366180420E+01    0.491597297070638906E+01    0.845367783010005880E+01    0.444047689437866211E+01    0.739722375439740176E+01   -0.257332705422890831E+04   -0.751646350544156139E+01    1
    0.269160825014114424E+00    0.114238560199737549E+01    0.842034196516721178E+00    0.844313299894332836E+01    0.133201122283935547E+01    0.724712936604460189E+01   -0.257332703804123412E+04   -0.751896350544154934E+01    1
    0.671603959798812822E+00    0.181737685203552246E+01    0.332033881512536211E-01    0.427036664009094213E+01    0.181627124547958374E+01    0.728282151805323874E+01   -0.257332701123058905E+04   -0.752146350544153108E+01    1
    0.582248628139495850E+00    0.124601364135742188E+01    0.631802124776123408E+00    0.568663589239120437E+01    0.100061267614364624E+01    0.710293625609448398E+01   -0.257332699418737775E+04   -0.752396350544152792E+01    1
    0.579350727796554610E+00    0.271003413200378418E+01    0.585029712951334435E+00    0.272799652814865123E+00    0.318365931510925293E+01    0.723158591495216463E+01   -0.257332695504960930E+04   -0.752646350544152831E+01    1
    0.290966570377349854E+00    0.110662126541137695E+01    0.525192097537506147E-01    0.161300428450107569E+01    0.888034999370574951E+00    0.739811470174388841E+01   -0.257332694359753668E+04   -0.752896350544152071E+01    1
    0.151256334781646740E+00    0.302014553546905518E+01    0.766485923664641855E+00    0.739017185449600245E+01    0.479573458433151245E+01    0.746095681938893929E+01   -0.257332688425548486E+04   -0.753146350544151932E+01    1
    0.704217106103897095E+00    0.352721488475799561E+01    0.706431306686702148E-01    0.906006968617439346E+00    0.473087400197982788E+01    0.727327697123589534E+01   -0.257332686487670162E+04   -0.753396350544152504E+01    1
    0.411493647098541304E+00    0.278658878803253174E+01    0.720446517388751654E-02    0.794096049845218666E+01    0.335336089134216309E+01    0.750511388991070749E+01   -0.257332681915809326E+04   -0.753646350544152721E+01    1
    0.285915893316268932E+00    0.151127505302429199E+01    0.400591259947636613E+00    0.578351150453090668E+01    0.138912975788116455E+01    0.759004663159352422E+01   -0.257332680965477903E+04   -0.753896350544153382E+01    1
    0.319262617826461814E+00    0.199946796894073486E+01    0.241809047507175967E+00    0.232234648406505562E+01    0.210662871599197388E+01    0.767556297550180044E+01   -0.257332680039713478E+04   -0.754146350544155730E+01    1
    0.319061017036437966E+00    0.200972771644592285E+01    0.261925707474566449E+01    0.785481847524642962E+01    0.206141799688339233E+01    0.705444841769846764E+01   -0.257332678195326980E+04   -0.754396350544156391E+01    1
    0.325627782877086269E+00    0.214052062048741920E+01    0.391685040896676906E+01    0.854756317770844198E+01    0.186488854028186357E+01    0.724975568342518084E+01   -0.257332674146994259E+04   -0.754646350544156075E+01    1
    0.280199134349823020E+00    0.211768245697021484E+01    0.423468824005310918E+01    0.603072226583957693E+01    0.176480948925018311E+01    0.731135907861637246E+01   -0.257332672356812509E+04   -0.754896350544155137E+01    1
    0.487496256828308105E+00    0.355468797683715820E+01    0.725268325278971039E-02    0.892128979384899168E+01    0.461296081542968750E+01    0.744695835036623155E+01   -0.257332670283047401E+04   -0.755146350544154288E+01    1
    0.232779431343078630E+00    0.158227801322937012E+01    0.342881375850474823E+01    0.748249703466892235E+01    0.117041498422622681E+01    0.699919831099940826E+01   -0.257332666119815804E+04   -0.755396350544155126E+01    1
    0.371713459491729736E+00    0.338258624076843262E+01    0.316758163855284103E+00    0.900605573117733016E+01    0.498646229505538940E+01    0.671297253362964419E+01   -0.257332660148904279E+04   -0.755646350544156054E+01    1
    0.572306245565414429E+00    0.306440222263336182E+01    0.465365658294280760E+01    0.307297667264938346E+00    0.246233731508255005E+01    0.746598676483935009E+01   -0.257332658851391534E+04   -0.755896350544155382E+01    1
    0.448436325788497903E+00    0.302049350738525391E+01    0.124031657309066665E+00    0.908613964200019808E+01    0.373573720455169678E+01    0.719956453632659432E+01   -0.257332657784922276E+04   -0.756146350544154888E+01    1
    0.181142097711563116E+00    0.354696249961853027E+01    0.204316188607097965E+00    0.693645353496074701E+01    0.498319715261459351E+01    0.774396117353477553E+01   -0.257332650554838438E+04   -0.756396350544155549E+01    1
    0.436191964149475142E+00    0.289235222339630127E+01    0.333696684944896016E+00    0.818707389831543009E+00    0.318988710641860962E+01    0.755869041369029038E+01   -0.257332649476441566E+04   -0.756646350544155588E+01    1
    0.565891108570885426E+00    0.185063412656443793E+01    0.491328332244654123E-01    0.316640545406126339E+01    0.129214149266187528E+01    0.666314189517417166E+01   -0.257332648759163476E+04   -0.756896350544154206E+01    1
    0.437563204765319846E+00    0.353376710414886475E+01    0.623534469642191946E+00    0.645076726973056758E+01    0.423138976097106934E+01    0.777255335439571038E+01   -0.257332644807266070E+04   -0.757146350544152291E+01    1
    0.589274460077285789E+00    0.229467499256134033E+01    0.534041110843265152E-02    0.787744201779365572E+01    0.187939196825027466E+01    0.696791097169601326E+01   -0.257332639487360711E+04   -0.757396350544153663E+01    1
    0.355339390039444036E+00    0.298374533653259277E+01    0.130551058579092299E+00    0.740799904406070731E+01    0.376702040433883667E+01    0.679114128748945767E+01   -0.257332636326678130E+04   -0.757646350544155300E+01    1
    0.162666903712333472E+00    0.236514624559973452E+01    0.234945474797898379E+01    0.712013403382575749E+01    0.246685969172571573E+01    0.741161431592635100E+01   -0.257332629380195021E+04   -0.757896350544153474E+01    1
    0.616322714090347334E+00    0.390256476402282715E+01    0.710166604760760663E-02    0.402884129285812409E+00    0.482356041669845581E+01    0.679273324486298513E+01   -0.257332626803636458E+04   -0.758146350544153247E+01    1
    0.487017171497925339E+00    0.186527460488888908E+01    0.141860070340530653E+01    0.766359070739404125E+01    0.105713825778711601E+01    0.725753676082510868E+01   -0.257332624745609564E+04   -0.758396350544155684E+01    1
    0.281988674402236961E+00    0.138034331798553467E+01    0.406689749066095674E+00    0.190335364103317262E+01    0.589744746685028076E+00    0.747305324783023117E+01   -0.257332616895728324E+04   -0.758646350544156611E+01    1
    0.561161363124847434E+00    0.214997792243957520E+01    0.122485517619865725E+01    0.611763361096382141E+01    0.128138720989227295E+01    0.743747359999141100E+01   -0.257332605415562102E+04   -0.758896350544155673E+01    1
    0.457066045584820446E+00    0.134898771568920073E+01    0.423450558485299944E+00    0.374298358534835085E+01    0.244795972175329168E+00    0.737837214901015948E+01   -0.257332604933258517E+04   -0.759146350544154735E+01    1
    0.706847056808734053E+00    0.309245376093298940E+01    0.168376119573809135E+01    0.967190010494969421E+01    0.306594625933017184E+01    0.684148266592789334E+01   -0.257332602393958086E+04   -0.759396350544153709E+01    1
    0.599987530894024457E+00    0.428688885867572012E+01    0.477266581063326978E+01    0.496467568297478667E+01    0.483176035278935778E+01    0.704137729050773675E+01   -0.257332591565484972E+04   -0.759646350544154547E+01    1
    0.200133041440098192E+00    0.262761373014593680E+01    0.250857720933924500E+00    0.805264917507427036E+01    0.273811254842142215E+01    0.762582678108903966E+01   -0.257332588896833158E+04   -0.759896350544154231E+01    1
    0.194921112060546881E+00    0.304925084114074707E+01    0.273486945918760860E+01    0.260360152661800370E+01    0.328666150569915771E+01    0.730228363982306039E+01   -0.257332581063935413E+04   -0.760146350544154181E+01    1
    0.576491016149520918E+00    0.218302023410797119E+01    0.126115143779365491E-01    0.652657644212245902E+01    0.112150877714157104E+01    0.740457656217842075E+01   -0.257332564934275160E+04   -0.760396350544156086E+01    1
    0.155106180968795193E+00    0.360426317330484469E+01    0.393605570033263064E+01    0.335893144634461693E+01    0.410988893277225920E+01    0.729142056318790210E+01   -0.257332562988261907E+04   -0.760646350544154970E+01    1
    0.642431792429841719E+00    0.343637175229960024E+01    0.135654024046161763E-01    0.729280141538470250E+01    0.337817398100804978E+01    0.721448474827083164E+01   -0.257332555895151745E+04   -0.760896350544154476E+01    1
    0.151700373317223858E+00    0.291322616857148509E+01    0.164092398570147846E-01    0.901599989410925318E+01    0.305315293536628296E+01    0.749177081159797176E+01   -0.257332545988599804E+04   -0.761146350544154160E+01    1
    0.207285368442535423E+00    0.368621885776519775E+01    0.655850794818466865E+00    0.391625526368618004E+01    0.448507577180862427E+01    0.757466253433130809E+01   -0.257332538239541509E+04   -0.761396350544153933E+01    1
    0.423752218484878540E+00    0.179570662975311279E+01    0.378428607717531706E+01    0.516798554658889797E+00    0.127192139625549316E+00    0.739986378584219207E+01   -0.257332533656420401E+04   -0.761646350544155126E+01    1
    0.525444275140762307E+00    0.359311425685882568E+01    0.188033217484450677E+00    0.510336066544055900E+01    0.385941505432128906E+01    0.736118608464378354E+01   -0.257332527052340265E+04   -0.761896350544154100E+01    1
    0.271661339891586251E+00    0.202919447610385983E+01    0.273894305484849054E+00    0.827824251713745696E+01    0.122532840425068712E+01    0.739002285113568202E+01   -0.257332506995398398E+04   -0.762146350544154316E+01    1
    0.546263331174850486E+00    0.218302273750305176E+01    0.710756035134282437E-02    0.208040962696075438E+01    0.901234447956085205E+00    0.739113442334417314E+01   -0.257332502724472215E+04   -0.762396350544154444E+01    1
    0.541183346509933494E+00    0.253922748565673828E+01    0.253705359691466098E-01    0.120338740348815931E+01    0.141033470630645752E+01    0.733958853291189683E+01   -0.257332480878738988E+04   -0.762646350544154927E+01    1
    0.121993136405944835E+00    0.152419841289520264E+01    0.112741553094760527E+00    0.210620870649814584E+01    0.698291063308715820E+00    0.738302266534885643E+01   -0.257332480325420147E+04   -0.762896350544157276E+01    1
    0.723177349567413308E+00    0.226231276988983154E+01    0.965934473381994604E-02    0.951031528532505099E+01    0.948352217674255371E+00    0.686218662504504007E+01   -0.257332477515398841E+04   -0.763146350544156782E+01    1
    0.542730432748794622E+00    0.426014971733093262E+01    0.394451563804748620E-01    0.689112725496292100E+01    0.458060115575790405E+01    0.758077278417808031E+01   -0.257332458770542326E+04   -0.763396350544155755E+01    1
    0.469028913974761985E+00    0.238588368892669678E+01    0.119967623477950421E-01    0.586094030201435068E+01    0.118388086557388306E+01    0.743105918156156697E+01   -0.257332453255499286E+04   -0.763646350544153574E+01    1
    0.327016699314117476E+00    0.234958279132843018E+01    0.350952671424477947E+00    0.797650650560855823E+01    0.153594881296157837E+01    0.721552169835331636E+01   -0.257332449494869161E+04   -0.763896350544154323E+01    1
    0.277226632833480813E+00    0.309615111351013184E+01    0.116151758949812645E+01    0.288481434583663932E+00    0.275359392166137695E+01    0.696779537789334569E+01   -0.257332433664488144E+04   -0.764146350544156938E+01    1
    0.507448518276214622E+00    0.326103305816650391E+01    0.339864943788128127E+01    0.522807358384132392E+01    0.232789546251296997E+01    0.741436320305522489E+01   -0.257332424963328140E+04   -0.764396350544156888E+01    1
    0.599351110690009681E+00    0.255700892358338194E+01    0.343403220464310460E-01    0.143576268824347619E+01    0.132727684002380553E+01    0.699438921772468269E+01   -0.257332416314668080E+04   -0.764646350544156750E+01    1
    0.247972315549850469E+00    0.389535665512084961E+01    0.109509777089249716E+01    0.727222742080688445E+01    0.479303926229476929E+01    0.661680313191547409E+01   -0.257332407029155138E+04   -0.764896350544156256E+01    1
    0.591983193159103416E+00    0.227318084239959717E+01    0.141077552299810789E-01    0.969503174066543494E+01    0.771475434303283691E+00    0.729430733121069341E+01   -0.257332386324803929E+04   -0.765146350544154341E+01    1
    0.355621670422906599E+00    0.401460365429683730E+01    0.147291886821743091E-01    0.463349309619296168E+01    0.442450253647646363E+01    0.693236575478052242E+01   -0.257332377995364823E+04   -0.765396350544153847E+01    1
    0.220589244365692161E+00    0.258377623558044434E+01    0.457729404732427972E-01    0.254111257970333071E+01    0.189240783452987671E+01    0.696358369815489020E+01   -0.257332371628704550E+04   -0.765646350544154597E+01    1
    0.636248332262039140E+00    0.352116835117340088E+01    0.919324752255607391E+00    0.153923339247703572E+00    0.209424614906311035E+01    0.726433918836966530E+01   -0.257332367289430022E+04   -0.765896350544155435E+01    1
    0.652422577142715454E+00    0.365061390399932861E+01    0.254212562764837224E+00    0.358896237790584571E+01    0.327769935131072998E+01    0.739915143424661181E+01   -0.257332365153116507E+04   -0.766146350544156007E+01    1
    0.259876531362533580E+00    0.394269418716430664E+01    0.106931291784326796E+00    0.252128705859184254E+01    0.434209525585174561E+01    0.738389312189268487E+01   -0.257332357761106005E+04   -0.766396350544156224E+01    1
    0.230901968479156505E+00    0.237081825733184814E+01    0.987033066133463644E+00    0.905756695449352200E+01    0.148226559162139893E+01    0.707777659348723009E+01   -0.257332355642596303E+04   -0.766646350544154576E+01    1
    0.145390683498604012E+00    0.145142957000352868E+01    0.740613036317952833E+00    0.437624161291479119E+01    0.163524698283708497E+00    0.749781854383291257E+01   -0.257332315609295119E+04   -0.766896350544153993E+01    1
    0.434000998735427856E+00    0.374604415893554688E+01    0.119067667733141022E+00    0.895209839761257165E+01    0.364244282245635986E+01    0.705210685596534415E+01   -0.257332270976307655E+04   -0.767146350544154476E+01    1
    0.147902364678361015E+00    0.188994230171320154E+01    0.674620926664201009E-01    0.863581024839481692E+01    0.728881875762532716E+00    0.732503554522182210E+01   -0.257332268434168509E+04   -0.767396350544155315E+01    1
    0.464908404749440063E+00    0.211110973563191218E+01    0.395361152622072040E-01    0.621662759823488908E+01    0.381283768533988432E+00    0.761456289821673860E+01   -0.257332254399315252E+04   -0.767646350544154465E+01    1
    0.501079887151718140E+00    0.475975561141967773E+01    0.386708618153578909E+01    0.938013970494270310E+01    0.484703421592712402E+01    0.734073104687331313E+01   -0.257332250284410429E+04   -0.767896350544153261E+01    1
    0.175967973470687877E+00    0.380935752391815186E+01    0.984551084279668420E+00    0.131908937096595769E+01    0.408119797706604004E+01    0.727782901610398092E+01   -0.257332249436509937E+04   -0.768146350544156054E+01    1
    0.100281430788504239E+00    0.362671307102437801E+01    0.339776929229561553E+01    0.190881449042717111E+01    0.365301999875438055E+01    0.723880613780549087E+01   -0.257332241272707461E+04   -0.768396350544157336E+01    1
    0.697126946704990980E+00    0.292264679035363173E+01    0.248194375543385713E-01    0.102723406960277583E+00    0.386317214227505423E+00    0.739814125837264669E+01   -0.257332229216242331E+04   -0.768646350544155865E+01    1
    0.433540958166122481E+00    0.314561820030212402E+01    0.244983769194353052E+01    0.341734523594379391E+01    0.227940082550048828E+01    0.663016754220508364E+01   -0.257332226079625161E+04   -0.768896350544153862E+01    1
    0.530233848094940230E+00    0.277235865592956543E+01    0.165387387421551568E+00    0.503837499499320973E+01    0.161829203367233276E+01    0.678913951105491975E+01   -0.257332208211576244E+04   -0.769146350544153723E+01    1
    0.599519385654366133E+00    0.421138626513733705E+01    0.452163111780939930E+00    0.170015962405850840E+01    0.418067555145768921E+01    0.713272579598940659E+01   -0.257332183162761976E+04   -0.769396350544153851E+01    1
    0.321546834707260143E+00    0.343299210071563721E+01    0.263610952703396892E-01    0.309820168435573562E+01    0.277025282382965088E+01    0.701036038396668193E+01   -0.257332102156225119E+04   -0.769646350544154245E+01    1
    0.152672868967056286E+00    0.425359416007995605E+01    0.162604392239424633E-01    0.283261711001396144E+01    0.454216390848159790E+01    0.751204753750775556E+01   -0.257332055384521755E+04   -0.769896350544156061E+01    1
    0.542306846161867084E+00    0.372524812941721084E+01    0.602640175620712051E-01    0.616274409582736382E+01    0.304186836975938224E+01    0.700620625935817287E+01   -0.257332054753084140E+04   -0.770146350544154501E+01    1
    0.712420570850372359E+00    0.290876448154449463E+01    0.935765977039436647E+00    0.964235879361629422E+01    0.129877656698226929E+01    0.708073613349892828E+01   -0.257332045810210320E+04   -0.770396350544153563E+01    1
    0.553834462165832542E+00    0.420801401138305664E+01    0.909771743235972652E+00    0.525089838862419089E+01    0.383746296167373657E+01    0.731198778208539224E+01   -0.257332039308225558E+04   -0.770646350544153691E+01    1
    0.515246483391363808E+00    0.427706125287915739E+01    0.472269060369609939E+01    0.889738359887029517E+01    0.317385471001419273E+01    0.745444909662251032E+01   -0.257332013150767079E+04   -0.770896350544153819E+01    1
    0.195291335413573575E+00    0.400193849255318490E+01    0.677162263779652052E-01    0.618070858964665604E+01    0.384637277289520085E+01    0.755463470159969042E+01   -0.257331960858381581E+04   -0.771146350544153947E+01    1
    0.157958006858825689E+00    0.214821302890777588E+01    0.494538743937083236E+01    0.554254999518394431E+01    0.376522541046142578E-02    0.704470025728988603E+01   -0.257331939606612650E+04   -0.771396350544154874E+01    1
    0.208072233200073231E+00    0.333770036697387695E+01    0.425712673460177216E+00    0.825493375420570352E+01    0.281107991933822632E+01    0.715115308460641774E+01   -0.257331923638111266E+04   -0.771646350544154558E+01    1
    0.326516693830490090E+00    0.350602447986602783E+01    0.321903766142845049E+00    0.898586638987064390E+01    0.287139117717742920E+01    0.705878669290698646E+01   -0.257331877181765367E+04   -0.771896350544153709E+01    1
    0.428147541567799439E+00    0.299070952235934895E+01    0.506987909222843085E-02    0.256375406282248575E+01    0.139069805928175860E+01    0.743610040328205102E+01   -0.257331865453012506E+04   -0.772146350544155613E+01    1
    0.278475314378738403E+00    0.236165249347686768E+01    0.538411407460096664E-01    0.862948163747787489E+00    0.677911639213562012E+00    0.718525544778349978E+01   -0.257331864032941985E+04   -0.772396350544156185E+01    1
    0.460288424726340462E+00    0.243618042936128187E+01    0.171082183829786527E+01    0.280103061292538769E+01    0.468167305774141340E+00    0.729209030282879667E+01   -0.257331841294201377E+04   -0.772646350544155958E+01    1
    0.256401360034942627E+00    0.375420773029327393E+01    0.254044660935823646E-01    0.595105933845043200E+01    0.303457379341125488E+01    0.741023890691098241E+01   -0.257331810346556586E+04   -0.772896350544153776E+01    1
    0.426391373810675489E+00    0.297430486970132257E+01    0.762500949460225563E-01    0.486273137767481334E+01    0.146906883928417531E+01    0.709567217140074735E+01   -0.257331777792590947E+04   -0.773146350544152750E+01    1
    0.326762019181133734E+00    0.417380107660357247E+01    0.219944816527398133E-01    0.417675973010039314E+01    0.365964040387084388E+01    0.742198481595411153E+01   -0.257331774650530588E+04   -0.773396350544153144E+01    1
    0.738761675969607179E+00    0.420694477730660843E+01    0.190120561797597287E+00    0.450267734811454989E+01    0.365043867978412795E+01    0.701329146021843908E+01   -0.257331733817283430E+04   -0.773646350544152828E+01    1
    0.612113964557647661E+00    0.464655292034149170E+01    0.287311038462966684E+00    0.944051182568073344E+01    0.454444020986557007E+01    0.726052817793122784E+01   -0.257331722903112723E+04   -0.773896350544152600E+01    1
    0.637834616876424843E+00    0.324055343688216624E+01    0.527681877731423551E-02    0.986130840093017902E+01    0.146224694377038200E+01    0.735049729940406760E+01   -0.257331637566202153E+04   -0.774146350544153350E+01    1
    0.146448999643325806E+00    0.381601738929748535E+01    0.282901678401317136E+00    0.231888751268386839E+01    0.378165781497955322E+01    0.710378659249773925E+01   -0.257331635792558473E+04   -0.774396350544155521E+01    1
    0.597502791881561302E+00    0.350557720661163330E+01    0.422780733040518220E+00    0.191604036092758195E+00    0.150689631700515747E+01    0.728355818020374457E+01   -0.257331635598556568E+04   -0.774646350544155915E+01    1
    0.593342938061869996E+00    0.306218956689966593E+01    0.464331199825712485E-01    0.852051539954385007E+01    0.130339828955738257E+01    0.706001610403466096E+01   -0.257331614410063275E+04   -0.774896350544153556E+01    1
    0.553905510902404807E+00    0.420821094512939453E+01    0.818758306525460999E+00    0.987923015415668537E+01    0.331856727600097656E+01    0.749706511989667401E+01   -0.257331561708472600E+04   -0.775146350544153329E+01    1
    0.308601510856418071E+00    0.241889059380649885E+01    0.317038912134090367E+01    0.784563085100671387E+01    0.345882390825769048E+00    0.715654619890188215E+01   -0.257331549236086221E+04   -0.775396350544155766E+01    1
    0.185107517867146243E+00    0.337518903282475735E+01    0.161531387192201309E+00    0.255580978234847045E+01    0.254680428611661247E+01    0.731976960559571044E+01   -0.257331547602571982E+04   -0.775646350544157048E+01    1
    0.346843520978587061E+00    0.454872688616929377E+01    0.127372598854516867E-01    0.808663530390063912E+01    0.435698274326100599E+01    0.706689599017613546E+01   -0.257331479006489553E+04   -0.775896350544155400E+01    1
    0.541088318824768044E+00    0.239060008525848389E+01    0.606180299380176379E-02    0.407255980312824217E+01    0.149571597576141357E+00    0.725735097500940451E+01   -0.257331450752029605E+04   -0.776146350544154462E+01    1
    0.653961220417823452E+00    0.360926203131660328E+01    0.174446368118295458E+01    0.230786157174294404E+01    0.180756903039762395E+01    0.730730681808898730E+01   -0.257331252013596122E+04   -0.776396350544153169E+01    1
    0.605796543701542012E+00    0.370445520994381639E+01    0.123182170415456843E+00    0.211230361350660534E+01    0.219550238846243717E+01    0.726081058682246727E+01   -0.257331240961431013E+04   -0.776646350544152586E+01    1
    0.658774030266395250E+00    0.406901477726016125E+01    0.540770760298628583E+00    0.164104392463406334E+01    0.289612355116338005E+01    0.708052733950542557E+01   -0.257331193807939462E+04   -0.776896350544152536E+01    1
    0.111309726332590189E+00    0.384513684207398576E+01    0.715842809136628677E-01    0.398139495681467936E+01    0.349846040008057013E+01    0.713158408407378275E+01   -0.257331169466332312E+04   -0.777146350544154885E+01    1
    0.672941153120638846E+00    0.359755042691623483E+01    0.484502109988909080E+01    0.123104195016371695E+00    0.342311163012306019E+00    0.688719115746025423E+01   -0.257331163512140620E+04   -0.777396350544157233E+01    1
    0.189685431302175411E+00    0.368571871583569122E+01    0.482070136202613353E+00    0.279659457458926575E+01    0.283659071294811227E+01    0.741576499300309244E+01   -0.257331134500456255E+04   -0.777646350544155851E+01    1
    0.356828749179840088E+00    0.244193887710571289E+01    0.344041778375357848E-01    0.680255103051662413E+01    0.279159545898437500E+00    0.733466189234268917E+01   -0.257331126293591115E+04   -0.777896350544156334E+01    1
    0.308947229385375999E+00    0.294397974014282227E+01    0.475946337704564515E+00    0.625938057899475098E+01    0.122166275978088379E+01    0.733636273456851917E+01   -0.257331110464168887E+04   -0.778146350544156551E+01    1
    0.684580301487148879E+00    0.357316851899447840E+01    0.727930885197360239E-01    0.103607703048246003E+01    0.174024857252818244E+01    0.712766866342918792E+01   -0.257331101880202050E+04   -0.778396350544154192E+01    1
    0.335914665460586570E+00    0.305468738079071045E+01    0.335488383216508179E+01    0.951097325801849358E+01    0.972435176372528076E+00    0.732210699353979777E+01   -0.257331060693330119E+04   -0.778646350544152810E+01    1
    0.459477070255712938E+00    0.485487939352955067E+01    0.173959693383173103E+00    0.743330649212347883E+01    0.472496315159147873E+01    0.720724895192694426E+01   -0.257331045214957885E+04   -0.778896350544152760E+01    1
    0.618950629234313987E+00    0.257569861412048340E+01    0.273666683334528003E-01    0.691206626832485149E+01    0.204883515834808350E+00    0.707269844155991834E+01   -0.257331029473595027E+04   -0.779146350544154132E+01    1
    0.633775836229324319E+00    0.467031681537628174E+01    0.842828963701480888E-01    0.812410496473312449E+01    0.400986075401306152E+01    0.712499379707125602E+01   -0.257330973143746724E+04   -0.779396350544154437E+01    1
    0.606102765569769830E+00    0.341072613371971256E+01    0.125246700423681223E+01    0.557062202744881763E+01    0.159369987832763571E+01    0.680522227817993297E+01   -0.257330968638196418E+04   -0.779646350544154743E+01    1
    0.454671740531921387E+00    0.280299770832061768E+01    0.124669532231300195E+01    0.621451755940914108E+01    0.671866238117218018E+00    0.706246409289595523E+01   -0.257330965112126796E+04   -0.779896350544157446E+01    1
    0.190081927982586163E+00    0.350675983051930995E+01    0.436237807939366462E+01    0.146362349045881923E+01    0.158156908985356304E+01    0.759820124935320962E+01   -0.257330887255782864E+04   -0.780146350544155798E+01    1
    0.167989200353622442E+00    0.297807765007019043E+01    0.296731081367701677E+01    0.569679189443588285E+01    0.125847131013870239E+01    0.712763232955613901E+01   -0.257330836368189421E+04   -0.780396350544155126E+01    1
    0.200492907953007338E+00    0.236001030848170990E+01    0.622243833438243035E-01    0.884015153873829718E+01    0.379318857715477409E+00    0.711915815231849525E+01   -0.257330777176561242E+04   -0.780646350544155965E+01    1
    0.288980510449054540E+00    0.468903682016502543E+01    0.138127220174065313E+00    0.574059092984783970E+01    0.440599843734731245E+01    0.725634182287642648E+01   -0.257330666306766716E+04   -0.780896350544154672E+01    1
    0.342227345705032326E+00    0.453812587261199951E+01    0.406843495493423302E+00    0.719579719364643111E+01    0.409884303808212280E+01    0.709818345219494695E+01   -0.257330611733823207E+04   -0.781146350544153734E+01    1
    0.677437949180603072E+00    0.460663795471191406E+01    0.476678300824606646E-01    0.356682174563407894E+01    0.355743169784545898E+01    0.713691948475596138E+01   -0.257330538511950272E+04   -0.781396350544152618E+01    1
    0.247116178274154663E+00    0.392561852931976318E+01    0.176232179007916497E-01    0.900948731184005780E+01    0.277890712022781372E+01    0.711589689769166789E+01   -0.257330510489647031E+04   -0.781646350544154433E+01    1
    0.324390560388565063E+00    0.311840128898620605E+01    0.109162243165404993E+01    0.208328327059745755E+01    0.118296951055526733E+01    0.708102346201179778E+01   -0.257330440131060641E+04   -0.781896350544156693E+01    1
    0.608500248193740823E+00    0.342675364017486572E+01    0.469627876197369232E+00    0.893649819254875233E+01    0.140045672655105591E+01    0.722106628161778730E+01   -0.257330368741876009E+04   -0.782146350544154956E+01    1
    0.388572258594009345E+00    0.462499269607984154E+01    0.188949025345576449E+01    0.844364650742209122E+01    0.394551383828348001E+01    0.687226552086058184E+01   -0.257330356384668767E+04   -0.782396350544154018E+01    1
    0.521264833211898870E+00    0.390690481662750244E+01    0.358384114631226713E+00    0.764492637693881960E+01    0.242028146982192993E+01    0.713154961192310388E+01   -0.257330311298604875E+04   -0.782646350544154412E+01    1
    0.330037294912570056E+00    0.456366181825521000E+01    0.125381214659430529E+00    0.162721469967906485E+01    0.404453536555920579E+01    0.674496927040831995E+01   -0.257330132723026190E+04   -0.782896350544153297E+01    1
    0.508503592014312722E+00    0.292816913127899170E+01    0.417058619983844547E+01    0.427046369850635532E+01    0.102372467517852783E+00    0.709259743379289809E+01   -0.257330101843205694E+04   -0.783146350544151915E+01    1
    0.641787469387054443E+00    0.509958648681640625E+01    0.880266947018818260E-02    0.864204737365245812E+01    0.421973437070846558E+01    0.741311062766960926E+01   -0.257330098196697281E+04   -0.783396350544152842E+01    1
    0.175701207240246710E+00    0.359774644788446407E+01    0.149870452679759150E-01    0.229950177989533300E+01    0.204149221492578814E+01    0.745862789219231903E+01   -0.257329898145336210E+04   -0.783646350544153591E+01    1
    0.674038267135620095E+00    0.358233880996704102E+01    0.328491578282524399E+00    0.994500479638576529E+01    0.159978657960891724E+01    0.672368114423453633E+01   -0.257329796608158540E+04   -0.783896350544154696E+01    1
    0.666400527954101540E+00    0.357919621467590332E+01    0.115502825979825474E-01    0.321452649295330017E+01    0.125543266534805298E+01    0.733667825776874949E+01   -0.257329734536817386E+04   -0.784146350544156334E+01    1
    0.159717351198196411E+00    0.289942848682403564E+01    0.599518968742006747E-01    0.897772538661956720E-01    0.723001360893249512E+00    0.689862326172622975E+01   -0.257329525771766521E+04   -0.784396350544156284E+01    1
    0.247879064083099371E+00    0.435865998268127441E+01    0.214024922083787761E+01    0.472342227697372441E+00    0.291964858770370483E+01    0.758161978221746402E+01   -0.257329335167001682E+04   -0.784646350544153925E+01    1
    0.102159881591796883E+00    0.428725314140319824E+01    0.160037767658028490E+00    0.644883026957511873E+01    0.389285027980804443E+01    0.713061247794821096E+01   -0.257329202541221184E+04   -0.784896350544154320E+01    1
    0.180392533540725708E+00    0.320366775989532471E+01    0.387900310609837051E+01    0.384523768067359928E+01    0.869679450988769531E+00    0.739180733290936853E+01   -0.257329200782219596E+04   -0.785146350544155780E+01    1
    0.190620025291929451E+00    0.446427300912116198E+01    0.346611484941192691E-01    0.570295571863554063E+01    0.338306520382136000E+01    0.750967945267914327E+01   -0.257329000591021668E+04   -0.785396350544153155E+01    1
    0.392883318662643477E+00    0.475193917751312256E+01    0.150186645072475422E+00    0.747608998835086780E+01    0.377325505018234253E+01    0.721710565547368965E+01   -0.257328674807337757E+04   -0.785646350544154082E+01    1
    0.606890106201171897E+00    0.400855767726898193E+01    0.190169138777338993E-01    0.994426762878894799E+01    0.178769558668136597E+01    0.742051162973293632E+01   -0.257328511397553393E+04   -0.785896350544154210E+01    1
    0.715376505358378600E+00    0.545049801725748839E+01    0.407504478704634326E-01    0.386581775144506468E+01    0.461662646320843795E+01    0.692802061462374486E+01   -0.257327555068482070E+04   -0.786146350544152739E+01    1
    0.426689195632934615E+00    0.550338411331176758E+01    0.117901248952596238E+00    0.368221770524978675E+00    0.478202551603317261E+01    0.724042601670288732E+01   -0.257327537390524412E+04   -0.786396350544153577E+01    1
    0.472060030698776223E+00    0.349487268924713135E+01    0.166188971023513599E+00    0.946331638514995532E+01    0.104293644428253174E+01    0.739665550690750173E+01   -0.257327527608029277E+04   -0.786646350544155126E+01    1
    0.205534905195236206E+00    0.323231244087219238E+01    0.104374991920747659E+00    0.635882377326488513E+01    0.111234515905380249E+01    0.693083864917781511E+01   -0.257327439336457337E+04   -0.786896350544155521E+01    1
    0.265985834598541304E+00    0.487335383892059326E+01    0.311552821342165262E-01    0.410148082911968181E+01    0.388330847024917603E+01    0.711202493062110896E+01   -0.257327432100974193E+04   -0.787146350544153250E+01    1
    0.593099546432495184E+00    0.506894493103027344E+01    0.435532060037324165E+01    0.825115800321102100E+01    0.317351102828979492E+01    0.693641906062137803E+01   -0.257326458312703153E+04   -0.787396350544151957E+01    1
    0.445531583522611352E+00    0.396230449517826511E+01    0.124329555565891914E+01    0.384865193632671065E+01    0.173560647703351334E+01    0.695883170911909765E+01   -0.257326456677941587E+04   -0.787646350544154750E+01    1
    0.260211348533630371E+00    0.503182291984558105E+01    0.624395967270298460E-01    0.914124619483947676E+01    0.401402175426483154E+01    0.730571824844403395E+01   -0.257326401649294030E+04   -0.787896350544157364E+01    1
    0.596629162836269988E+00    0.307053770011610272E+01    0.195565703548866843E+01    0.319804484347066964E+01    0.513712282598659531E-01    0.688702895647695001E+01   -0.257326369184441728E+04   -0.788146350544157315E+01    1
    0.175621387079766544E+00    0.301561876213402247E+01    0.771575737205222656E+00    0.192653649412700423E+01    0.546103618779233857E+00    0.760996273005264534E+01   -0.257326071914811200E+04   -0.788396350544154512E+01    1
    0.226212568134804726E+00    0.382801114665653452E+01    0.102864674476208964E+00    0.178491813113103959E+01    0.183715834913808163E+01    0.711505442300653357E+01   -0.257325873891521496E+04   -0.788646350544152952E+01    1
    0.244744038581848150E+00    0.339773428440093994E+01    0.105632050052058939E-01    0.387907712697982765E+01    0.837391614913940430E+00    0.766516259260289967E+01   -0.257325541561777891E+04   -0.788896350544154679E+01    1
    0.461687803268432617E+00    0.448396492004394531E+01    0.213575622715924007E+01    0.298387282550334909E+01    0.229693502187728882E+01    0.738843462918568150E+01   -0.257325373560929165E+04   -0.789146350544153208E+01    1
    0.610785353183746382E+00    0.399108815193176270E+01    0.817805960738463983E-01    0.693497443616390186E+01    0.144085049629211426E+01    0.714206584355970264E+01   -0.257324965797941422E+04   -0.789396350544153957E+01    1
    0.627888560295104980E+00    0.322502255439758301E+01    0.794285429137148280E+00    0.156259702622890484E+01    0.162322521209716797E+00    0.697442318940389772E+01   -0.257324956619548175E+04   -0.789646350544156483E+01    1
    0.659203700568582129E+00    0.575699504661026662E+01    0.700173549308943377E-01    0.127374066066277014E+01    0.458819916092679048E+01    0.744581443201286497E+01   -0.257324877894832525E+04   -0.789896350544156256E+01    1
    0.183402094601788579E+00    0.531258421821584825E+01    0.234487935650556567E+01    0.356757955941663196E+01    0.456850901355402961E+01    0.713387648312347533E+01   -0.257324876685776417E+04   -0.790146350544157272E+01    1
    0.412733447551727362E+00    0.332136571407318115E+01    0.897889792026097984E-02    0.397878291487693758E+01    0.432040095329284668E+00    0.750005373331979897E+01   -0.257324782012538935E+04   -0.790396350544158199E+01    1
    0.644310999693176845E+00    0.404962531742887411E+01    0.513691698215196557E+00    0.407212416341138894E+01    0.139743835368182467E+01    0.750511013723462206E+01   -0.257324527688238959E+04   -0.790646350544157883E+01    1
    0.557170540464397290E+00    0.565912604516285977E+01    0.241337359070206015E+01    0.958637377066764174E+01    0.432137487426901767E+01    0.745107288412098523E+01   -0.257324504518373487E+04   -0.790896350544156768E+01    1
    0.678940629959106423E+00    0.480370688438415527E+01    0.306461702894559485E+00    0.569555812120437643E+01    0.285303443670272827E+01    0.733314632685872514E+01   -0.257324255264572548E+04   -0.791146350544154675E+01    1
    0.686259037213827194E+00    0.533142356019143282E+01    0.300359687894719052E+01    0.519274035622682284E+01    0.383269890047661166E+01    0.668138770538227877E+01   -0.257324251932325842E+04   -0.791396350544156046E+01    1
    0.389684349298477173E+00    0.358947432041168213E+01    0.894620901743465868E-01    0.484162389159202533E+01    0.880995094776153564E+00    0.742599315788300096E+01   -0.257324235435520495E+04   -0.791646350544156441E+01    1
    0.447722285985946655E+00    0.520783412456512451E+01    0.768970045590829706E-02    0.472473935961723335E+01    0.367713987827301025E+01    0.712943911429771582E+01   -0.257323091778078287E+04   -0.791896350544155680E+01    1
    0.711002260446548462E+00    0.424233388900756836E+01    0.972007134051664501E+00    0.769384441375732386E+01    0.158203631639480591E+01    0.712220434572563654E+01   -0.257322875889384204E+04   -0.792146350544155364E+01    1
    0.691129928827285744E+00    0.445916461944580078E+01    0.391267942241896247E-01    0.550505924701690663E+01    0.194885134696960449E+01    0.710139035721232492E+01   -0.257322321553829215E+04   -0.792396350544153183E+01    1
    0.126186788082122803E+00    0.293823862075805664E+01    0.893266046675556258E-01    0.314572993993759153E+01    0.328522324562072754E+00    0.738066416837658412E+01   -0.257321809995114927E+04   -0.792646350544151979E+01    1
    0.272099578380584739E+00    0.411008536815643311E+01    0.217301637510031398E+00    0.828198149323463362E+01    0.185656368732452393E+01    0.749565631515844011E+01   -0.257321584951128580E+04   -0.792896350544154149E+01    1
    0.717742273996494595E+00    0.566973121558967108E+01    0.161499309749690267E+01    0.666977801078845989E+01    0.432107731275357221E+01    0.692136510923998927E+01   -0.257321481527457627E+04   -0.793146350544155609E+01    1
    0.148612433671951316E+00    0.313149070739746094E+01    0.443828972481122228E-01    0.817449733674526158E+01    0.452209413051605225E+00    0.749985708909702353E+01   -0.257321344284013912E+04   -0.793396350544155116E+01    1
    0.578665701114260078E+00    0.377073743545677287E+01    0.727176320183900785E-02    0.828989030759291867E+00    0.796296929419628041E+00    0.653940236863897084E+01   -0.257321325434119490E+04   -0.793646350544155954E+01    1
    0.527544653415679909E+00    0.554114532470703125E+01    0.947241289141637771E-02    0.255919224023818970E+01    0.401617705821990967E+01    0.724107582809608807E+01   -0.257321300343635266E+04   -0.793896350544156792E+01    1
    0.384083911117552468E+00    0.384726266200819955E+01    0.119399392009619396E+00    0.706734385039538271E+01    0.114859386122756435E+01    0.734544689705857845E+01   -0.257321295984364588E+04   -0.794146350544156743E+01    1
    0.402620548009872459E+00    0.471700930595397949E+01    0.128717272254192960E+01    0.584945287287235249E+01    0.260491073131561279E+01    0.713011377672901592E+01   -0.257320389553160612E+04   -0.794396350544153673E+01    1
    0.237512165307998679E+00    0.538777565956115723E+01    0.236487889171624055E+00    0.545753099143505072E+01    0.463081032037734985E+01    0.696057160405421094E+01   -0.257320122631117783E+04   -0.794646350544154068E+01    1
    0.185458308458328253E+00    0.360591995716094971E+01    0.583507188299255408E+00    0.756526404500007654E+01    0.116505712270736694E+01    0.707252064055171825E+01   -0.257319881482512619E+04   -0.794896350544154995E+01    1
    0.361507308483123846E+00    0.446140348911285400E+01    0.321270721315665364E+00    0.970827872574329298E+01    0.227786868810653687E+01    0.726702307845879947E+01   -0.257319838181623663E+04   -0.795146350544154590E+01    1
    0.319158639497400420E+00    0.552130115134304233E+01    0.148733183793349127E+00    0.642825349733137763E+01    0.446208600270005107E+01    0.716166729127733337E+01   -0.257319355508148556E+04   -0.795396350544157293E+01    1
    0.759220373630523637E+00    0.440706562995910645E+01    0.427722318906523583E-01    0.437421557188034082E+01    0.165156275033950806E+01    0.686128794866685698E+01   -0.257319191920834601E+04   -0.795646350544156711E+01    1
    0.287331268040323606E+00    0.440907169650414765E+01    0.172864068156957720E-01    0.994893215542936993E+01    0.215169274048301373E+01    0.694662929039088972E+01   -0.257319033719019035E+04   -0.795896350544153108E+01    1
    0.548060864210128784E+00    0.408594179153442383E+01    0.193745439869966868E+00    0.310351072013378149E+01    0.122844696044921875E+01    0.743187063632215850E+01   -0.257318929760025230E+04   -0.796146350544151815E+01    1
    0.269175034761428844E+00    0.409500575065612793E+01    0.362673794366051364E-01    0.497074195206165292E+01    0.159519165754318237E+01    0.711908643056162393E+01   -0.257318806722163754E+04   -0.796396350544153631E+01    1
    0.719641786813735918E+00    0.510988128185272217E+01    0.100465512885578964E+00    0.320703334510326377E+01    0.296048223972320557E+01    0.715600243732440777E+01   -0.257318699180731846E+04   -0.796646350544156423E+01    1
    0.126859044936030424E+00    0.428168757192971583E+01    0.211421689757607889E+00    0.698609348437134070E+01    0.254053217768230066E+01    0.723135214507731217E+01   -0.257318522986850212E+04   -0.796896350544157794E+01    1
    0.474954378604888983E+00    0.607894384860992432E+01    0.314431921851014140E+01    0.789822859585285197E+01    0.457877129316329956E+01    0.756389928279711299E+01   -0.257318422929347480E+04   -0.797146350544157034E+01    1
    0.178191844564608903E+00    0.435916159634272482E+01    0.320173667680169888E-01    0.125303885656303415E+01    0.221666905111680546E+01    0.717540657171083573E+01   -0.257318076792473948E+04   -0.797396350544157606E+01    1
    0.167355090379714966E+00    0.546908259391784668E+01    0.699302522201669576E-02    0.343302523136138893E+01    0.434220790863037109E+01    0.731536735969351515E+01   -0.257317955017476788E+04   -0.797646350544157112E+01    1
    0.141194548508931067E+00    0.466483372592772483E+01    0.357591591752893123E+00    0.374771494350741152E+01    0.308951330214320707E+01    0.725590362496206964E+01   -0.257316953691144408E+04   -0.797896350544153865E+01    1
    0.127837903187048185E+00    0.370298259618230974E+01    0.604700776625106906E+00    0.324172383535690889E+01    0.123075037918752717E+01    0.734665518065406964E+01   -0.257315150122451951E+04   -0.798146350544153194E+01    1
    0.635910850763320878E+00    0.558469021320343018E+01    0.425309193771754745E+00    0.538961213231086678E+01    0.384851098060607910E+01    0.722782212007269820E+01   -0.257315048019196638E+04   -0.798396350544153499E+01    1
    0.394082636425265753E+00    0.568294665569768398E+01    0.217580840991332791E+00    0.436959069783173693E+01    0.430478793304129681E+01    0.728891726928958139E+01   -0.257313179192180269E+04   -0.798646350544152916E+01    1
    0.669518721318234755E+00    0.532614139690288368E+01    0.235760516110321838E+00    0.742767664333398070E+01    0.314847597403049351E+01    0.742280412324052197E+01   -0.257312990770017313E+04   -0.798896350544155798E+01    1
    0.560025352164129187E+00    0.379255317292937955E+01    0.695422819876511888E+00    0.619494037067678338E+01    0.525326323431478448E+00    0.701917974416511203E+01   -0.257312769718485424E+04   -0.799146350544158590E+01    1
    0.505693528695081995E+00    0.381388897124878623E+01    0.367678593335632797E+00    0.800165376928598526E+01    0.667250404087887716E+00    0.698434776003696633E+01   -0.257312504033061578E+04   -0.799396350544156853E+01    1
    0.405398553609848000E+00    0.577918398380279541E+01    0.594195314453765389E+00    0.668099280834197984E+01    0.435449630022048950E+01    0.727103016566029225E+01   -0.257312072055303497E+04   -0.799646350544155382E+01    1
    0.579236161708831854E+00    0.460721957683563232E+01    0.502467208945385751E-02    0.374838529109954832E+01    0.163267344236373901E+01    0.739933135582539592E+01   -0.257311973588148339E+04   -0.799896350544155155E+01    1
    0.477632816961175988E+00    0.506704434789637226E+01    0.967954962641602995E-01    0.257794538764573478E+01    0.281304949085380507E+01    0.708111199036742622E+01   -0.257311628756788559E+04   -0.800146350544155105E+01    1
    0.559484612941742010E+00    0.387732887268066406E+01    0.377306868748727631E+01    0.290447189629077895E+01    0.232156515121459961E+00    0.686668759131930262E+01   -0.257311366089761759E+04   -0.800396350544155233E+01    1
    0.602821677923202515E+00    0.510772335529327393E+01    0.288469353769802650E+00    0.363074989616870880E+01    0.235354989767074585E+01    0.795936537169800573E+01   -0.257310734709155031E+04   -0.800646350544154828E+01    1
    0.215613168478012096E+00    0.601122283935546875E+01    0.811461216454312351E+00    0.299354954361915615E+00    0.484073132276535034E+01    0.753492894041467576E+01   -0.257310695130597833E+04   -0.800896350544155666E+01    1
    0.385711242171599800E+00    0.603649023468633672E+01    0.632706832160316174E-01    0.926818551651775024E+01    0.485686801459090400E+01    0.711588134233953795E+01   -0.257310650417095894E+04   -0.801146350544155617E+01    1
    0.171842706203460704E+00    0.572188210487365723E+01    0.108862372640691674E+01    0.993202576398849502E+01    0.480571538209915161E+01    0.694319986063838179E+01   -0.257310276633441299E+04   -0.801396350544156277E+01    1
    0.377585178397611965E+00    0.431347169910112260E+01    0.203755049428050616E+00    0.150384036686809530E+01    0.147753968225321941E+01    0.731723366841483625E+01   -0.257309508380677244E+04   -0.801646350544156761E+01    1
    0.523222332891875141E+00    0.565983210478631005E+01    0.106061554126921101E+00    0.118045328130957405E+01    0.385001080953400443E+01    0.701779921396323036E+01   -0.257308749770407576E+04   -0.801896350544157066E+01    1
    0.154195016332642626E+00    0.344737596011694736E+01    0.800758917606013032E+00    0.251660128285849138E+01    0.516860659783421994E+00    0.713821142174270928E+01   -0.257308460447391417E+04   -0.802146350544156306E+01    1
    0.561666697263717651E+00    0.571932697296142578E+01    0.165653128363958645E-01    0.415754605710506464E+01    0.350629240274429321E+01    0.760146621131012168E+01   -0.257308350090122076E+04   -0.802396350544155901E+01    1
    0.611735630035400435E+00    0.505102562904357910E+01    0.136097049875707702E-01    0.412047748327255192E+01    0.234819233417510986E+01    0.700319716898178246E+01   -0.257305730819934479E+04   -0.802646350544157983E+01    1
    0.620675337314605668E+00    0.463040769100189209E+01    0.108503594312821736E+00    0.482791543245315502E+01    0.154774457216262817E+01    0.737392922896440517E+01   -0.257305693534151624E+04   -0.802896350544155801E+01    1
    0.276138062261701456E+00    0.402587553547067323E+01    0.587304344734987799E-01    0.404948359363956811E+01    0.985486003030411895E+00    0.698021563899297881E+01   -0.257303808157325602E+04   -0.803146350544153265E+01    1
    0.384351891276179192E+00    0.433717160906153154E+01    0.544671232630741103E-01    0.744902246316887595E+01    0.133030014746114178E+01    0.679023746506168635E+01   -0.257302709628757793E+04   -0.803396350544155879E+01    1
    0.151814358549214268E+00    0.430007479361107769E+01    0.363546928237560252E+01    0.927061537723663953E+01    0.135976927378736878E+01    0.703072516170268713E+01   -0.257301892363094430E+04   -0.803646350544156363E+01    1
    0.507354378700256348E+00    0.459542107582092285E+01    0.336983392670146298E+01    0.958562611937522902E+00    0.110634118318557739E+01    0.706252112681739508E+01   -0.257298896998344117E+04   -0.803896350544154359E+01    1
    0.513611108064651489E+00    0.507015240192413330E+01    0.352515286835212216E+00    0.888146071195602360E+01    0.242036700248718262E+01    0.715095065405816221E+01   -0.257297377154767628E+04   -0.804146350544156086E+01    1
    0.271893614275997231E+00    0.572521898559651099E+01    0.269226334899627870E-01    0.758493661777708628E+01    0.395692711310660350E+01    0.702820462560359349E+01   -0.257297084245360475E+04   -0.804396350544155503E+01    1
    0.808645563968492520E+00    0.535780877945532286E+01    0.139122202317174248E+01    0.173679867344896288E+01    0.265184294749193228E+01    0.659116863749906923E+01   -0.257296816770379519E+04   -0.804646350544154387E+01    1
    0.253375571966171276E+00    0.596446359157562256E+01    0.198141487187026927E+00    0.354843423724174478E+01    0.490406811237335205E+01    0.684244221330457414E+01   -0.257296341464770512E+04   -0.804896350544157535E+01    1
    0.469912081856928676E+00    0.451630635205138375E+01    0.791820239541873028E-01    0.510737049691180456E+01    0.120566534409259751E+01    0.753445196607541945E+01   -0.257295565713608448E+04   -0.805146350544158196E+01    1
    0.467197632789611794E+00    0.605341255664825439E+01    0.747712801698492691E-01    0.140812712311744692E+00    0.366868525743484497E+01    0.713108781844374562E+01   -0.257295354068018014E+04   -0.805396350544154949E+01    1
    0.240166684600317260E+00    0.567900985598647345E+01    0.149556079811459797E+01    0.594966393779732439E+01    0.378931480467920956E+01    0.726558931224294735E+01   -0.257295143859582413E+04   -0.805646350544153833E+01    1
    0.193483263254165649E+00    0.487575793266296387E+01    0.254778503832985004E+00    0.101040550112724303E+01    0.240219444036483765E+01    0.757732645508396629E+01   -0.257294165436689354E+04   -0.805896350544155560E+01    1
    0.349976986646652222E+00    0.585590887069702148E+01    0.347183945250423509E+01    0.721721554458141323E+01    0.330849885940551758E+01    0.772722713932821925E+01   -0.257293621725415687E+04   -0.806146350544153556E+01    1
    0.552620798878569963E+00    0.577941994374711321E+01    0.551069178525579462E-01    0.783303952004744541E+01    0.339705428817099575E+01    0.736560555426241148E+01   -0.257292365318588691E+04   -0.806396350544155283E+01    1
    0.323696058988571178E+00    0.448498046398162842E+01    0.521022411395542957E-02    0.719554179906845115E+00    0.132452666759490967E+01    0.676510452436558829E+01   -0.257290684694892707E+04   -0.806646350544159318E+01    1
    0.569084185361862227E+00    0.592878854274749756E+01    0.274831013190895179E+01    0.293685308456420868E+01    0.321058869361877441E+01    0.769454778576414444E+01   -0.257289489501073331E+04   -0.806896350544156249E+01    1
    0.472025087823173428E+00    0.513842400319848558E+01    0.270128278062572047E+01    0.928893339830108467E+00    0.205836398973123869E+01    0.703374025085298449E+01   -0.257289073212572703E+04   -0.807146350544154600E+01    1
    0.150455260276794456E+00    0.582954394817352295E+01    0.765059214960369993E+00    0.483323280453681914E+01    0.453602999448776245E+01    0.703227613101919324E+01   -0.257288790436478484E+04   -0.807396350544155439E+01    1
    0.523791503906250067E+00    0.465796840190887451E+01    0.163328365250350466E+00    0.750117869555950190E+01    0.151117086410522461E+01    0.684669999980694133E+01   -0.257286881660592553E+04   -0.807646350544155922E+01    1
    0.555047218419043586E+00    0.562481925626810586E+01    0.595687388402487833E-01    0.481174869673812644E+01    0.295303082070862999E+01    0.737734778858015083E+01   -0.257285665385977427E+04   -0.807896350544154984E+01    1
    0.651919907331466653E+00    0.635170543193817139E+01    0.734310433589878131E-01    0.823408227205276511E+01    0.472248822450637817E+01    0.670685156440876540E+01   -0.257284641838898415E+04   -0.808146350544155112E+01    1
    0.503791218039359001E+00    0.500331377608223882E+01    0.653519405715778101E-01    0.894400488401989868E+01    0.200784744716418739E+01    0.688171506236739994E+01   -0.257284592937603657E+04   -0.808396350544156483E+01    1
    0.158290246392229605E+00    0.558079681768224134E+01    0.982488140836019541E+00    0.631732913081403780E+01    0.373706088272949044E+01    0.720956820307430934E+01   -0.257284589928687001E+04   -0.808646350544156611E+01    1
    0.633300590668700703E+00    0.425698429903795805E+01    0.675754044316769775E+00    0.623586559905171978E+01    0.628729248749858805E+00    0.656506224578680708E+01   -0.257282280966082317E+04   -0.808896350544156206E+01    1
    0.421609210968017623E+00    0.646401190757751465E+01    0.114835561973175881E+01    0.692179538607597400E+00    0.470141619443893433E+01    0.724837070268299755E+01   -0.257281358776141633E+04   -0.809146350544155979E+01    1
    0.407651686668396018E+00    0.531068861484527588E+01    0.533970166627488863E+00    0.777477207779884338E+01    0.280975967645645142E+01    0.682120562655295970E+01   -0.257280890996883409E+04   -0.809396350544156107E+01    1
    0.300416329720139430E+00    0.531435421913824957E+01    0.176824792925677848E+00    0.610455763341298407E+01    0.282456062447831169E+01    0.733631087514202118E+01   -0.257280186202541927E+04   -0.809646350544155524E+01    1
    0.504373404756665034E+00    0.566461185744066320E+01    0.175273177678466219E+01    0.719054956609277696E+01    0.305138410859341569E+01    0.708529419344700351E+01   -0.257279788693169940E+04   -0.809896350544155830E+01    1
    0.364735927294047801E+00    0.487016417517840772E+01    0.225930690440654086E+00    0.257628363403186134E+01    0.198543945734524963E+01    0.697583471662114540E+01   -0.257279132003779887E+04   -0.810146350544155602E+01    1
    0.147795373201370261E+00    0.584415543079376221E+01    0.282861922577597991E+01    0.547836937367916121E+01    0.376222789287567139E+01    0.754387518885321917E+01   -0.257278662260145393E+04   -0.810396350544154842E+01    1
    0.459525257349014282E+00    0.437933468818664551E+01    0.292125067010066752E+01    0.295563001751899712E+01    0.585943162441253662E+00    0.727774911282238524E+01   -0.257278501663002407E+04   -0.810646350544154259E+01    1
    0.421878524804362276E+00    0.610416765788282145E+01    0.462048690979251386E+01    0.853509654260500916E+01    0.333097594563570842E+01    0.720009318211391491E+01   -0.257277629359343791E+04   -0.810896350544154565E+01    1
    0.568375474214553811E+00    0.561464834213256836E+01    0.439772892257034032E-01    0.181943741142749782E+01    0.279586195945739746E+01    0.713089671914129042E+01   -0.257274213850637034E+04   -0.811146350544155936E+01    1
    0.680359828472137496E+00    0.468747842311859131E+01    0.105559964363061524E-01    0.468659302055835703E+01    0.919491648674011230E+00    0.744628206184610697E+01   -0.257273151924311742E+04   -0.811396350544154998E+01    1
    0.693197447061538741E+00    0.526329934597015381E+01    0.100984352976802216E+01    0.858197238266468077E+01    0.191503167152404785E+01    0.732984621147692295E+01   -0.257270100757816499E+04   -0.811646350544154060E+01    1
    0.191102629588623785E+00    0.406234945591958763E+01    0.528227674528544064E-01    0.109462317675261644E+01    0.648178456605394082E+00    0.714245468666700845E+01   -0.257269178935289574E+04   -0.811896350544155077E+01    1
    0.624049264192581221E+00    0.471994662284851074E+01    0.267607600733913698E+01    0.372723906099796265E+01    0.936700999736785889E+00    0.699875107986394340E+01   -0.257268442057182847E+04   -0.812146350544155737E+01    1
    0.459898263216018677E+00    0.628281033039093018E+01    0.108414445460426001E+01    0.605155647993087786E+01    0.436389148235321045E+01    0.694792567989987120E+01   -0.257268392852067609E+04   -0.812396350544154444E+01    1
    0.667005330324172974E+00    0.666776990890502930E+01    0.790190321349914723E-02    0.876209077000618031E+01    0.453315764665603638E+01    0.744628393008371869E+01   -0.257267853199863384E+04   -0.812646350544154039E+01    1
    0.656510119899817668E+00    0.673547594093834689E+01    0.250946932758365875E-01    0.738440576502931556E+01    0.480064412020755071E+01    0.728249928575410799E+01   -0.257266130224301878E+04   -0.812896350544155055E+01    1
    0.707038481437775923E+00    0.570866971216507402E+01    0.756054675345590455E-01    0.937539718207569450E+01    0.274521762293537108E+01    0.726557688106035204E+01   -0.257265107263466825E+04   -0.813146350544156249E+01    1
    0.477026337385177635E+00    0.541844058036804199E+01    0.118453220000233603E+00    0.181303989231586460E+01    0.249821335077285767E+01    0.703629365302529486E+01   -0.257261390494397665E+04   -0.813396350544156377E+01    1
    0.386558204889297485E+00    0.630912935733795166E+01    0.205540311823859012E+00    0.497052758991718324E+01    0.438433080911636353E+01    0.742201464870069749E+01   -0.257261266517951572E+04   -0.813646350544156149E+01    1
    0.626215757616732094E+00    0.424677959402242600E+01    0.257279730130340178E+01    0.906757297179020583E+01    0.108737499180925193E+00    0.729572572920410867E+01   -0.257260200699037796E+04   -0.813896350544155744E+01    1
    0.332585819189801013E+00    0.508378970340506164E+01    0.167322946789238342E+00    0.118616461407258234E+01    0.205402529850171556E+01    0.710694108507050792E+01   -0.257257093270060159E+04   -0.814146350544154274E+01    1
    0.448700094223022483E+00    0.477090907096862793E+01    0.338131399056383275E+01    0.212465045452117945E+00    0.609206259250640869E+00    0.696186402168661989E+01   -0.257256751027266500E+04   -0.814396350544154046E+01    1
    0.517123563314141443E+00    0.498597317191652945E+01    0.231356907817235458E+01    0.536407035078759531E+01    0.137799180182389569E+01    0.719248659163786641E+01   -0.257256621559538780E+04   -0.814646350544154174E+01    1
    0.570768548646070739E+00    0.521816971356397730E+01    0.198849248074475926E+01    0.752462524946886990E+01    0.179275803477878037E+01    0.707326841748369262E+01   -0.257255941366041179E+04   -0.814896350544153947E+01    1
    0.647162306308746382E+00    0.521854364871978760E+01    0.206869442092384143E+00    0.358523902654647797E+01    0.177058309316635132E+01    0.751928787985423330E+01   -0.257254162502478403E+04   -0.815146350544155496E+01    1
    0.609376073565375598E+00    0.423473476908764024E+01    0.169234010231035931E-01    0.412992747868603338E+01    0.132715542359162109E+00    0.737962649010585192E+01   -0.257253388728868595E+04   -0.815396350544156689E+01    1
    0.158507180706008804E+00    0.637655275500402663E+01    0.203008020090272057E+01    0.382597677254532886E+01    0.491040177929220611E+01    0.699355083785108267E+01   -0.257252459342395150E+04   -0.815646350544155219E+01    1
    0.641414132621414890E+00    0.657232935409533603E+01    0.483164006662344736E+01    0.727798947154105846E+01    0.349540164558365962E+01    0.739444713872024995E+01   -0.257249395090090866E+04   -0.815896350544154103E+01    1
    0.350633299350738503E+00    0.449568581581115723E+01    0.802980671875126728E-02    0.253054631233215321E+01    0.709736347198486328E+00    0.760224742081795313E+01   -0.257249138681941986E+04   -0.816146350544153343E+01    1
    0.226830563092951659E+00    0.598213209580512739E+01    0.479899890678468055E+00    0.637932414940569448E+01    0.389228324795748737E+01    0.732375114843196773E+01   -0.257246946413462365E+04   -0.816396350544153115E+01    1
    0.488509589433670066E+00    0.601302778720855713E+01    0.636099617374980136E-01    0.480968155026435884E+01    0.327929198741912842E+01    0.736925447725287075E+01   -0.257245818113542919E+04   -0.816646350544153243E+01    1
    0.320462520054340172E+00    0.545196248954941254E+01    0.250255270882466530E+01    0.730718735818240894E+01    0.224903466651051653E+01    0.736179457123168657E+01   -0.257238086035840433E+04   -0.816896350544153371E+01    1
    0.715376592524810340E+00    0.537578263806126877E+01    0.817130301924837016E-01    0.740019706064451643E+01    0.191745951867074238E+01    0.703877249720179954E+01   -0.257237146307631201E+04   -0.817146350544155275E+01    1
    0.529454029574274676E+00    0.508090288894266440E+01    0.564346568641906216E-01    0.164128522212318306E+01    0.141752191719105447E+01    0.702374777954794283E+01   -0.257227573394768388E+04   -0.817396350544155581E+01    1
    0.256397866785781470E+00    0.506387753920950523E+01    0.907875314819622976E-02    0.205495428245814393E+01    0.162071653861608156E+01    0.750935380167636435E+01   -0.257225465702730889E+04   -0.817646350544155887E+01    1
    0.583110982179641746E+00    0.428687763214111328E+01    0.130047833917957767E+00    0.327412214636802679E+01    0.648483633995056152E-01    0.736016082806667526E+01   -0.257220848650670359E+04   -0.817896350544157080E+01    1
    0.418456423282623335E+00    0.543805050849914551E+01    0.178784944231878989E+00    0.743246555924415575E+00    0.208885073661804199E+01    0.738038499030212058E+01   -0.257216783803594717E+04   -0.818146350544155609E+01    1
    0.598442171118491073E+00    0.545945533798495752E+01    0.772164550682907878E-02    0.426745496683627934E+01    0.191060099098211067E+01    0.690032238261322117E+01   -0.257210769386441234E+04   -0.818396350544155382E+01    1
    0.599682413176612528E+00    0.694190389571594135E+01    0.328814575968258638E+00    0.136596368251378486E+01    0.484881153119665420E+01    0.734327079668960980E+01   -0.257208352222934900E+04   -0.818646350544155332E+01    1
    0.360720443725585982E+00    0.519240069389343262E+01    0.470583926925845705E-01    0.668206461906433091E+01    0.164891541004180908E+01    0.713165424942201387E+01   -0.257199939000646236E+04   -0.818896350544154927E+01    1
    0.476291113563719226E+00    0.629813671611511694E+01    0.201421612198900118E+00    0.633621191507613357E+01    0.367154168246503554E+01    0.742136933299791401E+01   -0.257199715035485542E+04   -0.819146350544154167E+01    1
    0.392197770280471203E+00    0.509440241779206549E+01    0.260711063931715684E-01    0.151418150506844418E+01    0.141651591089046902E+01    0.691789746351387791E+01   -0.257199459788595550E+04   -0.819396350544153940E+01    1
    0.102049974068371865E+00    0.626106734880486382E+01    0.104477196055427171E+00    0.699970414620655923E+01    0.457682850559972465E+01    0.718401665744264672E+01   -0.257198627851236643E+04   -0.819646350544156022E+01    1
    0.228834602088186984E+00    0.500872646022458312E+01    0.156691051153805794E+01    0.419848476373047841E+00    0.143915273706620628E+01    0.706377856887850175E+01   -0.257189163798353184E+04   -0.819896350544156505E+01    1
    0.544716780695260860E+00    0.589006019421132798E+01    0.101903604073532561E+01    0.231550168437870818E+01    0.266476673948544374E+01    0.701815704727291489E+01   -0.257188652426621957E+04   -0.820146350544154679E+01    1
    0.344068396091461226E+00    0.546954739093780518E+01    0.531909432723866923E-02    0.735976696610450709E+01    0.204776197671890259E+01    0.719109729779141116E+01   -0.257188071957266584E+04   -0.820396350544154984E+01    1
    0.478682661056518577E+00    0.601982367038726807E+01    0.551624936114673767E-01    0.375041577696800221E+01    0.302428752183914185E+01    0.700009824812584025E+01   -0.257187828772567127E+04   -0.820646350544156711E+01    1
    0.208979880809783941E+00    0.639407622814178467E+01    0.348804499973618232E+00    0.417124617993831581E+01    0.451942503452301025E+01    0.704059711464199189E+01   -0.257187421496644856E+04   -0.820896350544155951E+01    1
    0.360877362175109462E+00    0.678325178767769810E+01    0.123273364924135938E-01    0.733038939681190271E+01    0.460243963206933238E+01    0.708810333129641279E+01   -0.257175735166774575E+04   -0.821146350544155013E+01    1
    0.588153666257858254E+00    0.680569195747375488E+01    0.403016827494679752E+01    0.643580663204193160E+00    0.348195344209671021E+01    0.752840852498734225E+01   -0.257175241742735398E+04   -0.821396350544154608E+01    1
    0.701719635847177559E+00    0.511576075945250608E+01    0.357908646121736096E+01    0.522996825875728710E+01    0.736824188541060687E+00    0.681114226118492283E+01   -0.257170485463381101E+04   -0.821646350544153847E+01    1
    0.388314884901046820E+00    0.510859119892120361E+01    0.145628120754826340E+01    0.370245522439479835E+01    0.135160446166992188E+01    0.684805960368833855E+01   -0.257170000958721039E+04   -0.821896350544153975E+01    1
    0.523279064893722556E+00    0.580735802650451660E+01    0.642583132797020645E-01    0.333952403664588893E+01    0.235164910554885864E+01    0.726059531332809271E+01   -0.257169700106981509E+04   -0.822146350544153570E+01    1
    0.471611535549163796E+00    0.567416656017303467E+01    0.118720071288567763E-01    0.537045053839683550E+01    0.222352504730224609E+01    0.688851809800760861E+01   -0.257169352709383929E+04   -0.822396350544153876E+01    1
    0.343604782122240215E+00    0.550432412972914520E+01    0.141869117314748244E+00    0.908371139968575392E+01    0.215640425595664142E+01    0.718377148802736620E+01   -0.257164787395312760E+04   -0.822646350544154537E+01    1
    0.482534048668214033E+00    0.643931068152797970E+01    0.142742166814168209E+00    0.757900570281588060E+01    0.378093683384408186E+01    0.715493507091885572E+01   -0.257159331492966840E+04   -0.822896350544153954E+01    1
    0.203167408165507990E+00    0.512854280233613924E+01    0.271620090651839508E+00    0.153943574596840227E+01    0.176973276725124085E+01    0.716351851966661712E+01   -0.257152713773342248E+04   -0.823146350544155148E+01    1
    0.408184552192688010E+00    0.626327216625213623E+01    0.208684865466257696E+00    0.942868498980998915E+01    0.324091404676437378E+01    0.764040392754650899E+01   -0.257143538366331632E+04   -0.823396350544156164E+01    1
    0.702341760068652676E+00    0.550391831394986220E+01    0.508604625201124552E-02    0.405362130723119130E+01    0.148639491409001212E+01    0.709193636333989730E+01   -0.257135859414977858E+04   -0.823646350544155403E+01    1
    0.253175382624681977E+00    0.663983034256096438E+01    0.246481137757560531E+00    0.599856441811635488E+01    0.462592646443383604E+01    0.705308054771398218E+01   -0.257130028788957088E+04   -0.823896350544155531E+01    1
    0.617265649522748538E+00    0.510333104653109348E+01    0.226458235016782222E+00    0.786837690614504215E+01    0.915520905429839105E+00    0.745686894732373329E+01   -0.257129067275303032E+04   -0.824146350544156370E+01    1
    0.655404564258746269E+00    0.619891102696865737E+01    0.412886234213688841E+01    0.734807071801509171E+01    0.238655399285468706E+01    0.693804203578636258E+01   -0.257124838054154816E+04   -0.824396350544157208E+01    1
    0.672741425068802634E+00    0.560774198006174451E+01    0.170255940526287917E-01    0.574409227111929610E+01    0.155968593186023785E+01    0.741515266409967033E+01   -0.257124652153023590E+04   -0.824646350544156448E+01    1
    0.471953262560148579E+00    0.682376736375976733E+01    0.187303521543869984E-01    0.283759651340673669E+01    0.425024514502244521E+01    0.709197846862649595E+01   -0.257124420085942211E+04   -0.824896350544156221E+01    1
    0.556035049230324430E+00    0.479663090808614800E+01    0.801101161102138803E+00    0.898843250210942202E+01    0.490491802210075600E+00    0.702897237202017067E+01   -0.257123550343996158E+04   -0.825146350544156348E+01    1
    0.536398214101791448E+00    0.650296139717102051E+01    0.359125922757094429E+00    0.575853236019611359E+01    0.353232175111770630E+01    0.748160574798587419E+01   -0.257122258049878383E+04   -0.825396350544154522E+01    1
    0.186546008875721703E+00    0.518493049417494589E+01    0.110656165361693887E-01    0.430788520492717431E+00    0.152469638229098114E+01    0.723000099356669867E+01   -0.257120003101639759E+04   -0.825646350544155361E+01    1
    0.340044373273849510E+00    0.611857092380523682E+01    0.343073334837775967E+00    0.480599630773067421E+01    0.318712919950485229E+01    0.710661788804774464E+01   -0.257107010549517236E+04   -0.825896350544155666E+01    1
    0.395853607615069936E+00    0.473065341688896268E+01    0.642266336632566714E+00    0.476128447472225691E+01    0.498816022627968869E+00    0.721191699037168554E+01   -0.257105396821416116E+04   -0.826146350544155261E+01    1
    0.598000133037567161E+00    0.735386705398559570E+01    0.172861794179777137E-01    0.497114388108253458E+01    0.476418852806091309E+01    0.761823813228672186E+01   -0.257099546459003795E+04   -0.826396350544155922E+01    1
    0.656199793497915129E+00    0.484612222176884533E+01    0.239065168782664106E+01    0.121143323503456535E+01    0.160663438167041012E+00    0.708711070536432342E+01   -0.257088884195197443E+04   -0.826646350544156405E+01    1
    0.369974968475363597E+00    0.494258445804761593E+01    0.223119611780532405E-01    0.336297871376387114E+01    0.760440002370089130E+00    0.704950116932551829E+01   -0.257085035479899079E+04   -0.826896350544156711E+01    1
    0.523470752449430865E+00    0.499492867428453380E+01    0.108641424007458665E+01    0.704685839764537736E+01    0.602882111891551054E+00    0.736813776525079245E+01   -0.257083714681105857E+04   -0.827146350544156306E+01    1
    0.124383864799097466E+00    0.616699980341085485E+01    0.868179600641978827E-01    0.703586449641402045E+00    0.354292345996264668E+01    0.733765900755884903E+01   -0.257078960464938746E+04   -0.827396350544156967E+01    1
    0.297974640130996726E+00    0.491592574119567871E+01    0.157670495952986367E+01    0.184195555925369270E+01    0.736674964427947998E+00    0.732418368447020640E+01   -0.257078423935118417E+04   -0.827646350544157450E+01    1
    0.166717315177817765E+00    0.556274426826136636E+01    0.123766006029367125E-01    0.677748307867227417E+01    0.222358608060500584E+01    0.712213052879871533E+01   -0.257078259175620951E+04   -0.827896350544155801E+01    1
    0.489069418433861203E+00    0.608674609092182806E+01    0.735946099829334986E-02    0.987999323875406432E+01    0.246952036409843823E+01    0.731884199440892225E+01   -0.257077217483522645E+04   -0.828146350544156284E+01    1
    0.310854862534601928E+00    0.651743974369416179E+01    0.483226593580308705E+01    0.844189826597496484E+01    0.278953638723108721E+01    0.738657352424101976E+01   -0.257067478138270326E+04   -0.828396350544157301E+01    1
    0.100546236113448012E+00    0.567808489865265908E+01    0.293210664198118531E+00    0.175430412829970894E+01    0.289515329197646132E+01    0.723427029718941395E+01   -0.257063863136609598E+04   -0.828646350544155297E+01    1
    0.526386062803789523E+00    0.570779177793982839E+01    0.156388913207228941E+01    0.597978631281410777E+01    0.157461044468295897E+01    0.744305940140018230E+01   -0.257033456917572812E+04   -0.828896350544153648E+01    1
    0.368781446195414642E+00    0.545045987017538636E+01    0.166629056942652398E+00    0.473324963676663746E+01    0.155653630361793072E+01    0.723874781869105455E+01   -0.257032396059452185E+04   -0.829146350544153066E+01    1
    0.127711871085006201E+00    0.631789239200017416E+01    0.113801847208979304E+00    0.455984315115713734E+01    0.373200486520198460E+01    0.738295658926442488E+01   -0.257029438113676952E+04   -0.829396350544153727E+01    1
    0.107275200089339356E+00    0.493492118508867517E+01    0.223536189959053444E+00    0.448617458649230461E+01    0.144332079152297976E+01    0.702585311626543074E+01   -0.257020483992652726E+04   -0.829646350544155098E+01    1
    0.557453507184982322E+00    0.677939128875732422E+01    0.280111690300513416E+01    0.568402246057987171E+01    0.381157994270324707E+01    0.661180164564589390E+01   -0.257018636104716688E+04   -0.829896350544155581E+01    1
    0.624378678435009049E+00    0.694801266108124693E+01    0.678197629525999733E-02    0.472677909861437495E+01    0.381166881486512832E+01    0.730599727294989343E+01   -0.257016337709217350E+04   -0.830146350544156597E+01    1
    0.591288767578051266E+00    0.523268440972904081E+01    0.232346871613559797E+00    0.981124294224166604E+01    0.951090277353554781E+00    0.690391158055872012E+01   -0.256999999238729879E+04   -0.830396350544157613E+01    1
    0.458820098638534568E+00    0.686532282829284668E+01    0.421325032633429963E+00    0.816927821397781351E+01    0.421708375215530396E+01    0.701306226362809415E+01   -0.256997319834998916E+04   -0.830646350544155432E+01    1
    0.658368468284606934E+00    0.691067850589752197E+01    0.728737677181173993E+00    0.282918255209922753E+01    0.360340476036071777E+01    0.752966417361890361E+01   -0.256974759179708371E+04   -0.830896350544153961E+01    1
    0.238954322190090912E+00    0.594877126756110819E+01    0.530744800085759305E+00    0.313821384170858764E+01    0.272138921733268768E+01    0.671204383899873225E+01   -0.256967862285839010E+04   -0.831146350544154267E+01    1
    0.550275669438977877E+00    0.619896124115137237E+01    0.104604647217267824E+00    0.161395922841860684E+01    0.224573258962724198E+01    0.762973544957640204E+01   -0.256962723179893010E+04   -0.831396350544155993E+01    1
    0.617379974807254372E+00    0.723017458476567221E+01    0.408847088654520574E+00    0.215095420346791233E+01    0.458519448240740068E+01    0.710699793050684292E+01   -0.256958446186823357E+04   -0.831646350544156299E+01    1
    0.397469180195829663E+00    0.720315785107846995E+01    0.271788040269623277E+00    0.856145215525953773E+01    0.471368411526153164E+01    0.740957044079349192E+01   -0.256953379159044471E+04   -0.831896350544154295E+01    1
    0.609456701370081122E+00    0.501297000110553448E+01    0.359300347306421575E+01    0.380503173613476919E+01    0.350636393551123776E-01    0.693267748558997354E+01   -0.256943196639599000E+04   -0.832146350544154956E+01    1
    0.627909378665365669E+00    0.489218267168095711E+01    0.192511743807004754E+00    0.495339055888506952E+01    0.177636092200363971E+00    0.719375808811720674E+01   -0.256938822463641736E+04   -0.832396350544156860E+01    1
    0.402349674701690696E+00    0.691775727272033691E+01    0.182981669364067012E+01    0.850457335770130207E+01    0.399369239807128906E+01    0.702620679857810870E+01   -0.256935741476901740E+04   -0.832646350544157166E+01    1
    0.326995384693145763E+00    0.645111775398254395E+01    0.235439530659472471E-01    0.234832658052444421E+01    0.312697321176528931E+01    0.692651940947472600E+01   -0.256905397124460569E+04   -0.832896350544154984E+01    1
    0.310111822313333119E+00    0.545721349717677029E+01    0.196293868651573528E+00    0.956192817741660051E+01    0.149442303829047773E+01    0.700040540056446670E+01   -0.256895180423554075E+04   -0.833146350544153869E+01    1
    0.265190658183677153E+00    0.608220837729689379E+01    0.508022036305993407E+00    0.425513848056119137E+01    0.247489914326580296E+01    0.740967751752936366E+01   -0.256857363631020235E+04   -0.833396350544154885E+01    1
    0.157263923984675202E+00    0.519748594095382987E+01    0.163588935883508269E+01    0.985712434801059700E+01    0.109154036178796177E+01    0.734535994728304598E+01   -0.256845407227431360E+04   -0.833646350544155190E+01    1
    0.644651621580123901E+00    0.670675194263458252E+01    0.398974080385576316E-01    0.698123200058937066E+01    0.309964060783386230E+01    0.707939483959946259E+01   -0.256833121412030459E+04   -0.833896350544156029E+01    1
    0.393355792760848977E+00    0.545116996765136719E+01    0.115212494604812887E+01    0.334076555073261261E+01    0.104177206754684448E+01    0.713211595025570855E+01   -0.256827197079685175E+04   -0.834146350544155091E+01    1
    0.201048996129341295E+00    0.608946049066529049E+01    0.412369725332127057E+01    0.111504090323922922E+01    0.205364641785220448E+01    0.700055470922550160E+01   -0.256819551062214350E+04   -0.834396350544155041E+01    1
    0.479337197542190618E+00    0.506174266338348389E+01    0.653308393267820579E-02    0.936922867178916974E+01    0.329312980175018311E+00    0.698850690241597050E+01   -0.256797302042733509E+04   -0.834646350544155702E+01    1
    0.344532877206802368E+00    0.723286294937133789E+01    0.125491433744575637E+00    0.591732826411724044E+01    0.468414545059204102E+01    0.701416432864838502E+01   -0.256789251276487175E+04   -0.834896350544154231E+01    1
    0.323087744001487376E+00    0.544701212483997921E+01    0.569343337182186549E-01    0.295884409784002189E+01    0.116973920826959810E+01    0.669498040818318874E+01   -0.256785900276736174E+04   -0.835146350544154359E+01    1
    0.264683307218509134E+00    0.687126455659566915E+01    0.720903865210057154E-02    0.673734458338516085E+01    0.360316432441148393E+01    0.748534916483404178E+01   -0.256766139957378664E+04   -0.835396350544155375E+01    1
    0.341419497444838793E+00    0.569650893108857748E+01    0.980440335546795411E-01    0.393341047863971705E+01    0.156588569191567695E+01    0.689783461490393623E+01   -0.256763334785128700E+04   -0.835646350544155148E+01    1
    0.640053900131160591E+00    0.680402710735429928E+01    0.108828116160852661E+01    0.238677231743740137E+01    0.314530522764638443E+01    0.703864970281412461E+01   -0.256746576840080434E+04   -0.835896350544154032E+01    1
    0.182639987380971092E+00    0.729689448904662008E+01    0.230783852339564044E+01    0.756093944352311009E+01    0.464518915716123804E+01    0.737368483824410959E+01   -0.256739182628129129E+04   -0.836146350544155048E+01    1
    0.243390597800293151E+00    0.577765773778855607E+01    0.991569381530013061E+00    0.788855919112660420E+01    0.183960444164859194E+01    0.690556942195980117E+01   -0.256725377459451602E+04   -0.836396350544156064E+01    1
    0.444212478399276800E+00    0.751005136966705322E+01    0.475593538385948089E+00    0.968788454949855726E+01    0.466088443994522095E+01    0.755215962833815446E+01   -0.256697482961528885E+04   -0.836646350544156014E+01    1
    0.797638201713562034E+00    0.614144444465637207E+01    0.117062975882539069E+00    0.363990077793598177E+01    0.189809828996658325E+01    0.656050467760850253E+01   -0.256695022059544817E+04   -0.836896350544155077E+01    1
    0.438618278503417947E+00    0.522079086303710938E+01    0.718860983912540923E-02    0.122769130706787122E+01    0.443235337734222412E+00    0.701744147371607774E+01   -0.256693141220659072E+04   -0.837146350544153961E+01    1
    0.367610261797205684E+00    0.748999404698789295E+01    0.450532420170019687E+01    0.281916295807958495E+01    0.362621616266534197E+01    0.801149066721017533E+01   -0.256692023396613695E+04   -0.837396350544155155E+01    1
    0.678940629959106423E+00    0.679455101490020752E+01    0.136573214130672249E+00    0.152712425947189345E+01    0.299732357263565063E+01    0.722643247896380192E+01   -0.256681709995420533E+04   -0.837646350544154394E+01    1
    0.628559220049864864E+00    0.609921115111242429E+01    0.296421848261703980E+00    0.742344134982833914E+01    0.172658524794361279E+01    0.748982990117738989E+01   -0.256677176079914125E+04   -0.837896350544153812E+01    1
    0.420309019088745184E+00    0.629188179969787598E+01    0.189085004841882420E+01    0.241235298037528967E+01    0.220874309539794922E+01    0.706027426429076321E+01   -0.256652154850144325E+04   -0.838146350544155716E+01    1
    0.685854724252983550E+00    0.587563203377035137E+01    0.211343745791202720E+01    0.107893091406411434E+01    0.949161636677202547E+00    0.747719625368691698E+01   -0.256648863320392411E+04   -0.838396350544156199E+01    1
    0.116125398874282845E+00    0.640316605567932129E+01    0.928147161041487784E-02    0.545086021423339839E+00    0.322289019823074341E+01    0.700928064509747983E+01   -0.256643563362909163E+04   -0.838646350544155617E+01    1
    0.607042785085379122E+00    0.577338313201457698E+01    0.171791022841259244E+00    0.535318579010637041E+01    0.123147757627929222E+01    0.707278965533226334E+01   -0.256625849437292572E+04   -0.838896350544155567E+01    1
    0.548895817725070678E+00    0.733306840009758698E+01    0.215650554169491526E+01    0.421826500769988133E+01    0.398721816304557164E+01    0.717267592076427807E+01   -0.256625549705564981E+04   -0.839146350544155339E+01    1
    0.535872646401049701E+00    0.520032653891192176E+01    0.290761234764122944E+01    0.767087619848506197E+01    0.833714455235443908E-01    0.728823189050349285E+01   -0.256620637037802862E+04   -0.839396350544156533E+01    1
    0.226118643647938045E+00    0.731850014199700372E+01    0.557012515202152773E-02    0.180382932813100028E+01    0.453283356035949403E+01    0.722205162794435918E+01   -0.256618992746254025E+04   -0.839646350544157194E+01    1
    0.569536550424025290E+00    0.551373622822067944E+01    0.858025077957681737E-02    0.129950348418309769E+01    0.690418159673331200E+00    0.683050853890466225E+01   -0.256617909105775516E+04   -0.839896350544157322E+01    1
    0.360324480380413537E+00    0.719046388480694088E+01    0.349418849178502233E+01    0.157905605689769346E+01    0.343259888719499084E+01    0.763088286439339125E+01   -0.256610848303235798E+04   -0.840146350544157805E+01    1
    0.279954016208648682E+00    0.709664154052734375E+01    0.114784272742741078E+01    0.185774630844593047E+01    0.403868645429611206E+01    0.716203165255764507E+01   -0.256607761106211365E+04   -0.840396350544156867E+01    1
    0.247095666183451995E+00    0.475676018840999681E+01    0.161688391659587857E-01    0.521124568742080574E+00    0.125722326058507229E-01    0.655063673867552509E+01   -0.256605498577788694E+04   -0.840646350544156462E+01    1
    0.229436103399798808E+00    0.708973324340885380E+01    0.266233963588145306E+01    0.466346600124386601E+01    0.403324642996412042E+01    0.703475815321617848E+01   -0.256604815977347243E+04   -0.840896350544154636E+01    1
    0.256983124986971845E+00    0.476345440350775018E+01    0.312954620298332709E-01    0.268916682070163260E+01    0.588076653662451387E-02    0.703081853239340582E+01   -0.256600891911453255E+04   -0.841146350544155119E+01    1
    0.432381087541580222E+00    0.666884970664978027E+01    0.136355657768313376E+00    0.755782627403736118E+01    0.313345879316329956E+01    0.693052678051388860E+01   -0.256595122316097195E+04   -0.841396350544157201E+01    1
    0.421384900784700700E+00    0.716015924067669474E+01    0.370330924012752583E+01    0.492611562158657812E+00    0.332048527588950870E+01    0.711074123008981207E+01   -0.256554875293258010E+04   -0.841646350544155197E+01    1
    0.480609858036041282E+00    0.665163636207580566E+01    0.191214764994884850E+00    0.134408280611038222E+01    0.302681028842926025E+01    0.686347698443568444E+01   -0.256548754711056290E+04   -0.841896350544154082E+01    1
    0.383442131244925988E+00    0.520789194276287315E+01    0.299803310114893751E+00    0.366156246201256730E+01    0.504924561456912446E+00    0.691945317298721640E+01   -0.256528586164873786E+04   -0.842146350544156341E+01    1
    0.316933890015169195E+00    0.655742573554532981E+01    0.704630449729190533E-02    0.669467076307473796E+01    0.254462488679634458E+01    0.761912162668251192E+01   -0.256514598017734534E+04   -0.842396350544158601E+01    1
    0.660150759713158952E+00    0.548471283621568073E+01    0.124376320647239212E-01    0.601393498896603074E+01    0.387393139950539589E+00    0.763360111526225271E+01   -0.256512245482301796E+04   -0.842646350544157130E+01    1
    0.261032097672885710E+00    0.500969212551461140E+01    0.229439023169183687E+00    0.999842158934817604E+01    0.400362937032801292E+00    0.690938607003218230E+01   -0.256503801738959373E+04   -0.842896350544154593E+01    1
    0.621355377885759785E+00    0.695820469031843647E+01    0.265317400918155188E+01    0.194512561755917113E+01    0.268393398476938172E+01    0.755852793023080594E+01   -0.256452622471055474E+04   -0.843146350544153300E+01    1
    0.542651391029357888E+00    0.652632057666778564E+01    0.704048037602201734E-02    0.202138262867927532E+01    0.214420348405838013E+01    0.742221909693971860E+01   -0.256440365780344382E+04   -0.843396350544154316E+01    1
    0.269156981430388020E+00    0.597482532293154467E+01    0.243545974999224389E-01    0.526753293870818862E+01    0.165988536776654794E+01    0.723881754914676812E+01   -0.256434515379494405E+04   -0.843646350544154799E+01    1
    0.664753821845292525E+00    0.729307751775450797E+01    0.538520524062024553E+00    0.426953671789795219E+01    0.379057508477279592E+01    0.716739166235283776E+01   -0.256402682329805793E+04   -0.843896350544153862E+01    1
    0.566244768564703072E+00    0.629039189906652840E+01    0.133947065358607960E-01    0.835727589484745792E+00    0.166946068694126781E+01    0.720728138823325537E+01   -0.256390800835068967E+04   -0.844146350544155588E+01    1
    0.133404780639356596E+00    0.623422003687805670E+01    0.235372176449860748E+00    0.389159440352157038E+01    0.288863358636113610E+01    0.676621329704189112E+01   -0.256377448585288130E+04   -0.844396350544156249E+01    1
    0.623326505483055904E+00    0.613357957670816756E+01    0.142738974824381537E+01    0.859236190302988412E+01    0.140924479354882193E+01    0.722581382256934646E+01   -0.256361968372622732E+04   -0.844646350544156377E+01    1
    0.749269747615457615E+00    0.762512516333104529E+01    0.245948003803462233E-01    0.233436239613941199E+01    0.439033718612380497E+01    0.677846322623451591E+01   -0.256343736412124599E+04   -0.844896350544155261E+01    1
    0.210982282696607792E+00    0.552478157573218009E+01    0.276412001589109391E+01    0.119261495995763789E+01    0.886450505800926547E+00    0.703329546921716275E+01   -0.256328410235262709E+04   -0.845146350544153258E+01    1
    0.501954179382430810E+00    0.746138210991483142E+01    0.193544118418057631E+00    0.163906989258077385E+01    0.406813037181404802E+01    0.753983975932061323E+01   -0.256299121752072369E+04   -0.845396350544155517E+01    1
    0.681551998238270951E+00    0.643157320172669689E+01    0.152037160486629096E-01    0.645368485312446349E+01    0.192211644330528064E+01    0.694716640614909142E+01   -0.256294897928619184E+04   -0.845646350544154934E+01    1
    0.612697235675384810E+00    0.749858938342212689E+01    0.127636259621882764E+01    0.327838616936568528E+01    0.393327379585690107E+01    0.727496659438490489E+01   -0.256281058921339400E+04   -0.845896350544152931E+01    1
    0.544728483071704073E+00    0.579953155351906435E+01    0.153633713381792236E+01    0.197599058620247431E+00    0.374589160936669496E+00    0.706847983206812280E+01   -0.256279182829382717E+04   -0.846146350544154835E+01    1
    0.497920434229754294E+00    0.722698662722658458E+01    0.562560645090477100E-02    0.759068449891867036E+01    0.347951836908901591E+01    0.726370617679563146E+01   -0.256264516200874004E+04   -0.846396350544154608E+01    1
    0.247828741334938207E+00    0.596167142851967569E+01    0.125504648811857362E-01    0.340721826009669515E+01    0.145657541124637024E+01    0.755953265867180235E+01   -0.256251071971494957E+04   -0.846646350544154203E+01    1
    0.252054520285747707E+00    0.508063507563779648E+01    0.601456344034070611E-01    0.468333110442426648E+00    0.136773108014555111E+00    0.692855858854065332E+01   -0.256174158408044286E+04   -0.846896350544156640E+01    1
    0.195844983010792173E+00    0.749235537366705362E+01    0.775938703425153257E-02    0.904767294607998762E+00    0.436723448741323494E+01    0.749046036574681384E+01   -0.256168213574889751E+04   -0.847146350544157123E+01    1
    0.366914885518787370E+00    0.735490521792445051E+01    0.136916875578206421E+00    0.137721886600585619E+01    0.385691798484947057E+01    0.755944091127314977E+01   -0.256163865534909837E+04   -0.847396350544155652E+01    1
    0.491971923674206169E+00    0.828201498723801954E+01    0.253303401432476338E+01    0.759807969753330958E+01    0.692040096990325648E-01    0.670065184592370056E+01   -0.256098903414367123E+04   -0.847646350544154359E+01    1
    0.234398256563101232E+00    0.560035001951190825E+01    0.461768694062751964E-01    0.995598147459435268E+01    0.905882117885855487E+00    0.727515607420364319E+01   -0.256086363775564223E+04   -0.847896350544154132E+01    1
    0.210082610750181004E+00    0.653153137122067839E+01    0.101055859968665640E+01    0.556455345012707792E+01    0.238173511897243939E+01    0.776936426083067477E+01   -0.256076406144088332E+04   -0.848146350544154792E+01    1
    0.576484799385070801E+00    0.757569873332977295E+01    0.340894642642905643E+00    0.165204915821552278E+01    0.426631361246109009E+01    0.705272993663608627E+01   -0.256043827962852674E+04   -0.848396350544155275E+01    1
    0.657350718143709156E+00    0.811092772343348578E+01    0.153219847747402937E+01    0.480922609972883564E+01    0.496196089682879116E+01    0.725024062205998820E+01   -0.256028533205626991E+04   -0.848646350544154515E+01    1
    0.686603480635848307E+00    0.771308973212178106E+01    0.887325224198109219E+00    0.863395955895718181E+01    0.415287048061629349E+01    0.733507947885283063E+01   -0.256022072703775439E+04   -0.848896350544154288E+01    1
    0.639042323827743508E+00    0.672273194789886475E+01    0.756960758605119532E-02    0.648967161715030638E+01    0.216248065233230591E+01    0.734469167763564990E+01   -0.256021935551324805E+04   -0.849146350544156370E+01    1
    0.766437297852552324E+00    0.651647530288098586E+01    0.316436306941774367E-01    0.130120386264002730E+01    0.180162562445529617E+01    0.672970659585180186E+01   -0.255979491511592232E+04   -0.849396350544156498E+01    1
    0.562658262937666964E+00    0.759241255491127198E+01    0.234703443442021049E-01    0.986684299560721634E+01    0.389299373523327175E+01    0.737876118668209546E+01   -0.255963256009600855E+04   -0.849646350544154494E+01    1
    0.231618672609329224E+00    0.581791734695434570E+01    0.914838190516332417E+00    0.139119781911373153E+01    0.115533560514450073E+01    0.742270876500738019E+01   -0.255937378759855028E+04   -0.849896350544154799E+01    1
    0.488235169588164042E+00    0.795029374283828894E+01    0.162353905576135471E+01    0.114260586376756512E+01    0.474820379259458480E+01    0.714864437015680476E+01   -0.255916912581092402E+04   -0.850146350544156881E+01    1
    0.210063149736142679E+00    0.502473109268213847E+01    0.410720012731533690E+00    0.219923343057940857E+01    0.158639043279129810E+00    0.692866408890666641E+01   -0.255910998869292507E+04   -0.850396350544155410E+01    1
    0.526127844078831175E+00    0.629247647464698989E+01    0.676205921061734470E-02    0.290332842675949321E+01    0.150693671767487269E+01    0.709630555415773578E+01   -0.255884598151146974E+04   -0.850646350544153940E+01    1
    0.141932964324951172E+00    0.583904433250427246E+01    0.109047826115943547E+01    0.468725813865661589E+01    0.149904459714889526E+01    0.719251128963021014E+01   -0.255878594623023628E+04   -0.850896350544156732E+01    1
    0.568732494115829490E+00    0.731327450275421143E+01    0.760161466896868906E-02    0.313139387607574449E+01    0.341127157211303711E+01    0.687593719565346806E+01   -0.255796994682250033E+04   -0.851146350544156682E+01    1
    0.159905466192823947E+00    0.548545119102510981E+01    0.892294908157240801E-02    0.824598844149346988E+01    0.804096696911739794E+00    0.715151811355464417E+01   -0.255793310498404890E+04   -0.851396350544155389E+01    1
    0.589515549484969092E+00    0.629583562190658164E+01    0.405647486585178019E+00    0.606625561963326732E+01    0.152847417654675999E+01    0.716577092073887645E+01   -0.255773515395711365E+04   -0.851646350544154984E+01    1
    0.265954444326686079E+00    0.698393365846314751E+01    0.370607090280868634E-01    0.851903424025009492E+01    0.300012616074758087E+01    0.744731274666978926E+01   -0.255741758570202546E+04   -0.851896350544156356E+01    1
    0.141882209377137802E+00    0.535511957402711936E+01    0.130042102197701070E+00    0.147099783075311819E+01    0.724402156889765725E+00    0.708007420363302309E+01   -0.255741470152474812E+04   -0.852146350544155773E+01    1
    0.463706383517125231E+00    0.811230908034211495E+01    0.747698840710477215E-02    0.527164422882609074E+01    0.484317330454161876E+01    0.746120289060981445E+01   -0.255729100111784237E+04   -0.852396350544156256E+01    1
    0.650734746949826914E+00    0.554199510555746144E+01    0.193699139823441180E+01    0.617976527321985980E+01    0.443520419227166757E-01    0.729548508569364884E+01   -0.255694089992639238E+04   -0.852646350544157627E+01    1
    0.198911754685533376E+00    0.713712893999935094E+01    0.401227115171371163E+00    0.946377995082291434E+01    0.396664246488340355E+01    0.689243018238212191E+01   -0.255691766523261367E+04   -0.852896350544157578E+01    1
    0.604299426472589163E+00    0.657745409340689768E+01    0.928399894141610282E+00    0.765295084437417339E+00    0.171574304004785239E+01    0.722973824619953298E+01   -0.255673686595264326E+04   -0.853146350544158594E+01    1
    0.571032843935418533E+00    0.614871144038291551E+01    0.398672084273884342E+00    0.461353270439765950E+01    0.109526961034523218E+01    0.760350254631065869E+01   -0.255648746045643475E+04   -0.853396350544155702E+01    1
    0.211654186517189313E+00    0.559824667099482554E+01    0.140679918365103195E-01    0.591033726080533572E+01    0.731151677700360381E+00    0.725828235387970455E+01   -0.255625616835467099E+04   -0.853646350544153698E+01    1
    0.728218257427215576E+00    0.657082927227020264E+01    0.174284196959007343E+01    0.511146057724952652E+01    0.166915804147720337E+01    0.699523252057024969E+01   -0.255584343305067841E+04   -0.853896350544155069E+01    1
    0.204418617118185764E+00    0.659804620515547402E+01    0.320877478395913740E+00    0.166939549159350809E+01    0.271664165431303939E+01    0.703299302053551845E+01   -0.255566704794797079E+04   -0.854146350544156263E+01    1
    0.309150499079239527E+00    0.676801350844463201E+01    0.133512040998620025E-01    0.770842376848037070E+01    0.259458340183513947E+01    0.680439786838226812E+01   -0.255528687396276382E+04   -0.854396350544156391E+01    1
    0.142662848760521599E+00    0.674037595792898259E+01    0.103860047925005117E+01    0.525288214599371184E+01    0.270215013943446092E+01    0.773450796915576166E+01   -0.255499255981391934E+04   -0.854646350544157585E+01    1
    0.616013561616108651E+00    0.745220092870510697E+01    0.219136222797919090E-01    0.129245383538022685E+01    0.308718933751029567E+01    0.764654708285857598E+01   -0.255477964134564991E+04   -0.854896350544158778E+01    1
    0.332597577571868919E+00    0.785115897655487061E+01    0.110044404795788933E+00    0.146838074922561651E+00    0.417595088481903076E+01    0.737964736664218979E+01   -0.255477841257849241E+04   -0.855146350544157485E+01    1
    0.322211582836569810E+00    0.617181933969492214E+01    0.830855030789678928E-02    0.499889217133301678E+01    0.129545010865826482E+01    0.729587985519868809E+01   -0.255342384046141979E+04   -0.855396350544156370E+01    1
    0.303055147011378034E+00    0.797710643278950826E+01    0.217730604141586026E+01    0.448088539963976551E+01    0.469453764608283119E+01    0.729781902365048651E+01   -0.255332903271960822E+04   -0.855646350544155254E+01    1
    0.609234780817325627E+00    0.812684722603966669E+01    0.710803470779857033E-01    0.611522475693899725E+01    0.494192157726784664E+01    0.697357768655462973E+01   -0.255319140363116867E+04   -0.855896350544154494E+01    1
    0.379275465390374933E+00    0.620278859059890486E+01    0.331947040245690106E+00    0.340443194006626459E+01    0.139610401944545393E+01    0.727219820388654448E+01   -0.255288379573730481E+04   -0.856146350544156221E+01    1
    0.488342525907740632E+00    0.677037402532707944E+01    0.786678027956453807E+00    0.454945256319339908E+01    0.220370642833508645E+01    0.718547872300417190E+01   -0.255262820302266709E+04   -0.856396350544155283E+01    1
    0.238257548281094772E+00    0.995953745446335859E+01    0.190686456943181842E+00    0.426986458610632713E+01    0.434068412403899906E+01    0.728553216646445101E+01   -0.255229767535202291E+04   -0.856646350544153634E+01    1
    0.107679056479009161E+00    0.514406393603062284E+01    0.178736252133907779E-01    0.371800560592025420E+01    0.263634521237278652E+00    0.731991879263438783E+01   -0.255229652299966665E+04   -0.856896350544155361E+01    1
    0.274993363834110105E+00    0.562812119929760168E+01    0.343220420286923611E+01    0.326284959770579563E+01    0.253591251574396936E+00    0.730569139388691635E+01   -0.255217494838570337E+04   -0.857146350544156199E+01    1
    0.759273660182952836E+00    0.817083418369293213E+01    0.522881700735988650E-01    0.755236599385738394E+01    0.490224868059158325E+01    0.681582424211750215E+01   -0.255183202817980055E+04   -0.857396350544156327E+01    1
    0.472195911407470748E+00    0.718427538871765137E+01    0.678742273935411866E+00    0.111799028873443618E+01    0.285153239965438843E+01    0.739871117140320322E+01   -0.255157996794578094E+04   -0.857646350544156988E+01    1
    0.657931096186813447E+00    0.774157873204515923E+01    0.269026864948196209E+01    0.351352852168283647E+01    0.377554741162725804E+01    0.685477302598269045E+01   -0.255121627857777503E+04   -0.857896350544158537E+01    1
    0.332344273486745778E+00    0.779183774041314869E+01    0.507862116638240435E+00    0.120570898262414028E+01    0.459934145933979366E+01    0.697738538293623733E+01   -0.255084142940165975E+04   -0.858146350544158310E+01    1
    0.349651248279210680E+00    0.818743097742558490E+01    0.257691172987716133E+01    0.272160580196545077E+01    0.488907240178426505E+01    0.724936367311279550E+01   -0.255070413285414907E+04   -0.858396350544155240E+01    1
    0.176134049892425537E+00    0.785300564765930176E+01    0.236203414928320399E+01    0.601333749592304212E+01    0.453271448612213135E+01    0.749355612083567291E+01   -0.255066008982963785E+04   -0.858646350544155190E+01    1
    0.570372647279665634E+00    0.579501400326486582E+01    0.207456237240468866E+01    0.355481097880013985E+01    0.278285059692433390E+00    0.709863022271758748E+01   -0.255020721123269641E+04   -0.858896350544156739E+01    1
    0.138730804678056457E+00    0.756907086194128187E+01    0.112266749197981922E+00    0.273267450692570790E+01    0.460893896081639198E+01    0.701727725041759243E+01   -0.254973828507863936E+04   -0.859146350544157400E+01    1
    0.427055927401995827E+00    0.807726773092891470E+01    0.935905972988380630E+00    0.444966508000564165E+01    0.470798554585740359E+01    0.726658223692089056E+01   -0.254957984216873001E+04   -0.859396350544157706E+01    1
    0.120958074561026696E+00    0.598384937421802476E+01    0.702952686173957762E-02    0.608472811998385943E+01    0.136257632401488182E+01    0.738345411318399591E+01   -0.254906699616978767E+04   -0.859646350544155702E+01    1
    0.447457612520842929E+00    0.691548275793053246E+01    0.117016357863728229E-01    0.144797297350863685E+01    0.209327535776185059E+01    0.762111112564312165E+01   -0.254893878406953036E+04   -0.859896350544156007E+01    1
    0.515039064066439511E+00    0.788670802538306859E+01    0.272538324334762015E-01    0.792466859233765941E+01    0.428100654937025382E+01    0.693110333613231777E+01   -0.254873583514574511E+04   -0.860146350544155780E+01    1
    0.390163296275911509E+00    0.625089660013686910E+01    0.552987473881198614E-02    0.897055764962027524E+01    0.120817644999940277E+01    0.718371248240225757E+01   -0.254872558812703983E+04   -0.860396350544154487E+01    1
    0.689386570453643821E+00    0.800185084342956543E+01    0.115771086054044892E+01    0.485682812213897730E+01    0.411936551332473755E+01    0.732164806433896231E+01   -0.254860196919042164E+04   -0.860646350544154437E+01    1
    0.267588572265068714E+00    0.587423954180762919E+01    0.159595529568238814E+01    0.437824113361638467E+01    0.818741355629067247E+00    0.700926301353187498E+01   -0.254823782466899229E+04   -0.860896350544155808E+01    1
    0.276718614979868049E+00    0.661406381566205948E+01    0.152372952091859078E-01    0.734430071529743422E+01    0.206354499430864013E+01    0.687426524461877086E+01   -0.254787907849921748E+04   -0.861146350544157890E+01    1
    0.409533833871191799E+00    0.701013413408700181E+01    0.312026586722759713E+01    0.310222128660578411E+00    0.207349885425746505E+01    0.709650625706889926E+01   -0.254759346247986696E+04   -0.861396350544156597E+01    1
    0.299691313962698103E+00    0.841564460261591307E+01    0.483655979382007750E+01    0.769156785335363224E+01    0.469353528812230714E+01    0.725596845199336293E+01   -0.254697644117959453E+04   -0.861646350544154060E+01    1
    0.227693229913711548E+00    0.683273112773895264E+01    0.236832830914608938E+00    0.313362443327903728E+01    0.264692485332489014E+01    0.737576131442128702E+01   -0.254695494927178197E+04   -0.861896350544156142E+01    1
    0.189474625990317891E+00    0.688204375608369112E+01    0.593164433683183914E-02    0.896676831684155240E+00    0.248810669648736127E+01    0.760898316976222588E+01   -0.254687460903480314E+04   -0.862146350544156093E+01    1
    0.199811041355133057E+00    0.942310500144958496E+01    0.341726669396175176E+01    0.556836515188217174E+01    0.254978269338607788E+01    0.723583082925387888E+01   -0.254648148804529183E+04   -0.862396350544153734E+01    1
    0.210306715965271007E+00    0.543339669704437256E+01    0.202790019394971349E+00    0.875683770656585736E+01    0.371730029582977295E+00    0.669060090165018373E+01   -0.254603898016638050E+04   -0.862646350544154927E+01    1
    0.340806054247219103E+00    0.816728087981511308E+01    0.184288050998850823E-01    0.258463928759840744E+01    0.450200655805720729E+01    0.769338879527676500E+01   -0.254558907150729465E+04   -0.862896350544157364E+01    1
    0.246158373986988838E+00    0.751538608294450672E+01    0.305005241659777049E+01    0.361158248522072611E+01    0.353733500444400262E+01    0.710561452580766950E+01   -0.254540014015127235E+04   -0.863146350544159802E+01    1
    0.689424073035325491E+00    0.785292069718838448E+01    0.456013802675567237E-01    0.944687850764065296E+01    0.388736520124186224E+01    0.705332525362081508E+01   -0.254503784204048316E+04   -0.863396350544156732E+01    1
    0.533782612901119280E+00    0.776583239437512951E+01    0.277349788961197885E+00    0.865808082073279373E+01    0.414910321019755290E+01    0.691018745960812009E+01   -0.254482181462565040E+04   -0.863646350544155261E+01    1
    0.220354363970561407E+00    0.700515483958593510E+01    0.111065592812348863E-01    0.103452360603500759E+01    0.275366039483732195E+01    0.711953287726050110E+01   -0.254468173916821434E+04   -0.863896350544158409E+01    1
    0.744730217671977557E+00    0.752924792576376944E+01    0.582906916448093504E-01    0.347182409249491342E+00    0.279585287788615355E+01    0.701863368403438326E+01   -0.254424741221468685E+04   -0.864146350544158359E+01    1
    0.524747997522354126E+00    0.774712872505187988E+01    0.179850300930871709E+01    0.166761482715606690E+01    0.367675662040710449E+01    0.704668453448826071E+01   -0.254399899025053855E+04   -0.864396350544158132E+01    1
    0.301063962616708758E+00    0.696382525826079313E+01    0.382988973521810605E-01    0.526978861106913765E+01    0.240315941551187784E+01    0.736228555963108899E+01   -0.254331873781294325E+04   -0.864646350544158437E+01    1
    0.272769562228875162E+00    0.800735166685024247E+01    0.810816133921404142E-01    0.914012707679047764E+01    0.465508851503947696E+01    0.723522983577181922E+01   -0.254264913660164029E+04   -0.864896350544155545E+01    1
    0.182297055284742271E+00    0.788370521904450428E+01    0.445885111013289079E-01    0.161338244503709172E+01    0.470926166728643203E+01    0.696310217532103870E+01   -0.254246106349771617E+04   -0.865146350544154608E+01    1
    0.219077340961736367E+00    0.625670132460682460E+01    0.113095475683756308E+01    0.363849625836766055E+01    0.139470577650983341E+01    0.714638293419548631E+01   -0.254172544483948695E+04   -0.865396350544156867E+01    1
    0.597350568794758341E+00    0.630481750609443914E+01    0.508115446869084487E-02    0.588531765228806059E+01    0.835473157370108854E+00    0.739684946196502846E+01   -0.254171760363810881E+04   -0.865646350544157173E+01    1
    0.415728649622248647E+00    0.716192058530106035E+01    0.453103025062380982E+00    0.720052405560832831E+01    0.276372068675178362E+01    0.718143691958220209E+01   -0.254073805249557108E+04   -0.865896350544154458E+01    1
    0.698405107335806852E+00    0.643543073190923121E+01    0.228522350210569242E+00    0.512350926299231979E+01    0.105214723935758259E+01    0.737287872003081635E+01   -0.253987027550280800E+04   -0.866146350544153165E+01    1
    0.111093016831209243E+00    0.686744718574628354E+01    0.180577623094457379E-01    0.514451409876980037E+01    0.287875683690216499E+01    0.666203153324258146E+01   -0.253852975336060808E+04   -0.866396350544154892E+01    1
    0.347482565731587867E+00    0.812026716659641146E+01    0.148503672295592720E+00    0.152482174820298644E+01    0.463490428676295441E+01    0.735155178323937442E+01   -0.253847702965877033E+04   -0.866646350544155020E+01    1
    0.390858668978584456E+00    0.675838522621471149E+01    0.114058414257218396E-01    0.399901528484423036E-01    0.555947206133119431E+00    0.728247269462373215E+01   -0.253799581893772893E+04   -0.866896350544154437E+01    1
    0.408971503935472769E+00    0.677404807591434555E+01    0.140155883097254047E+00    0.836752242606709551E+01    0.196515293624922571E+01    0.706370187822417961E+01   -0.253677094732223532E+04   -0.867146350544156519E+01    1
    0.270946812629699718E+00    0.646134829521179199E+01    0.479380779338537677E+00    0.229666589915752395E+01    0.165731757879257202E+01    0.697414302783549722E+01   -0.253600279021473625E+04   -0.867396350544158778E+01    1
    0.523915746955528561E+00    0.583342860352074943E+01    0.566842050372230233E+00    0.651320887392917403E+01    0.210368339171385754E+00    0.709495113168272251E+01   -0.253599004090416474E+04   -0.867646350544157663E+01    1
    0.483417299969077341E+00    0.758796217572848253E+01    0.984234044886880155E+00    0.535842745173228252E+01    0.326536639538015372E+01    0.715607071541512951E+01   -0.253586202313162175E+04   -0.867896350544156370E+01    1
    0.395839180571521010E+00    0.704082954678992046E+01    0.448815338411326437E+01    0.163815105408394679E+01    0.164822269896789186E+01    0.721688303746177962E+01   -0.253552194375424187E+04   -0.868146350544154544E+01    1
    0.198327085787763258E+00    0.649753525281808120E+01    0.426176922032840633E+00    0.802456947309515911E+01    0.180133400822418377E+01    0.717909686094900756E+01   -0.253275625514769126E+04   -0.868396350544154672E+01    1
    0.484847027063369795E+00    0.836948943138122559E+01    0.439108386579371412E+01    0.685219432592391975E+01    0.423762232065200806E+01    0.702328229623309319E+01   -0.253232822940123742E+04   -0.868646350544156398E+01    1
    0.360138423395835572E+00    0.780196829202529507E+01    0.307630256235105648E+01    0.506590086385291372E+01    0.369018805037281261E+01    0.679093345591843978E+01   -0.253189908664954783E+04   -0.868896350544155460E+01    1
    0.323893555650672682E+00    0.633607809999946259E+01    0.387195868630779128E+01    0.317109558085710486E+01    0.633126093292591063E+00    0.754595275129099363E+01   -0.253180618424328304E+04   -0.869146350544153812E+01    1
    0.490102857351303101E+00    0.611812949180603027E+01    0.664311674308147637E+00    0.777736288249492613E+01    0.546239018440246582E+00    0.718000573461738245E+01   -0.252957795362580237E+04   -0.869396350544154295E+01    1
    0.198109129638404990E+00    0.700047299522511235E+01    0.905752706864322403E-02    0.899883813794971665E+01    0.256411443470857536E+01    0.680206747313769444E+01   -0.252953466712484123E+04   -0.869646350544155133E+01    1
    0.263965934405145097E+00    0.812713048882938693E+01    0.439705092862247682E+01    0.722469117986108600E+01    0.401603928544743383E+01    0.699483554639654770E+01   -0.252904416176765972E+04   -0.869896350544156149E+01    1
    0.203669875860214233E+00    0.593160653114318848E+01    0.234696895015613013E-01    0.667603032469749458E+01    0.608124732971191406E+00    0.732178137753979819E+01   -0.252860141148095181E+04   -0.870146350544157876E+01    1
    0.573966853688335665E+00    0.820892825994747710E+01    0.173046574949993825E+01    0.446287687476732842E+01    0.386673620586084876E+01    0.763485534132920218E+01   -0.252793062781995695E+04   -0.870396350544155695E+01    1
    0.385721808017585044E+00    0.846634921677786245E+01    0.105022153415565489E+01    0.950757134600826959E+01    0.497617543949166397E+01    0.725855933945880683E+01   -0.252738991799395762E+04   -0.870646350544155112E+01    1
    0.404986465905837867E+00    0.624981855035684752E+01    0.109058119371845300E+00    0.872724172526644004E+01    0.894986312482321189E+00    0.673887650536076510E+01   -0.252718995976729775E+04   -0.870896350544157904E+01    1
    0.678670997392650910E+00    0.853381802649986909E+01    0.909899632003171796E-02    0.693061029626957836E+01    0.485474553683694054E+01    0.692801116908672121E+01   -0.252644137693468201E+04   -0.871146350544156256E+01    1
    0.597664427757263250E+00    0.667892169952392578E+01    0.261732414902159416E+01    0.927274784326553281E+01    0.108685761690139771E+01    0.723404094157904076E+01   -0.252643015991010952E+04   -0.871396350544156739E+01    1
    0.479714238302225038E+00    0.820577501424982003E+01    0.819040319751037776E-01    0.166801678927560015E+01    0.411861018854636107E+01    0.752174832602115195E+01   -0.252637573488532598E+04   -0.871646350544158111E+01    1
    0.514759808808490704E+00    0.860444915963527457E+01    0.223941007310835792E-01    0.319036900751219654E+00    0.483395529070862118E+01    0.709187099940010590E+01   -0.252602493020749216E+04   -0.871896350544158238E+01    1
    0.378426379180815231E+00    0.677379368973014806E+01    0.180179316282174384E+01    0.439782364596490094E+01    0.152001383004753343E+01    0.741857190915807507E+01   -0.252575545532235628E+04   -0.872146350544156768E+01    1
    0.211485240941009428E+00    0.609172762805657531E+01    0.884388205863402728E-02    0.133997392439674035E+01    0.818602519311262156E+00    0.713504045747695859E+01   -0.252569683579329148E+04   -0.872396350544154586E+01    1
    0.552252818614302532E+00    0.613045239610737447E+01    0.344346819596720255E+00    0.970623955307295461E+01    0.511897499636787101E+00    0.705521253344069788E+01   -0.252555022680309821E+04   -0.872646350544155780E+01    1
    0.107873971620944697E+00    0.737202769128923308E+01    0.939790310615536140E-01    0.601936486715550778E+01    0.352899945535914350E+01    0.733211277726988975E+01   -0.252524822086602171E+04   -0.872896350544154487E+01    1
    0.134697538614273082E+00    0.790292835235595703E+01    0.747146760728657600E+00    0.154098336756229415E+01    0.470255792140960693E+01    0.695212722835402186E+01   -0.252470115732537442E+04   -0.873146350544154615E+01    1
    0.127646604305099581E+00    0.616131105559658732E+01    0.874574732999022497E-01    0.470267259948280891E+01    0.127780818791310180E+01    0.704425214321981219E+01   -0.252469183984422625E+04   -0.873396350544156164E+01    1
    0.593551594018936202E+00    0.833482992649078369E+01    0.946731810877899815E+00    0.722551255047321295E+01    0.442760676145553589E+01    0.716741545490915044E+01   -0.252417909763881244E+04   -0.873646350544157535E+01    1
    0.247568712005548280E+00    0.706410033724369768E+01    0.545572487441581960E-01    0.401038120691631050E+01    0.246989655418276621E+01    0.686709712155998808E+01   -0.252286291286455753E+04   -0.873896350544159617E+01    1
    0.669127518066585214E+00    0.637434912750724081E+01    0.108116848266912272E+00    0.922102042502416275E+01    0.711951943699028367E+00    0.704465038030942914E+01   -0.252265289343797531E+04   -0.874146350544159745E+01    1
    0.232166713802356761E+00    0.808879415860046791E+01    0.105934103565523251E-01    0.207813322427830682E+00    0.427981082420383885E+01    0.691655420782561681E+01   -0.252201678100096069E+04   -0.874396350544159340E+01    1
    0.427217149307620891E+00    0.745263191274767500E+01    0.199339056413960457E-01    0.689287569750649443E+01    0.276244492093761274E+01    0.710782844270351877E+01   -0.252173307338377754E+04   -0.874646350544158580E+01    1
    0.491285374244734396E+00    0.786708363348191764E+01    0.523253046971612901E-01    0.598934854147754869E+01    0.347238619429994344E+01    0.722604916989280976E+01   -0.252093806705351790E+04   -0.874896350544155332E+01    1
    0.472966387830397572E+00    0.765650641276028310E+01    0.140239706374061298E-01    0.521349548119667805E+01    0.289695797536489330E+01    0.748067891487863079E+01   -0.252064311675994031E+04   -0.875146350544152973E+01    1
    0.620482326383831162E+00    0.705303056313986776E+01    0.161931466701102714E-01    0.225743335541429957E+01    0.152834938019637834E+01    0.776693509550378725E+01   -0.252045820699606611E+04   -0.875396350544154345E+01    1
    0.680411338806152344E+00    0.678741383552551270E+01    0.719334904941833081E-01    0.653176579236984267E+01    0.119406759738922119E+01    0.750196784612490308E+01   -0.252028551599670345E+04   -0.875646350544157492E+01    1
    0.468308759173175049E+00    0.797265170160013170E+01    0.464678620929173058E+00    0.352462931977172433E+00    0.378533381095673205E+01    0.687532222624580136E+01   -0.251936723472965741E+04   -0.875896350544157620E+01    1
    0.124112377087753967E+00    0.638342816219494047E+01    0.282116214811556409E+00    0.327064914453967637E+01    0.166939476338650961E+01    0.716930021100606663E+01   -0.251924399812682123E+04   -0.876146350544156327E+01    1
    0.539345501521537374E+00    0.770790779484561028E+01    0.101719344541694855E-01    0.391405657278359342E+01    0.296271640334514608E+01    0.727046638437821091E+01   -0.251830485591635033E+04   -0.876396350544157698E+01    1
    0.474447661093753026E+00    0.808281544701740984E+01    0.177311480680140715E+00    0.341158877782412207E+01    0.413208206523060095E+01    0.711513364696211426E+01   -0.251797226662377534E+04   -0.876646350544156228E+01    1
    0.578892191095386366E+00    0.719331742484197800E+01    0.678227572803281942E+00    0.254790403877240923E+01    0.218127331774447963E+01    0.688168472299699552E+01   -0.251637053627276873E+04   -0.876896350544154046E+01    1
    0.613221771634711255E+00    0.842618409748291697E+01    0.189658979476139355E+00    0.179559356325687314E+01    0.468803542745537172E+01    0.697618583858948060E+01   -0.251339320370441010E+04   -0.877146350544155773E+01    1
    0.541900938749313332E+00    0.733201992511749268E+01    0.368793327694337414E+01    0.890531564593315039E+01    0.182537287473678589E+01    0.737581376235689135E+01   -0.251325916202345343E+04   -0.877396350544155901E+01    1
    0.231816353676082970E+00    0.661471830051334031E+01    0.321952322480512354E+01    0.182768223354597037E+01    0.125497570029569183E+01    0.703542986848123153E+01   -0.251316106897169993E+04   -0.877646350544156029E+01    1
    0.109931001929198524E+00    0.815824452132861566E+01    0.252804603900957603E+00    0.848943028556770685E+01    0.498454842531331899E+01    0.753426090558075057E+01   -0.251266103066754158E+04   -0.877896350544157933E+01    1
    0.443140873021207859E+00    0.780529637038261281E+01    0.861593253668086922E+00    0.119500941337137911E+01    0.337940941823607721E+01    0.700524855348909181E+01   -0.251171391300845971E+04   -0.878146350544157350E+01    1
    0.519911349212969776E+00    0.661819949755260772E+01    0.140298030023074705E+01    0.946118260805042688E+01    0.101712865192281865E+01    0.702720049939168323E+01   -0.251043552088970955E+04   -0.878396350544157656E+01    1
    0.302101683616638195E+00    0.696801209449768066E+01    0.424756483627156278E+01    0.635436563611030536E+01    0.148802310228347778E+01    0.679159221491316867E+01   -0.250963128390239353E+04   -0.878646350544156718E+01    1
    0.326099137844092613E+00    0.797976545356747202E+01    0.569312067608745281E-02    0.414560825472960470E+01    0.355001816664497216E+01    0.750235173635211527E+01   -0.250869415851217127E+04   -0.878896350544156668E+01    1
    0.335764584388153375E+00    0.774958585860831306E+01    0.335624457255330233E+01    0.711562636087869116E+01    0.320699342429889134E+01    0.670027334734356828E+01   -0.250829211241631037E+04   -0.879146350544157329E+01    1
    0.164858615398406988E+00    0.623348176479339600E+01    0.154678468612022213E+01    0.967294172167778044E+01    0.939868986606597900E+00    0.724078665028597079E+01   -0.250729740176644327E+04   -0.879396350544156391E+01    1
    0.209471005201339711E+00    0.642191231250762939E+01    0.331942663079958233E+00    0.411611104011535625E-01    0.325115919113159180E+00    0.720660037015348642E+01   -0.250619446685917956E+04   -0.879646350544155275E+01    1
    0.396964180469512984E+00    0.685153079032897949E+01    0.329992770400245827E+00    0.683675906062126160E+01    0.161859571933746338E+01    0.723546506680220780E+01   -0.250619298669308864E+04   -0.879896350544156114E+01    1
    0.519828320789952225E+00    0.753267371357175808E+01    0.748967838914893158E+00    0.177561973154003083E+01    0.260777990101649637E+01    0.718311818506735822E+01   -0.250575188554808074E+04   -0.880146350544156952E+01    1
    0.300579959506957706E+00    0.730608410210435189E+01    0.216276826743546258E+00    0.132129002117845151E+01    0.265759023239628922E+01    0.712182188587344367E+01   -0.250477096353587103E+04   -0.880396350544155304E+01    1
    0.342379715931468209E+00    0.803573775973042359E+01    0.300158424167910720E+01    0.410586698851179488E+01    0.315315118264672556E+01    0.798492617197377186E+01   -0.250440454947796297E+04   -0.880646350544155077E+01    1
    0.545350354909896917E+00    0.867575979232788086E+01    0.453633880517997704E-01    0.919597523212432932E+01    0.486217707395553589E+01    0.716513005483530652E+01   -0.250397477501257936E+04   -0.880896350544156093E+01    1
    0.273903149340465446E+00    0.606815155943983608E+01    0.695824200981240426E+00    0.257337415460847074E+01    0.468774664223473692E+00    0.712245837962139028E+01   -0.250342790389062748E+04   -0.881146350544156221E+01    1
    0.529254263639450051E+00    0.648416423797607422E+01    0.708381605859455948E-01    0.229400006771087650E+01    0.753665268421173096E+00    0.692300181184536356E+01   -0.250333411292334722E+04   -0.881396350544155993E+01    1
    0.273944178097712210E+00    0.652753470822547843E+01    0.316059267298079272E+01    0.666018879291245369E+01    0.896688228462672599E+00    0.722343421914210637E+01   -0.250304187285037233E+04   -0.881646350544157542E+01    1
    0.145091968774795549E+00    0.844837391376495361E+01    0.630983924714559590E-02    0.157005087435245527E+01    0.492051362991333008E+01    0.748428011930421810E+01   -0.250203125556920395E+04   -0.881896350544156959E+01    1
    0.408392369747161865E+00    0.796342790126800537E+01    0.400338271281967728E+01    0.928457830548286456E+00    0.291670620441436768E+01    0.727374154892497504E+01   -0.250104660275749620E+04   -0.882146350544156377E+01    1
    0.441856859983355998E+00    0.749445923700444627E+01    0.104488680370504095E+01    0.702794889991742444E+01    0.247367004802585821E+01    0.738275480810658813E+01   -0.250091937683304286E+04   -0.882396350544155972E+01    1
    0.537945606211363447E+00    0.882029876451990091E+01    0.800503778971653826E-02    0.895881010240483810E+01    0.494617563781165703E+01    0.731229067619577489E+01   -0.250024671776373179E+04   -0.882646350544155922E+01    1
    0.439202503265242683E+00    0.800669630394084564E+01    0.131354278702723575E-01    0.541521459184665321E+01    0.334592402039863401E+01    0.745615869897603289E+01   -0.250014302141663302E+04   -0.882896350544156583E+01    1
    0.430964762406691126E+00    0.709921386290722189E+01    0.294455191690609297E+01    0.923417881588317790E+01    0.160936478789023396E+01    0.720107753780035331E+01   -0.249992638976227681E+04   -0.883146350544155112E+01    1
    0.252218773901144444E+00    0.798605697054726527E+01    0.395462999290274939E-01    0.241641942104315977E+01    0.388995650677910110E+01    0.704123897634526141E+01   -0.249986785185962754E+04   -0.883396350544155062E+01    1
    0.262402723623206158E+00    0.806868766333157517E+01    0.129945307121299702E+01    0.733632882173429746E+01    0.386064993957754155E+01    0.741160370486113695E+01   -0.249944193701896393E+04   -0.883646350544156434E+01    1
    0.319045655597441025E+00    0.708562966151970119E+01    0.288827385295847661E+01    0.967004814220745601E+01    0.181364180702411582E+01    0.700928690281950040E+01   -0.249823342836339361E+04   -0.883896350544155851E+01    1
    0.655517255054843484E+00    0.656955052404548123E+01    0.711638136119672304E+00    0.729518267250071339E+01    0.630188858761346893E+00    0.752394855635201587E+01   -0.249804455081739843E+04   -0.884146350544154913E+01    1
    0.277036031734491983E+00    0.730998938416643984E+01    0.866865335024827433E+00    0.560041674781121124E+01    0.237366669516696538E+01    0.745298697198361371E+01   -0.249628754783960267E+04   -0.884396350544156462E+01    1
    0.441405502217949053E+00    0.826759594271936926E+01    0.321599409143574855E+01    0.595634704399660109E+01    0.377347280761078707E+01    0.708591710137216069E+01   -0.249604461501896685E+04   -0.884646350544156057E+01    1
    0.445346330335300800E+00    0.820877779559842935E+01    0.773512632235394265E-01    0.250568474326608959E+01    0.383178278958790397E+01    0.733372327527653844E+01   -0.249515538425195655E+04   -0.884896350544154764E+01    1
    0.542709149366384147E+00    0.772448715481468628E+01    0.263934700191405351E-01    0.559110671542716098E+00    0.256008950070276331E+01    0.728586305882074559E+01   -0.249468076539166668E+04   -0.885146350544155602E+01    1
    0.299616344802043577E+00    0.760617570950080246E+01    0.575575466937032626E-01    0.553300953038768695E+00    0.286339321965207194E+01    0.713495656573390846E+01   -0.249433497994565505E+04   -0.885396350544157507E+01    1
    0.444368534951893657E+00    0.737545012912304987E+01    0.142659601784076179E-01    0.558384274763418986E+01    0.200818019552166760E+01    0.768580535914437579E+01   -0.249348229501406149E+04   -0.885646350544156391E+01    1
    0.696935498714447044E+00    0.886413109302520752E+01    0.138397646027245219E+00    0.742931914567947338E+01    0.495495766401290894E+01    0.740291539609982330E+01   -0.249339316045483974E+04   -0.885896350544155453E+01    1
    0.110258039727067825E+00    0.782311375122756658E+01    0.167936644188651452E+00    0.843181929250679119E+01    0.402084149008379210E+01    0.749226932897803977E+01   -0.249236556261929309E+04   -0.886146350544155581E+01    1
    0.168909388359508306E+00    0.692860574795615758E+01    0.126522425289565232E+01    0.295238820910663735E+01    0.207457464637715017E+01    0.687316962060956538E+01   -0.249233028701441435E+04   -0.886396350544154821E+01    1
    0.320661136861648766E+00    0.654296886657044396E+01    0.320376912085965707E-01    0.114760775466732756E+01    0.949350042738622779E+00    0.691452213488371470E+01   -0.249095526633792815E+04   -0.886646350544155659E+01    1
    0.114123600721359256E+00    0.610299813747406006E+01    0.644102961952254027E+00    0.420444015800952897E+01    0.937100350856781006E+00    0.687122894084287950E+01   -0.248995420259565435E+04   -0.886896350544156320E+01    1
    0.476200817357348205E+00    0.840659856534107597E+01    0.665308246415774046E-01    0.880773556307643091E+01    0.412827403720501529E+01    0.732535877428363857E+01   -0.248842906029160940E+04   -0.887146350544156626E+01    1
    0.270236990879705763E+00    0.772217729793032248E+01    0.460895878215373089E+00    0.694716959238910103E+01    0.345471513920206874E+01    0.689430952666606611E+01   -0.248745694684433056E+04   -0.887396350544157109E+01    1
    0.151060136877250589E+00    0.695608207924651367E+01    0.652105953764900437E-01    0.615037066031920876E+01    0.212795135188036255E+01    0.692954849673443718E+01   -0.248738864479222775E+04   -0.887646350544157769E+01    1
    0.548263273680303032E+00    0.756273892672642667E+01    0.712676304243336917E-01    0.201248946684015939E+01    0.236003366258810932E+01    0.725124674614985043E+01   -0.248630578538108739E+04   -0.887896350544156832E+01    1
    0.568749141855239393E+00    0.851817162538282524E+01    0.817948378685638078E+00    0.461036372121295379E+01    0.449902596848184366E+01    0.689070654086186174E+01   -0.248431880228816317E+04   -0.888146350544155538E+01    1
    0.358149343740262416E+00    0.826758174795120659E+01    0.296444827191725979E+01    0.718222321162743516E+01    0.401548682127319179E+01    0.675505506820581214E+01   -0.248397956096532380E+04   -0.888396350544155489E+01    1
    0.642694228887558006E+00    0.725708913803100586E+01    0.230549995404936281E+01    0.534573101043701193E+01    0.157553583383560181E+01    0.722006544589366683E+01   -0.248378032278110140E+04   -0.888646350544156682E+01    1
    0.252897504223898340E+00    0.654907025661503273E+01    0.176051086491116093E+01    0.193701359311037247E+01    0.998013256765533208E+00    0.701472554781887681E+01   -0.248132614679310836E+04   -0.888896350544157698E+01    1
    0.334940053019219364E+00    0.808781282456351036E+01    0.193526486419890387E+01    0.374675009031826312E+01    0.371769324515608002E+01    0.692458442952576725E+01   -0.248103811711755952E+04   -0.889146350544156050E+01    1
    0.536899141429643456E+00    0.739135171001760316E+01    0.117525338097354357E-01    0.726201634055442913E+01    0.205386075553950409E+01    0.702742155230303922E+01   -0.248103562637892128E+04   -0.889396350544155823E+01    1
    0.548651616748349613E+00    0.829097825383980158E+01    0.730266998065612682E+00    0.389423094437536665E+01    0.331360414182429563E+01    0.801651719409504082E+01   -0.248004146617871902E+04   -0.889646350544155240E+01    1
    0.527181947426223152E+00    0.717885166427776156E+01    0.871475018098427312E+00    0.613487611085964701E+01    0.153805995256382211E+01    0.761602612797007161E+01   -0.247990911168162756E+04   -0.889896350544155190E+01    1
    0.691675914141224646E+00    0.794068443331365703E+01    0.894179462354964039E+00    0.387818118253995436E+01    0.281124628158474499E+01    0.741049815862393668E+01   -0.247861447396103767E+04   -0.890146350544156562E+01    1
    0.187584888344078660E+00    0.721312114911689406E+01    0.482037202946768217E+00    0.921090942906862153E+01    0.253642102710535422E+01    0.698104573279673968E+01   -0.247774690224440064E+04   -0.890396350544155624E+01    1
    0.417977364462735701E+00    0.661953158069964243E+01    0.135541569166083486E+01    0.825087798537300188E+01    0.729989514659915351E+00    0.753979334921843236E+01   -0.247766332999178530E+04   -0.890646350544154686E+01    1
    0.381263131030655456E+00    0.723051073863148375E+01    0.283767022551056486E-01    0.610048583324444449E+00    0.177843413115793969E+01    0.721366200775720401E+01   -0.247755214488275351E+04   -0.890896350544154636E+01    1
    0.283360531660620807E+00    0.829080535965403698E+01    0.420436607860745859E+01    0.803717304425051537E+01    0.355626015267416262E+01    0.720771053025597652E+01   -0.247673868366943952E+04   -0.891146350544155830E+01    1
    0.304461280798084488E+00    0.761412117429328461E+01    0.333831980929353220E-01    0.417061964569332311E+01    0.261806946986248690E+01    0.737070096076567793E+01   -0.247411343865756953E+04   -0.891396350544155958E+01    1
    0.126631853181752213E+00    0.680817838521155849E+01    0.103943142698952450E-01    0.131778898451378557E+01    0.172351196634551673E+01    0.718990542855625669E+01   -0.247389748386001565E+04   -0.891646350544155375E+01    1
    0.236846971511840837E+00    0.731626188755035400E+01    0.100844136086015876E+00    0.815297478199005177E+01    0.242405593395233154E+01    0.709970984420546269E+01   -0.247371037570202134E+04   -0.891896350544157634E+01    1
    0.269611286590089871E+00    0.802263934334876794E+01    0.219328626700524998E+01    0.247801901739495190E+01    0.340090820187588116E+01    0.728571413649465160E+01   -0.246966057430560386E+04   -0.892146350544157585E+01    1
    0.450769388675689719E+00    0.803810417652130127E+01    0.966497527313603166E+00    0.734654022634029413E+01    0.333266675472259521E+01    0.710016729597014873E+01   -0.246674529078775913E+04   -0.892396350544157180E+01    1
    0.571077017217757499E+00    0.829949628996497424E+01    0.620726062645612659E-02    0.932292584134803093E+01    0.351330797451879606E+01    0.726487973616210514E+01   -0.246466643631665511E+04   -0.892646350544158196E+01    1
    0.574989028018042192E+00    0.618699178172447528E+01    0.118974712801349053E+00    0.466141172888053834E+01    0.295773672331381410E-01    0.671664987261951918E+01   -0.246403541574799056E+04   -0.892896350544158146E+01    1
    0.337294746022271719E+00    0.692936949288231929E+01    0.445637250752087322E+00    0.699983152001695252E+01    0.143397311285974460E+01    0.733025035501285593E+01   -0.246400509198869531E+04   -0.893146350544157919E+01    1
    0.105102119053561482E+00    0.691206474572515006E+01    0.297858475184186666E+01    0.476758994495572086E+01    0.166493348649997741E+01    0.757389319567035191E+01   -0.246380753921366795E+04   -0.893396350544158580E+01    1
    0.146557348966598527E+00    0.616609454154968262E+01    0.746180312887832903E-01    0.942962758779525778E+01    0.557819604873657227E+00    0.743407278982864206E+01   -0.246361563676361584E+04   -0.893646350544157997E+01    1
    0.105645618936319061E+00    0.776710526472607565E+01    0.492829259250608873E-01    0.816308268312655727E+01    0.367825564263942528E+01    0.696816647415513657E+01   -0.246317931804033424E+04   -0.893896350544157769E+01    1
    0.355488592386245750E+00    0.786817455291748047E+01    0.683848797455308133E-01    0.145343489050865182E+01    0.289850205183029175E+01    0.746732472346493292E+01   -0.246208806230050232E+04   -0.894146350544158430E+01    1
    0.324874340425689856E+00    0.837172618756917153E+01    0.165346858058537971E+01    0.372283335320840214E+01    0.413933303846805956E+01    0.700407660816443833E+01   -0.246031931299510507E+04   -0.894396350544157848E+01    1
    0.482669975131161944E+00    0.864414877464710152E+01    0.183457142202085935E-01    0.865613305507864439E+01    0.434403451969297727E+01    0.719061647301740425E+01   -0.245985940241902381E+04   -0.894646350544156910E+01    1
    0.117926484346389776E+00    0.666580057144165039E+01    0.124489594036049689E+01    0.818395606637001016E+01    0.140549242496490479E+01    0.743059704121809972E+01   -0.245978838997603498E+04   -0.894896350544155617E+01    1
    0.590977938258411606E+00    0.637129151795440229E+01    0.171141556473351386E+00    0.466690879854786544E+01    0.168856395179546287E+00    0.744146151819374069E+01   -0.245910983669176039E+04   -0.895146350544156100E+01    1
    0.449402435592504146E+00    0.826194135203561508E+01    0.334879510893489676E-01    0.532954407413203679E+01    0.351023301216553385E+01    0.738293968100738063E+01   -0.245855357432640312E+04   -0.895396350544155872E+01    1
    0.344053915881529171E+00    0.787645069597573411E+01    0.441991206103974688E+00    0.630712415102418333E+01    0.309322639521764264E+01    0.741247242278233731E+01   -0.245732577018313214E+04   -0.895646350544156356E+01    1
    0.205690182873003391E+00    0.723093325296168832E+01    0.772613539984583209E-01    0.506282458874639740E+00    0.191108829889600762E+01    0.757427992539196726E+01   -0.245071203260167613E+04   -0.895896350544156839E+01    1
    0.328375506401062056E+00    0.744237375259399414E+01    0.301897250548948615E+00    0.193749498069286341E+01    0.228258281946182251E+01    0.732744731860721377E+01   -0.245011411034050843E+04   -0.896146350544156434E+01    1
    0.693254809555101659E+00    0.836723900149358712E+01    0.251680259347525526E+00    0.169668367605494114E+00    0.289379605788629091E+01    0.711334364988477663E+01   -0.245006265182260313E+04   -0.896396350544157094E+01    1
    0.236651587486267106E+00    0.688091063499450684E+01    0.599381904531520182E+00    0.263687589049339266E+01    0.151348918676376343E+01    0.703576603840552472E+01   -0.244961258669240033E+04   -0.896646350544157400E+01    1
    0.531327110528945989E+00    0.785972309112548828E+01    0.518739826411811489E+00    0.815207327008247340E+01    0.289906799793243408E+01    0.697826050644708751E+01   -0.244839697504496371E+04   -0.896896350544157706E+01    1
    0.703520242100114768E+00    0.762273537662706246E+01    0.417966882624776770E+00    0.784677241167667194E+01    0.214771715114757411E+01    0.725209467478245617E+01   -0.244757669009883239E+04   -0.897146350544157656E+01    1
    0.229709544880685262E+00    0.733941850198615242E+01    0.153854095365686949E-01    0.145251219204366588E+01    0.217866085739429272E+01    0.696611705351987975E+01   -0.244698346988453204E+04   -0.897396350544157784E+01    1
    0.553735396568206362E+00    0.716090315362267127E+01    0.962975694635374857E-02    0.826365898731866544E+01    0.135680059890016125E+01    0.710913759364748454E+01   -0.244607722204479114E+04   -0.897646350544157912E+01    1
    0.463762568326292923E+00    0.915945084350039096E+01    0.994936166133961533E-02    0.898960169072038906E-01    0.434370194456789527E+01    0.724412320663421117E+01   -0.244018473213425341E+04   -0.897896350544158217E+01    1
    0.423861627254410678E+00    0.955117278102403588E+01    0.153408798194417606E+00    0.601396704338771038E+01    0.292754468158876779E+01    0.736233612148136096E+01   -0.243920142871853113E+04   -0.898146350544157102E+01    1
    0.628292474973077830E+00    0.879949910333359142E+01    0.260631815356377916E+00    0.766924509254025999E+01    0.470436600770987834E+01    0.704561552874559371E+01   -0.243865713256419076E+04   -0.898396350544156519E+01    1
    0.603778249746996454E+00    0.722848526718055062E+01    0.157776434617504339E-01    0.434958138088503610E+01    0.129361729013568549E+01    0.732548324503433879E+01   -0.243627834521737714E+04   -0.898646350544156469E+01    1
    0.568578202257744580E+00    0.715789372817097380E+01    0.176601070296116353E+00    0.385858130186201231E+01    0.117962387037507632E+01    0.775563418931074633E+01   -0.243531045210201728E+04   -0.898896350544156952E+01    1
    0.449438995827179055E+00    0.731391635719695632E+01    0.681145339550180782E-02    0.230697516812361814E+01    0.157154915774035175E+01    0.734208422636426139E+01   -0.243518229771230563E+04   -0.899146350544156370E+01    1
    0.189193052453587279E+00    0.101520340585996873E+02    0.250125402009425568E+00    0.629905298915029910E+01    0.482852577304689046E+01    0.772927825716178418E+01   -0.243471471068852725E+04   -0.899396350544155609E+01    1
    0.528799389790111984E+00    0.795928164327235876E+01    0.151454324619390873E+00    0.587546746019332211E+01    0.297874776743480352E+01    0.705482612727526615E+01   -0.243420047664882122E+04   -0.899646350544156270E+01    1
    0.440780595082677862E+00    0.703804545920156954E+01    0.215920477674623745E-01    0.968035188590302553E+01    0.115721048431830642E+01    0.730225869286509699E+01   -0.243411324216374715E+04   -0.899896350544157286E+01    1
    0.270383477376421877E+00    0.863526108349595134E+01    0.894418746105987150E+00    0.291382575668304877E+01    0.444266131861234825E+01    0.746775892451007461E+01   -0.243389732315679885E+04   -0.900146350544155993E+01    1
    0.281500926201524004E+00    0.673790239035161687E+01    0.370871293596391871E+00    0.379809456316003091E+01    0.829066966922479054E+00    0.798928042730606514E+01   -0.243347031101652101E+04   -0.900396350544154345E+01    1
    0.184847118889333306E+00    0.801408757903370450E+01    0.706114782655330564E+00    0.879699269280142460E+01    0.372128512521110411E+01    0.699257066718090758E+01   -0.242876396335076515E+04   -0.900646350544156249E+01    1
    0.294179749488830578E+00    0.829238569736480713E+01    0.163561994444215020E+01    0.690235988497734043E+00    0.365144759416580200E+01    0.717556897271197158E+01   -0.242823942377434787E+04   -0.900896350544157087E+01    1
    0.641909598580397200E+00    0.825749685504683839E+01    0.581135041112541655E-02    0.223186136667962032E+01    0.290728782625461335E+01    0.760124621924725030E+01   -0.242677289317915165E+04   -0.901146350544155972E+01    1
    0.598443049235947711E+00    0.751229330165135156E+01    0.264514316854603493E+01    0.200276545040326370E+01    0.154686994205393913E+01    0.741679239692296477E+01   -0.242652591208667309E+04   -0.901396350544155567E+01    1
    0.449623792552797941E+00    0.713665896384191445E+01    0.366952094128586079E-01    0.784897990048507666E+01    0.136380823948290097E+01    0.697121552882342854E+01   -0.242524887484936517E+04   -0.901646350544154451E+01    1
    0.502957484552618350E+00    0.782846508379001804E+01    0.118461708767312213E+01    0.909101749485633981E+01    0.241318755813079067E+01    0.737765438727030887E+01   -0.242429983001723349E+04   -0.901896350544154757E+01    1
    0.330073635583892022E+00    0.699105629229471059E+01    0.108658011044745861E+01    0.265290038554520269E+01    0.124365697523617991E+01    0.709871343557730761E+01   -0.242076745961196184E+04   -0.902146350544154885E+01    1
    0.512394487109450347E+00    0.877882890627378210E+01    0.686195340842345441E-02    0.217035805755947742E+01    0.390623114429686558E+01    0.778838960030109639E+01   -0.242062201037141585E+04   -0.902396350544154657E+01    1
    0.512573959947573154E+00    0.856352459564866031E+01    0.340030378614572748E+00    0.766099557855806168E+01    0.404955839137662732E+01    0.728638622802271563E+01   -0.242012905321730932E+04   -0.902646350544156384E+01    1
    0.308898507411051293E+00    0.684737222872753826E+01    0.242364849679107142E+01    0.899670236834093195E+01    0.918696281587114694E+00    0.719224183669893335E+01   -0.241693382941943719E+04   -0.902896350544158466E+01    1
    0.249540084537608647E+00    0.746446293119753346E+01    0.170555449392316905E+01    0.897742267475966926E+01    0.203110226909822922E+01    0.754563126539030460E+01   -0.241677782767009967E+04   -0.903146350544156640E+01    1
    0.478263286873998661E+00    0.687458630662950831E+01    0.313909179153626949E+01    0.378133405595804373E+01    0.687856022671937684E+00    0.669258010320956753E+01   -0.241653656227073816E+04   -0.903396350544155347E+01    1
    0.369152602639555072E+00    0.748687361599165691E+01    0.193839207643728506E+01    0.801824218179695691E+01    0.199654824029946099E+01    0.699164420053507918E+01   -0.241564241560497067E+04   -0.903646350544156718E+01    1
    0.556867355108261131E+00    0.791362285614013672E+01    0.972370324560359600E-01    0.290035316586494440E+01    0.239078700542449951E+01    0.763054683851941640E+01   -0.241528221447630494E+04   -0.903896350544157734E+01    1
    0.319534390869777862E+00    0.703478416676861329E+01    0.174559324383508213E-01    0.496848660801398623E+01    0.126479880048358906E+01    0.715704650362304218E+01   -0.241518032335796624E+04   -0.904146350544157329E+01    1
    0.163929686775313721E+00    0.690915499886680085E+01    0.838169149122250379E+00    0.520866074846346461E+01    0.151953326649748943E+01    0.712556964118189118E+01   -0.241460492675723845E+04   -0.904396350544155325E+01    1
    0.654099783054888140E+00    0.799159220696087758E+01    0.616676464676719285E-01    0.899495269674730702E+00    0.241183078278389562E+01    0.734783379898321432E+01   -0.241046460927363523E+04   -0.904646350544154920E+01    1
    0.506730339457487577E+00    0.725647968021654233E+01    0.607052177295355558E-01    0.381923433924868583E+01    0.140583807780206582E+01    0.711814458788727134E+01   -0.240918766815548179E+04   -0.904896350544155403E+01    1
    0.107572191076740223E+00    0.751568242739728198E+01    0.104495724752027272E+00    0.241189912289784508E+00    0.287130169184177619E+01    0.676559146199091366E+01   -0.240889525293612814E+04   -0.905146350544157308E+01    1
    0.597866916656494163E+00    0.714388477802276611E+01    0.134782026128465726E+01    0.310523514449596405E+01    0.111355841159820557E+01    0.692277689158677578E+01   -0.240865463346583419E+04   -0.905396350544158146E+01    1
    0.403481682065298997E+00    0.688035206453234238E+01    0.207232243243701014E+00    0.524600179781152409E+01    0.103374257377694079E+01    0.706546200887290876E+01   -0.240786306104768937E+04   -0.905646350544157919E+01    1
    0.359749785578686643E+00    0.852043070047701967E+01    0.533776967785278000E-01    0.778702877809724114E+01    0.379119048457845587E+01    0.753539679921087213E+01   -0.240741417963162667E+04   -0.905896350544158224E+01    1
    0.478535706299334396E+00    0.710627691490542723E+01    0.322885866816480849E+00    0.540237059025148714E+01    0.131454720198415442E+01    0.701373197976684715E+01   -0.240613588079930787E+04   -0.906146350544157819E+01    1
    0.505873958099996246E+00    0.860164113440974987E+01    0.432735506629319255E-01    0.692396553532896597E+01    0.377519653997484372E+01    0.743079505654225336E+01   -0.240589385537646149E+04   -0.906396350544158480E+01    1
    0.653106642434195472E+00    0.878083935366107937E+01    0.224574573094645374E+00    0.720837152862352770E+01    0.420935512657737032E+01    0.740455648732311111E+01   -0.240501935903308777E+04   -0.906646350544158075E+01    1
    0.196439942994595107E+00    0.793595418520108353E+01    0.420652244901055183E+00    0.211448891257141419E+00    0.312460063970251545E+01    0.730091685486644337E+01   -0.240466221900143228E+04   -0.906896350544158203E+01    1
    0.122227074780326295E+00    0.611930212968442611E+01    0.139482480420384906E-01    0.318984765436834905E+00    0.275606174010146421E+00    0.716290122597983903E+01   -0.240383989304742863E+04   -0.907146350544158153E+01    1
    0.197106748819351196E+00    0.690721380710601807E+01    0.285812524327263874E-01    0.797601525902748065E+01    0.131021291017532349E+01    0.696426076826263518E+01   -0.240349524329914766E+04   -0.907396350544156682E+01    1
    0.493277723131915313E+00    0.772110361212936702E+01    0.102034288759418246E+01    0.101131754934423124E+01    0.200358462261232528E+01    0.749577218028107772E+01   -0.240206384364849009E+04   -0.907646350544157521E+01    1
    0.710428229674811673E+00    0.912890406242803998E+01    0.653413898492010009E-01    0.441016803754528119E+01    0.490703609768428439E+01    0.700751179707862093E+01   -0.239762890810755925E+04   -0.907896350544156583E+01    1
    0.729934084415435835E+00    0.897949254512786865E+01    0.161534521181415092E-01    0.431752393007278457E+01    0.455322444438934326E+01    0.682364661305350051E+01   -0.239285355180858369E+04   -0.908146350544156533E+01    1
    0.136182640882485717E+00    0.735736054021263008E+01    0.578207882381987170E+00    0.493855891287030691E+01    0.238901142526865895E+01    0.712983379526097494E+01   -0.239258176469779346E+04   -0.908396350544156839E+01    1
    0.100686508417129519E+00    0.774641942977905273E+01    0.699961993459739529E+00    0.984018230319023068E+01    0.316118389368057251E+01    0.744107976827612738E+01   -0.239225311840751237E+04   -0.908646350544156078E+01    1
    0.510155431563591888E+00    0.735505888609544378E+01    0.368470477976527988E+00    0.779018985228329619E+01    0.162729819390833930E+01    0.708949239340293413E+01   -0.239195203504797519E+04   -0.908896350544157805E+01    1
    0.426147959245555485E+00    0.817984937447228155E+01    0.372687573016015850E+00    0.634165550927856447E+01    0.345867803065077872E+01    0.665178611962392097E+01   -0.238783912109271796E+04   -0.909146350544157755E+01    1
    0.594336682558059715E+00    0.756605315208435059E+01    0.204182195017861146E+01    0.471504428982734702E+00    0.137854486703872681E+01    0.730131616860684751E+01   -0.238697199033977722E+04   -0.909396350544158061E+01    1
    0.643253721674407419E+00    0.654648798268798160E+01    0.397467132715680849E+00    0.761477814567333056E+01    0.572795801214975447E-01    0.744359975771223681E+01   -0.238400263080325931E+04   -0.909646350544158011E+01    1
    0.427925553073135734E+00    0.673079839187103257E+01    0.712773381782296454E-02    0.873203457756139123E+01    0.541512385723655787E+00    0.707722331111506175E+01   -0.238379281465107579E+04   -0.909896350544156363E+01    1
    0.450215041647480385E+00    0.854179407422745740E+01    0.678339200921728058E+00    0.536635550375827819E+01    0.370605277461807336E+01    0.746439526825111077E+01   -0.238292841311180337E+04   -0.910146350544157379E+01    1
    0.637789201736450151E+00    0.755837440490722656E+01    0.146832656594864081E+00    0.650467220366001087E+01    0.181111216545104980E+01    0.701919718505826395E+01   -0.238040295060881135E+04   -0.910396350544157329E+01    1
    0.276355457360187406E+00    0.797022077042620047E+01    0.187737250678902505E-01    0.135568018016890357E+01    0.284661289640391235E+01    0.713587960189435666E+01   -0.237992309735202161E+04   -0.910646350544157457E+01    1
    0.366904348134994507E+00    0.871156585216522217E+01    0.120654092985630328E-01    0.909373997092247066E+01    0.423202753067016602E+01    0.705968780473669089E+01   -0.237955724647222451E+04   -0.910896350544159006E+01    1
    0.719203719206110925E+00    0.831093339142065624E+01    0.285770120060485133E+00    0.960090348675767125E+01    0.314124061906234209E+01    0.721847244421392098E+01   -0.237872079130956945E+04   -0.911146350544158423E+01    1
    0.603704584585118664E+00    0.825734771267594247E+01    0.919389745019159356E-02    0.678340431590336834E+01    0.278288253748975212E+01    0.748701931418862721E+01   -0.237643743278651482E+04   -0.911396350544157485E+01    1
    0.374281177873395321E+00    0.804546205293039662E+01    0.147277211490071475E+00    0.996963569024540419E+01    0.314812040380308344E+01    0.683235865369311224E+01   -0.237602331231820244E+04   -0.911646350544158679E+01    1
    0.698730164340561677E+00    0.780022814374934725E+01    0.324282831641549835E-01    0.391277811086011384E+01    0.201595735326822112E+01    0.705074564309202678E+01   -0.237023600284265694E+04   -0.911896350544156853E+01    1
    0.677425515651702836E+00    0.707038843631744385E+01    0.368117832523801758E+00    0.899162201344966938E+01    0.833995938301086426E+00    0.720474094495688089E+01   -0.236728606848562276E+04   -0.912146350544155915E+01    1
    0.642513054609298750E+00    0.819267129898071289E+01    0.486095174068369218E+00    0.597417770028114337E+01    0.277069032192230225E+01    0.743248706376080293E+01   -0.236562502568058153E+04   -0.912396350544158175E+01    1
    0.697616270299731611E+00    0.884538280205031668E+01    0.973143979810376814E+00    0.985665490144603851E+01    0.399576074253477032E+01    0.723355187422250445E+01   -0.236405631356125105E+04   -0.912646350544158658E+01    1
    0.279636435946606365E+00    0.786495378443269022E+01    0.792792018393856046E+00    0.989938035934112892E+00    0.259364121326967112E+01    0.732697140759208043E+01   -0.236057504177964211E+04   -0.912896350544156654E+01    1
    0.353703837058162995E+00    0.703912004700359351E+01    0.518053776655173943E-02    0.784940746795739486E+01    0.992547756025147221E+00    0.723834745890416720E+01   -0.235998413442993933E+04   -0.913146350544156249E+01    1
    0.476552087068557784E+00    0.791663110256195068E+01    0.108083855999530336E-01    0.702961889564990994E+01    0.240764737129211426E+01    0.703213957841287840E+01   -0.235983417238018274E+04   -0.913396350544156022E+01    1
    0.274760353565216109E+00    0.788659870624542236E+01    0.228638792261719515E+00    0.215450449764728535E+01    0.284938007593154907E+01    0.714926298226640267E+01   -0.235490145524310356E+04   -0.913646350544155794E+01    1
    0.395215469197705005E+00    0.785025259486251947E+01    0.182405968071109453E+00    0.626620477136441778E+01    0.258322365596055281E+01    0.706605830439732774E+01   -0.235463952197032359E+04   -0.913896350544156100E+01    1
    0.226115452564127045E+00    0.757029036398720301E+01    0.768350515726562520E-02    0.721860129059839117E+01    0.206524300910857939E+01    0.734346713156273179E+01   -0.235225477340126417E+04   -0.914146350544154807E+01    1
    0.530652674033649907E+00    0.889719055389431190E+01    0.111698580999220476E+01    0.763694886779100468E+01    0.418261994577751750E+01    0.723828756702468290E+01   -0.234624500934958178E+04   -0.914396350544157244E+01    1
    0.361218153979960710E+00    0.906143358528935039E+01    0.508906983072244124E-02    0.502910193539220796E+01    0.455921132431171738E+01    0.740601592697432931E+01   -0.234215046426631034E+04   -0.914646350544159326E+01    1
    0.551076539436636259E+00    0.670266004879075261E+01    0.232513837260885836E+01    0.291136778275573160E+01    0.111016673808017038E+00    0.720996748081647532E+01   -0.234151644888712735E+04   -0.914896350544157855E+01    1
    0.132962048832933832E+00    0.836937784493377634E+01    0.163791817184059191E+00    0.121554229615511633E+01    0.410374451166357002E+01    0.732202615524770284E+01   -0.234096590833929122E+04   -0.915146350544156206E+01    1
    0.416239196484106122E+00    0.661063321539526516E+01    0.197714865332376880E-01    0.729366722543792356E+01    0.200517466109833981E+00    0.726801271039727581E+01   -0.233873909565496615E+04   -0.915396350544155446E+01    1
    0.548528567473480666E+00    0.861700182137693993E+01    0.230439534143591751E+00    0.821991468648999302E+01    0.371942660071839581E+01    0.733698611151777591E+01   -0.233797098398785147E+04   -0.915646350544156995E+01    1
    0.184706065367058581E+00    0.880128212609650618E+01    0.396043861705691821E-01    0.882510593270320598E+01    0.452797066513256663E+01    0.733458186988551120E+01   -0.233764399961266690E+04   -0.915896350544156768E+01    1
    0.613582251613047247E+00    0.100792983141617860E+02    0.216545063132931270E+01    0.901787771022276030E+00    0.329352395625246608E+01    0.763638686794223975E+01   -0.233672009676063317E+04   -0.916146350544157251E+01    1
    0.364567583231963810E+00    0.752883476158562726E+01    0.660848520933943473E-01    0.101151371409726831E+01    0.165708066436063173E+01    0.738849791804387923E+01   -0.233638390956698504E+04   -0.916396350544159333E+01    1
    0.726044092523838391E+00    0.759359332307115675E+01    0.128257640183939414E+01    0.461842639175077441E+01    0.149996343804414023E+01    0.693861767355157522E+01   -0.233388749347921521E+04   -0.916646350544157862E+01    1
    0.274212584925382474E+00    0.840397339801592125E+01    0.179369158875116522E-01    0.103294196954391659E+01    0.346120588118858574E+01    0.720513772481372161E+01   -0.233383016723316223E+04   -0.916896350544158523E+01    1
    0.511830268725527504E+00    0.739622648255534365E+01    0.933393702473171660E+00    0.302859858332248955E+01    0.123387179088752541E+01    0.748090940334466303E+01   -0.233259191979990737E+04   -0.917146350544158828E+01    1
    0.357081383199315261E+00    0.799268842302077953E+01    0.755644151088183946E-01    0.387712050400527364E+01    0.272599148158884663E+01    0.694253574424276998E+01   -0.233211376842804248E+04   -0.917396350544157535E+01    1
    0.721244804687531382E+00    0.731445993490881818E+01    0.188907104841141982E-01    0.574737444598370573E+01    0.101318482301553692E+01    0.694104663302741987E+01   -0.232805042527296155E+04   -0.917646350544158729E+01    1
    0.690789084070090431E+00    0.924455477398752734E+01    0.106478893464890655E-01    0.748086483686205117E+01    0.468084908495727436E+01    0.712589683083731007E+01   -0.232702091889351141E+04   -0.917896350544158324E+01    1
    0.109544319013194183E+00    0.840137466292558521E+01    0.146564198556204065E-01    0.770259154953378378E+01    0.409562363164597443E+01    0.712528323216564718E+01   -0.232550348731142503E+04   -0.918146350544158274E+01    1
    0.662475085258483865E+00    0.904068136215209961E+01    0.109900235282722053E+00    0.681479110896587326E+01    0.457774072885513306E+01    0.685557653198082217E+01   -0.232174450313305215E+04   -0.918396350544159290E+01    1
    0.295220920365227291E+00    0.836544709610816284E+01    0.266693820219714509E-01    0.274338419407072509E+01    0.330068384945641924E+01    0.727308452850983400E+01   -0.232133735844527564E+04   -0.918646350544158530E+01    1
    0.530802098383820420E+00    0.883831999147780323E+01    0.111090199506715497E-01    0.996097008752043500E+01    0.405123674621701202E+01    0.696498003694502454E+01   -0.232082891096007052E+04   -0.918896350544156881E+01    1
    0.572479605619495735E+00    0.854291034764211865E+01    0.215166500434144425E+00    0.668767476803240890E+00    0.327887983299816366E+01    0.740642481224252336E+01   -0.231926699206845251E+04   -0.919146350544155233E+01    1
    0.731239149687136325E+00    0.709508456658835396E+01    0.350093984904095334E+01    0.343699586660056022E+01    0.348379726059179162E+00    0.676491092245493242E+01   -0.231323447695555706E+04   -0.919396350544155005E+01    1
    0.269067573547363326E+00    0.898124408721923828E+01    0.111658390371490529E+00    0.652019976377487165E+01    0.496381670236587524E+01    0.691448876040882343E+01   -0.231216055637184445E+04   -0.919646350544156199E+01    1
    0.213986152410507224E+00    0.831758654117584229E+01    0.268362205759590378E+01    0.492263372778892538E+01    0.320632725954055786E+01    0.736386912842011654E+01   -0.231071079927792016E+04   -0.919896350544156327E+01    1
    0.257890408053397913E+00    0.847514234741078987E+01    0.169379492171508050E+00    0.873804637945255358E+01    0.393914794003466451E+01    0.704010469712136722E+01   -0.230660848415590590E+04   -0.920146350544155389E+01    1
    0.545941687593327285E+00    0.936374506465905831E+01    0.159586882022871124E+01    0.780398585099551578E+01    0.479161634056966523E+01    0.738224408174071733E+01   -0.229705707592580438E+04   -0.920396350544156228E+01    1
    0.234514590992949551E+00    0.846362140234394644E+01    0.801536716765761416E-02    0.672043337148101472E+01    0.363714543888418085E+01    0.712708666632251653E+01   -0.229595715759139875E+04   -0.920646350544157599E+01    1
    0.717055751460641266E+00    0.825030880011803625E+01    0.484010053625382186E-01    0.175007690614226774E+00    0.183417744879596345E+01    0.717742295507186157E+01   -0.229585731545011322E+04   -0.920896350544158970E+01    1
    0.550356424668181798E+00    0.898273338048660719E+01    0.442667107239979388E-01    0.166560671792337867E+01    0.390635776000970836E+01    0.755971211056347769E+01   -0.229482200413245937E+04   -0.921146350544157499E+01    1
    0.533319512110919436E+00    0.839209587725342132E+01    0.109566515957448027E+00    0.471434394147788360E+01    0.320544918002153878E+01    0.693190928526222283E+01   -0.229437705843463164E+04   -0.921396350544154608E+01    1
    0.597655757301601032E+00    0.808781748562003955E+01    0.836244181862697174E-02    0.992657473888043107E+01    0.240299088905075253E+01    0.687971168972513869E+01   -0.229430926617412615E+04   -0.921646350544154558E+01    1
    0.276004594564437877E+00    0.834633636474609375E+01    0.364790510408795413E-01    0.785706630051136035E+01    0.335686057806015015E+01    0.705139838934198693E+01   -0.229366410438910543E+04   -0.921896350544154153E+01    1
    0.332827597856521606E+00    0.754535341262817383E+01    0.500607196124143242E-01    0.770291729152202631E+01    0.164761006832122803E+01    0.735299343032123165E+01   -0.229177235974665246E+04   -0.922146350544156768E+01    1
    0.483175270046792060E+00    0.685482163993786564E+01    0.522384076609659631E-01    0.876955486846697596E+01    0.393076160775287953E+00    0.719469658792487987E+01   -0.229140688527053180E+04   -0.922396350544160093E+01    1
    0.570010316882714752E+00    0.832598795538534375E+01    0.510253350161497202E-02    0.548292876899001680E+01    0.265508240309179921E+01    0.743126491918104559E+01   -0.229122760778501743E+04   -0.922646350544159510E+01    1
    0.667082759172031414E+00    0.768931209071618671E+01    0.130175658719286602E+01    0.262446474241826166E+01    0.155991178950224652E+01    0.697816025492770553E+01   -0.229109652109383433E+04   -0.922896350544156263E+01    1
    0.291405835528513624E+00    0.879070026824898498E+01    0.823554302448787690E+00    0.164866077159411506E+01    0.416429819492463515E+01    0.728985729800660209E+01   -0.229072500038332373E+04   -0.923146350544154970E+01    1
    0.255689211326505517E+00    0.718012988305924882E+01    0.524863940713387808E-02    0.905323165138849006E+01    0.125169156670093384E+01    0.689766715547234277E+01   -0.229030043247679987E+04   -0.923396350544157052E+01    1
    0.315057893142909995E+00    0.685214244754656310E+01    0.400802935357052892E+01    0.474911324256752021E+01    0.218789734223256122E+00    0.705197652565505617E+01   -0.228871629711619426E+04   -0.923646350544158246E+01    1
    0.252668234579936590E+00    0.725864424083277893E+01    0.477294306301486415E+01    0.467365029096268358E+01    0.650319064683152370E+00    0.727362664022497185E+01   -0.228857662676494647E+04   -0.923896350544156419E+01    1
    0.607602905327190412E+00    0.845390638124513316E+01    0.942021724552794315E+00    0.595095728872550200E+01    0.262859431731677029E+01    0.796207119455151524E+01   -0.228496244321443282E+04   -0.924146350544156014E+01    1
    0.386496925354003928E+00    0.661556911468505859E+01    0.221781956153364401E+01    0.701282898068428029E+01    0.163030624389648438E-01    0.746613495241634606E+01   -0.228237488589886652E+04   -0.924396350544158452E+01    1
    0.547582643536013269E+00    0.701477616445291119E+01    0.125336820508963019E-01    0.558590630589041481E+01    0.576183182234892621E+00    0.680574830300134259E+01   -0.227974865672583337E+04   -0.924646350544159468E+01    1
    0.666684973586890717E+00    0.990009529527023879E+01    0.412955622641187278E-01    0.601874781424457961E+01    0.323082792362186177E+01    0.737493486464673786E+01   -0.227932368997061894E+04   -0.924896350544156931E+01    1
    0.660041107755076961E+00    0.729038886915264772E+01    0.389730105204370778E-01    0.732111758492707310E+01    0.861214549518964922E+00    0.716950312906217047E+01   -0.227837579608681654E+04   -0.925146350544156171E+01    1
    0.522783138584992035E+00    0.831262642764091098E+01    0.240470140578050895E+01    0.511823036236107587E+01    0.261850954262928592E+01    0.730119876374447774E+01   -0.227834363667356592E+04   -0.925396350544155943E+01    1
    0.257828399628954874E+00    0.873518506859841004E+01    0.600652274210572323E+00    0.900963728473486825E+01    0.418619855282235598E+01    0.726475754203129664E+01   -0.227544342235810291E+04   -0.925646350544156959E+01    1
    0.574203829396720544E+00    0.863090049078591548E+01    0.385293581031178681E-01    0.383059572441902407E+01    0.331953204863728635E+01    0.722350265035030592E+01   -0.227309353621867012E+04   -0.925896350544159397E+01    1
    0.269834011793136597E+00    0.787594175338745117E+01    0.141395061167888907E-01    0.922119315207004497E+01    0.218846410512924194E+01    0.755560797839152176E+01   -0.227304349442743842E+04   -0.926146350544156682E+01    1
    0.465084808144323736E+00    0.825821153096473815E+01    0.216815780668286384E+00    0.908900974418354934E+01    0.302186294055764648E+01    0.706224759419467496E+01   -0.227191828647189050E+04   -0.926396350544155034E+01    1
    0.258618322757340202E+00    0.935105316762503769E+01    0.240301949411573812E+01    0.108090370291538174E+00    0.457303363789338224E+01    0.740012647783663624E+01   -0.227122454949194298E+04   -0.926646350544155872E+01    1
    0.530649158114238628E+00    0.841993021858103319E+01    0.428155117457048873E-01    0.818295082816026387E+01    0.315384890796635853E+01    0.674947993892561460E+01   -0.226989505927663913E+04   -0.926896350544157777E+01    1
    0.218832564353942882E+00    0.849068546295166016E+01    0.746810293725635121E+00    0.959302096426486983E+01    0.367830723524093628E+01    0.737166880131241964E+01   -0.226615347084206951E+04   -0.927146350544157194E+01    1
    0.406381949669416653E+00    0.865147966020813008E+01    0.104172496056420278E-01    0.135415210422799803E+01    0.351611312446911084E+01    0.713184108516436854E+01   -0.226241515803962739E+04   -0.927396350544156967E+01    1
    0.326712909211876346E+00    0.915379360866124969E+01    0.455543445660173418E+01    0.856308585860668892E+01    0.422346399540672390E+01    0.689624160587863777E+01   -0.225952129980885002E+04   -0.927646350544157094E+01    1
    0.474658750037635913E+00    0.714452259743826801E+01    0.171401683652098145E-01    0.309633028194323101E+01    0.690378788410958455E+00    0.736411854195501991E+01   -0.225889049291365973E+04   -0.927896350544155446E+01    1
    0.654956647006431858E+00    0.719934333105851643E+01    0.124512384153464564E+00    0.265183856059001766E+01    0.650205425407796689E+00    0.741253255930803157E+01   -0.225883601286749717E+04   -0.928146350544157173E+01    1
    0.314421534538269043E+00    0.870226573944091797E+01    0.215321486428988873E+01    0.569760706603527023E+01    0.363076299428939819E+01    0.736534049503513888E+01   -0.225773203931528906E+04   -0.928396350544156412E+01    1
    0.563770424046682428E+00    0.893896775127509002E+01    0.300797236257040002E+01    0.820722650702512802E+01    0.386310946306479552E+01    0.686261789758474983E+01   -0.225651731760540588E+04   -0.928646350544154231E+01    1
    0.548438949723417668E+00    0.785657487550532263E+01    0.614208603266242804E-02    0.916918457552365851E+01    0.176743664818290491E+01    0.733720502450075251E+01   -0.225084793430532318E+04   -0.928896350544154714E+01    1
    0.135407991853372628E+00    0.738185306965183230E+01    0.171320715412697333E+00    0.696220130245997648E+01    0.181981667215164156E+01    0.759185884780645193E+01   -0.225037484847441374E+04   -0.929146350544155908E+01    1
    0.510857486672007144E+00    0.820342790906017427E+01    0.257711017297957840E-01    0.248877014548850894E+01    0.239863934210612539E+01    0.733524966108660159E+01   -0.224166379484740855E+04   -0.929396350544155325E+01    1
    0.494438059982053812E+00    0.671097593316715813E+01    0.141068768078869833E+01    0.738555651880492103E+01    0.402085257961063425E-01    0.711800877769136964E+01   -0.224118083120353140E+04   -0.929646350544154565E+01    1
    0.335209549945157170E+00    0.804410994849252425E+01    0.213628270919320601E+00    0.538233165657553680E+01    0.261616010567629775E+01    0.726135058184855797E+01   -0.223772481437977467E+04   -0.929896350544157535E+01    1
    0.181547012478903480E+00    0.905285513710939505E+01    0.983766196062094922E+00    0.517568734657041229E+01    0.478368396739155255E+01    0.734899528917161859E+01   -0.223580156012653651E+04   -0.930146350544156952E+01    1
    0.159827476739883428E+00    0.736238527297973633E+01    0.127664008444035471E+00    0.583677156567573530E+01    0.169605642557144165E+01    0.733826726847653354E+01   -0.223378619740202657E+04   -0.930396350544154238E+01    1
    0.317307704833903359E+00    0.881249086181575159E+01    0.529418122944989595E-02    0.524567892233959610E+00    0.370258017602438860E+01    0.736607672898628785E+01   -0.223242660304680294E+04   -0.930646350544154366E+01    1
    0.351150953707495050E+00    0.872880054235449165E+01    0.248806138168460138E-01    0.939918149228700273E+01    0.356992217496924669E+01    0.743183998378624011E+01   -0.223196491652046689E+04   -0.930896350544155737E+01    1
    0.146845608900275981E+00    0.836365761176463351E+01    0.778268154383421062E-01    0.277387524954898268E+01    0.350989434240842346E+01    0.736441215267916149E+01   -0.223080725861420478E+04   -0.931146350544155688E+01    1
    0.609173902665809286E+00    0.694227009818501184E+01    0.243485654318903622E+00    0.295512719620332431E+01    0.397176053182400346E+00    0.677686221887681572E+01   -0.222916675833970157E+04   -0.931396350544155460E+01    1
    0.673800253868103050E+00    0.803766691684722900E+01    0.347084658559896675E+00    0.567809415638446779E+01    0.220810383558273315E+01    0.701456105784247530E+01   -0.222771215388379733E+04   -0.931646350544155588E+01    1
    0.689224025076983104E+00    0.964290105955010723E+01    0.482995221295088584E+01    0.283210884131656404E+00    0.411615455505657835E+01    0.708378566546367328E+01   -0.222684080204918155E+04   -0.931896350544156427E+01    1
    0.588471639617855202E+00    0.798095473078261453E+01    0.300777012481345407E+01    0.742981526070266174E+01    0.171105229402637038E+01    0.727014906650991488E+01   -0.222132983475193714E+04   -0.932146350544156732E+01    1
    0.418682003021240257E+00    0.789426493644714355E+01    0.349868533851994634E+01    0.736701895654201522E+01    0.164395391941070557E+01    0.729637807410421146E+01   -0.221816442966049590E+04   -0.932396350544155084E+01    1
    0.180651028595677388E+00    0.737060017604806728E+01    0.108066448187334893E+00    0.225897822451880481E+01    0.164800765830588980E+01    0.709293340455656640E+01   -0.221744886328990560E+04   -0.932646350544156100E+01    1
    0.168478156636653831E+00    0.877065221806578066E+01    0.123966828542351387E+00    0.267152857163110191E+01    0.483514315961712526E+01    0.638244468277270460E+01   -0.221642571774367389E+04   -0.932896350544156405E+01    1
    0.198494116063814952E+00    0.862394394729068026E+01    0.180278084474331107E+00    0.220719255040151463E+01    0.406745467905358815E+01    0.715898952671839517E+01   -0.221441730755929393E+04   -0.933146350544158310E+01    1
    0.721047663688659690E+00    0.934785878658294678E+01    0.495371225662070369E+01    0.305009762823581676E+01    0.375317603349685669E+01    0.708545039207324034E+01   -0.221046981418248606E+04   -0.933396350544159858E+01    1
    0.108573326454591890E+00    0.741940014747497667E+01    0.687127391954350686E+00    0.936994248769887328E+01    0.203840034651220181E+01    0.712187889687506903E+01   -0.220869283341425535E+04   -0.933646350544157499E+01    1
    0.671487798727776641E+00    0.732529211751456621E+01    0.449644399273344403E-01    0.659752675580201497E+01    0.799414868717767346E+00    0.695018862438654050E+01   -0.220675739634674346E+04   -0.933896350544154963E+01    1
    0.160429614782333391E+00    0.896740949153900146E+01    0.539922516439499955E-01    0.860134476602077491E+01    0.457929134368896484E+01    0.730386566934988668E+01   -0.220395984159234013E+04   -0.934146350544154380E+01    1
    0.263790056207982959E+00    0.675408462754923367E+01    0.286180883042253864E+00    0.363206661423915245E+01    0.453846729098377311E+00    0.714067794163491065E+01   -0.219874017425436386E+04   -0.934396350544157350E+01    1
    0.348383987588652633E+00    0.908388474033890070E+01    0.349408163277425965E+00    0.536277326777881935E+01    0.439533255964010738E+01    0.751129847331871137E+01   -0.219806422290910632E+04   -0.934646350544160143E+01    1
    0.582700985570085317E+00    0.915603374807964698E+01    0.493407111198845005E-01    0.773689587517428112E+00    0.428019444252617820E+01    0.685253775625236106E+01   -0.219726745498047148E+04   -0.934896350544159382E+01    1
    0.494701537802789471E+00    0.921431639166728900E+01    0.162571694187746707E+01    0.263238436019515509E+01    0.424680910015778768E+01    0.733890360066363545E+01   -0.219386811192588721E+04   -0.935146350544157734E+01    1
    0.431605585217727739E+00    0.882041162282326141E+01    0.721945081580362656E-02    0.705749106423421946E+01    0.354521399105497848E+01    0.734925440879284242E+01   -0.219327845365187113E+04   -0.935396350544158750E+01    1
    0.214702039481274420E+00    0.842331667477532697E+01    0.468252393324820770E+00    0.340832784910781816E+01    0.356381663158861661E+01    0.706678884128806306E+01   -0.218753626631008638E+04   -0.935646350544160832E+01    1
    0.557323578841558587E+00    0.874467594160173789E+01    0.210100976559971994E-01    0.362373326777678884E+01    0.318209905626540168E+01    0.746929590312618696E+01   -0.218748982341390729E+04   -0.935896350544159361E+01    1
    0.475173288037806785E+00    0.689073375090726881E+01    0.451029061331980827E-01    0.522761943222204728E+01    0.301942281565378778E+00    0.669807502763482798E+01   -0.218585428333307573E+04   -0.936146350544157002E+01    1
    0.210431644988271105E+00    0.729418203694851819E+01    0.227567827169837845E-01    0.565139335793224973E+01    0.118990182225392505E+01    0.742317136724317361E+01   -0.218414869379568563E+04   -0.936396350544158551E+01    1
    0.338037246465683006E+00    0.707051861286163330E+01    0.115963979847223550E+00    0.490202280759811426E+01    0.671549439430236816E+00    0.739539657680614670E+01   -0.218002562075876722E+04   -0.936646350544160100E+01    1
    0.676097643407256532E+00    0.934809167447978062E+01    0.257876209561798853E+00    0.505449171507207584E+01    0.450953158021769518E+01    0.742327060484800327E+01   -0.217925887998700864E+04   -0.936896350544160228E+01    1
    0.500127958022405505E+00    0.100177404211433547E+02    0.101685683770157986E+01    0.814681385793450019E+01    0.388397226195210088E+01    0.711093533542328071E+01   -0.217571843156717932E+04   -0.937146350544158402E+01    1
    0.251435793914690842E+00    0.890805076009282359E+01    0.102779434337921693E+00    0.957242132683888158E+01    0.422922682677149986E+01    0.723801943781438606E+01   -0.217383577818712956E+04   -0.937396350544156576E+01    1
    0.382193105839791492E+00    0.860278013943612763E+01    0.383170606102625610E+01    0.150079737573020533E+01    0.316762656053979574E+00    0.742543415712804844E+01   -0.216543548057912631E+04   -0.937646350544158835E+01    1
    0.383688059614099020E+00    0.942527088877372599E+01    0.174805439172438604E+01    0.462524682574727741E+01    0.245036347581952096E+01    0.735356050224256830E+01   -0.216457486583464015E+04   -0.937896350544160207E+01    1
    0.650893287701869050E+00    0.962301261094851768E+01    0.917568002540593980E-02    0.255062368125322436E+01    0.497041459360704252E+01    0.713191034837257831E+01   -0.216340440024320242E+04   -0.938146350544158913E+01    1
    0.427234494686126731E+00    0.940225672721862793E+01    0.507577863536043505E+00    0.544729346632957467E+00    0.477735191583633423E+01    0.727185523289250124E+01   -0.216000767583426705E+04   -0.938396350544157087E+01    1
    0.183847270147197067E+00    0.957597481409935192E+01    0.299038901237478894E-01    0.749681282434620755E+01    0.325039033388326981E+01    0.752050444420279085E+01   -0.215330657450862827E+04   -0.938646350544157038E+01    1
    0.233655301873700538E+00    0.676455659948827126E+01    0.737104719147596121E+00    0.129544787653763249E+01    0.419177919237012642E+00    0.692967752784952040E+01   -0.215004035522210461E+04   -0.938896350544158054E+01    1
    0.231309732419333391E+00    0.910420103425424898E+01    0.101245294674871578E+01    0.700673228938175541E+01    0.453033582163459325E+01    0.728587058809048926E+01   -0.214558201175129943E+04   -0.939146350544156228E+01    1
    0.615050720668876894E+00    0.793677036729838026E+01    0.643044081626054781E-01    0.972696188994082256E+01    0.168076566900097957E+01    0.730451506227494374E+01   -0.214272353351706715E+04   -0.939396350544154224E+01    1
    0.501304219589177480E+00    0.894697640897961932E+01    0.323490278083189836E-01    0.336817227804262842E+01    0.355217920785636698E+01    0.745109071590583305E+01   -0.213891943557095192E+04   -0.939646350544157016E+01    1
    0.692049602460363178E+00    0.813380332392540417E+01    0.822859877252095188E-02    0.497112214531156907E-01    0.573782715783509922E+00    0.738864762832703104E+01   -0.213238799752921659E+04   -0.939896350544156256E+01    1
    0.467228284585490039E+00    0.867325659334532340E+01    0.558256884384167873E+00    0.801865321353256166E+00    0.327983641126699510E+01    0.711925382077449509E+01   -0.213184811551064649E+04   -0.940146350544155851E+01    1
    0.134364287306827840E+00    0.686450289440260164E+01    0.110316236856551536E+00    0.415298736570962124E+01    0.703954633270476693E+00    0.759277897943167090E+01   -0.212964764942070997E+04   -0.940396350544156334E+01    1
    0.245862453312737372E+00    0.882256835738346723E+01    0.716296126278213041E-01    0.250894591589556848E+01    0.375466524361877374E+01    0.751588236479697169E+01   -0.212959998586963866E+04   -0.940646350544154153E+01    1
    0.137619187890387629E+00    0.783219004901024896E+01    0.220297722997476825E+00    0.450330370127738622E+01    0.249341029492517308E+01    0.733595855484223325E+01   -0.212721616083626122E+04   -0.940896350544153570E+01    1
    0.218602307299678805E+00    0.932836375869336010E+01    0.146833854752624005E+01    0.998149114406109561E+01    0.499735386994399278E+01    0.718123677453034315E+01   -0.212566693704543377E+04   -0.941146350544155297E+01    1
    0.401870698975269391E+00    0.835878487616993127E+01    0.633267950888218856E+00    0.481105126844223285E+01    0.283317968808622433E+01    0.708578661865412318E+01   -0.212270470979698121E+04   -0.941396350544157201E+01    1
    0.445163799851025943E+00    0.839777157576036615E+01    0.138100325152225500E+01    0.839734083339600090E+01    0.267792489115031662E+01    0.717441481034833473E+01   -0.212107791903156340E+04   -0.941646350544155553E+01    1
    0.636773680962861466E+00    0.942929894555382830E+01    0.846879262122811338E-02    0.283034184569981262E+01    0.445652957122017312E+01    0.716604137766540106E+01   -0.212062866148744752E+04   -0.941896350544157102E+01    1
    0.677975679976193346E+00    0.104434396803833049E+02    0.817838123384751592E+00    0.322719114640575677E+01    0.474684410614135111E+01    0.712637193586553508E+01   -0.211828744539367608E+04   -0.942146350544156874E+01    1
    0.526619412426723499E+00    0.842762831131804724E+01    0.143242114879155324E+01    0.297175050018308395E+01    0.259671131889223084E+01    0.717253194108117231E+01   -0.211826267229628002E+04   -0.942396350544153627E+01    1
    0.259470276754208196E+00    0.676440503901952184E+01    0.376888228272787729E+00    0.560342732813075184E+01    0.292067634442054969E+00    0.740493406825718736E+01   -0.211801809091451878E+04   -0.942646350544157485E+01    1
    0.621706432104110696E+00    0.899448871612548828E+01    0.174599622699367664E-01    0.612999039769172693E+01    0.377762794494628906E+01    0.681394947502681436E+01   -0.211588788430271961E+04   -0.942896350544158146E+01    1
    0.452779326740510357E+00    0.870429026597683020E+01    0.290794989030617734E-01    0.721530534582258198E+01    0.317181985884042561E+01    0.729336251955921977E+01   -0.211292078328448133E+04   -0.943146350544154544E+01    1
    0.564205463148843567E+00    0.851808007345687379E+01    0.960756613548622740E+00    0.878825373054600512E+01    0.264522816571610253E+01    0.748310091282315248E+01   -0.211102876150425254E+04   -0.943396350544157514E+01    1
    0.557100188594376489E+00    0.833237658725766117E+01    0.903943238636009498E-02    0.396874087823041011E+01    0.242445237318852858E+01    0.695218266734375057E+01   -0.210496815424615488E+04   -0.943646350544158707E+01    1
    0.403972015041643040E+00    0.887325721093857922E+01    0.141648424063828660E+00    0.801047198067375810E+01    0.395844739631519538E+01    0.686734660657938978E+01   -0.210222536025690079E+04   -0.943896350544155460E+01    1
    0.510661697387695290E+00    0.924771881103515625E+01    0.396014919270011034E-01    0.667118335843086196E+01    0.413656085729598999E+01    0.733979026752986830E+01   -0.209812124694231670E+04   -0.944146350544158075E+01    1
    0.659533695646155493E+00    0.702855565054950571E+01    0.449835411227625270E+00    0.361164412133344248E+01    0.231395697092064284E+00    0.684769915518114658E+01   -0.209362308297945310E+04   -0.944396350544158736E+01    1
    0.722429315647125425E+00    0.851173484892817811E+01    0.248061037726054007E+00    0.322826982776038074E+01    0.272680501526786800E+01    0.713399176175275151E+01   -0.209080343602501125E+04   -0.944646350544156377E+01    1
    0.649410998821258523E+00    0.863424849510192871E+01    0.209915686466298457E+01    0.106404962778091439E+01    0.264699131250381470E+01    0.717367353553684772E+01   -0.208876181950506361E+04   -0.944896350544155794E+01    1
    0.434563752323295471E+00    0.937005787405624169E+01    0.544558265081971693E+00    0.763914946941802597E+01    0.477744179170056871E+01    0.708516519798009181E+01   -0.207807635533701523E+04   -0.945146350544157876E+01    1
    0.584298195413308963E+00    0.835642544208902827E+01    0.101069098826776660E+01    0.713059717932016301E+01    0.243108534370878449E+01    0.705159172385970923E+01   -0.207746178464382547E+04   -0.945396350544158537E+01    1
    0.538063218706036017E+00    0.697185032521468617E+01    0.269908124388230260E-01    0.956270918378498891E+01    0.138095949125470796E+00    0.712297692526563164E+01   -0.207307767089777326E+04   -0.945646350544156711E+01    1
    0.678195941874132346E+00    0.717464957743024367E+01    0.174255690883405069E-01    0.582884752132362016E+00    0.105063595717029071E+00    0.727683626203409073E+01   -0.206863005946726253E+04   -0.945896350544157727E+01    1
    0.636430118522134602E+00    0.981878836211118511E+01    0.213279234369102388E+01    0.478793983127733647E+01    0.493710834666035758E+01    0.737965956798827794E+01   -0.206353546646626910E+04   -0.946146350544157144E+01    1
    0.284413972549534488E+00    0.816124626686544374E+01    0.113889138699492989E-01    0.303136873677011809E+00    0.212713678444315502E+01    0.738059129035993067E+01   -0.206232720727464675E+04   -0.946396350544157272E+01    1
    0.723687665659836665E+00    0.843214363832514735E+01    0.291013925062036549E+00    0.862038611282107681E+00    0.235688272434707757E+01    0.719092539460235081E+01   -0.206087548959868627E+04   -0.946646350544157578E+01    1
    0.236713375285629163E+00    0.927008410309742636E+01    0.200749522103436995E+00    0.270215966764656912E+01    0.499228966106356964E+01    0.711964453877270920E+01   -0.205952748074241890E+04   -0.946896350544156284E+01    1
    0.322086128668722438E+00    0.674810367179746073E+01    0.295335999375356262E+00    0.257994112382771945E+01    0.169371374053232993E+00    0.665366503666219344E+01   -0.205900068636798414E+04   -0.947146350544156057E+01    1
    0.490711446223088599E+00    0.899717721698489825E+01    0.352083212362315745E+01    0.108116404281480616E+01    0.323847339933901601E+01    0.720082791094215491E+01   -0.205820422040073299E+04   -0.947396350544156363E+01    1
    0.613675421340727834E+00    0.833626161838589930E+01    0.963327043931860513E-02    0.447634147767636481E+01    0.212836934712992187E+01    0.741791696763832675E+01   -0.205700232852067893E+04   -0.947646350544157734E+01    1
    0.583866661607274628E+00    0.916788763342614743E+01    0.418761605253181526E-01    0.172055820047741004E+01    0.374111621766773217E+01    0.739419206317737565E+01   -0.205535461345095518E+04   -0.947896350544157862E+01    1
    0.451466912451033764E+00    0.756908083100244777E+01    0.207757616020974201E+00    0.721284264231909411E+01    0.118451510866283893E+01    0.736009028521714281E+01   -0.205456373562597537E+04   -0.948146350544156213E+01    1
    0.656429067276638634E+00    0.809929730207091580E+01    0.739104266900889872E-01    0.183955407753964684E+01    0.160414711306467894E+01    0.765139987821957668E+01   -0.205043938813552904E+04   -0.948396350544155275E+01    1
    0.482928510938465338E+00    0.901824942062834722E+01    0.368379059342230780E-01    0.895266569775396093E+01    0.374153022177897832E+01    0.712435582416379898E+01   -0.204972445850124950E+04   -0.948646350544155759E+01    1
    0.627021467700012214E+00    0.948285584797339176E+01    0.912055831785859472E+00    0.986044380920965757E+01    0.249795102342484521E+01    0.711379914654519041E+01   -0.204965947597160311E+04   -0.948896350544156952E+01    1
