    0.100000000000000000E+01    0.199800000000000004+101    0.229179416620438919E+00    0.173546605087166654E+03    0.139750074148178101E+02    0.195265173912048340E+01    0.120679385364055634E+02    0.321796581149101257E+01    0.102852917909622192E+02    0.307209098366308886E+00    0.453039328038692446E+01    0.232045173645019531E+01    0.764302957811373584E+01
    0.100000000000000000E+01    0.199800000000000004+101    0.505675908546277029E+02    0.231325674869740894E+02    0.131267461776733398E+02    0.118189617991447449E+01    0.911331278085708574E+00    0.514693456888198853E+01    0.204579162597656250E+01    0.303451525573186220E+00    0.559162820816040007E+01    0.575453937053680420E+00    0.761723261869866519E+01
    0.100000000000000000E+01    0.199800000000000004+101    0.136574830989144691E+01    0.241900503675095635E+02    0.430337333679199219E+01    0.563837289810180664E+00    0.127386483788490299E+02    0.608247137069702126E+00    0.414153301715850830E+01    0.213521607280074306E-01    0.707147375345230089E+00    0.215030252933502197E+01    0.812069214478172441E+01
    0.100000000000000000E+01    0.199800000000000004+101    0.915468358301379759E+01    0.126581038038166128E+03    0.349458312988281250E+01    0.181354969739913940E+01    0.125729982495307926E+02    0.771376822590827960E+01    0.109909522533416748E+01    0.351052004632189454E-01    0.287938735723495487E+01    0.267618447542190552E+01    0.794265235872988384E+01
    0.100000000000000000E+01    0.199800000000000004+101    0.667157184969964123E+00    0.201355493312313797E+03    0.143181394338607788E+02    0.202702194452285767E+01    0.369028705358505293E+00    0.343445397615432757E+01    0.182607948780059814E+01    0.134855150558406356E+00    0.348093576610088329E+01    0.521461367607116699E+00    0.782744346400300728E+01
    0.100000000000000000E+01    0.199800000000000004+101    0.166571459917651850E+03    0.147176231811484898E+00    0.111248186826705933E+02    0.163316354155540466E+01    0.112384321033954624E+02    0.941977262496948242E+00    0.578980672359466553E+01    0.207244894167289778E+00    0.837986579835414958E+01    0.135594457387924194E+01    0.810793631253503300E+01
    0.100000000000000000E+01    0.199800000000000004+101    0.124313025100743900E+03    0.155055489502505556E+00    0.786354827880859375E+01    0.713933855295181274E+00    0.119826498568058017E+02    0.124427542686462411E+01    0.330849575996398926E+01    0.528028286330130991E+00    0.618991057157516433E+01    0.159660369157791138E+01    0.832186669062472717E+01
    0.100000000000000000E+01    0.199800000000000004+101    0.110772765364200190E+02    0.145490662395317098E-01    0.181874871253967285E+01    0.190673172473907471E+00    0.140532906830310829E+02    0.725827467441558793E+00    0.124085414409637451E+01    0.573119066267717588E-02    0.958251721918582966E+01    0.483392328023910522E+01    0.809135529951715782E+01
    0.100000000000000000E+01    0.199800000000000004+101    0.293413521025359704E-01    0.236232049897533841E+03    0.779909753799438477E+01    0.223271667957305908E+01    0.796643707156181335E+01    0.143889817535877231E+02    0.135996425151824951E+02    0.315801197748815654E-01    0.159223973810672770E+01    0.444508105516433716E+01    0.801583364382113572E+01
    0.100000000000000000E+01    0.199800000000000004+101    0.348815953906066454E+03    0.998079870102062472E+02    0.136493241786956787E+01    0.232554227113723755E+00    0.742053232789039630E+01    0.905728118419647288E+01    0.125588852167129517E+02    0.112294708789867914E+01    0.908646654427051459E+01    0.164094269275665283E+01    0.772397958402224383E+01
    0.100000000000000000E+01    0.199800000000000004+101    0.241297952637988394E-01    0.378556148879296899E+02    0.111869212388992310E+02    0.112587943673133850E+01    0.117573250055313103E+02    0.982579938173294032E+01    0.237365043163299561E+01    0.105552228293425542E-01    0.574159000992774970E+01    0.192794561386108398E+01    0.794674709576483895E+01
    0.100000000000000000E+01    0.199800000000000004+101    0.796390419942315020E+03    0.167622737376273676E+02    0.257939529418945312E+01    0.868723690509796143E+00    0.545126206278800929E+01    0.561444502472877449E+01    0.114296512603759766E+02    0.191823630397525841E-01    0.156043738126754761E+00    0.323588460683822632E+01    0.812774800600686120E+01
    0.100000000000000000E+01    0.199800000000000004+101    0.426560135896361242E-01    0.155151281575176131E+00    0.911782348155975342E+01    0.160749971866607666E+01    0.303575955033302325E+01    0.122952118992805488E+02    0.177449619770050049E+01    0.126817799791614139E+01    0.791675186157226596E-01    0.499543190002441406E+01    0.773511456599766412E+01
    0.100000000000000000E+01    0.199800000000000004+101    0.560277127700302060E+02    0.135381385605950055E+01    0.208892512321472168E+01    0.425808131694793701E-01    0.146493016600608819E+02    0.147063067257404327E+02    0.130626492500305176E+02    0.781506685411884408E-02    0.196858225524425512E+01    0.219862550497055054E+01    0.783539654775372885E+01
    0.100000000000000000E+01    0.199800000000000004+101    0.152118806048434934E+02    0.617253592671063278E+00    0.716922080516815186E+01    0.242794826626777649E+01    0.105505186975002285E+02    0.522113786935806257E+01    0.111319233179092407E+02    0.154839721735159242E-01    0.196547817230224608E+01    0.856426656246185303E+00    0.874548924586025045E+01
    0.100000000000000000E+01    0.199800000000000004+101    0.240665224602472305E+00    0.119785959697543287E+01    0.158996510505676270E+01    0.178630545735359192E+01    0.106018132209777836E+02    0.834314447641372636E+00    0.397797954082489014E+01    0.371273716619235306E+00    0.456545161366462704E+01    0.313961982727050781E+01    0.791188554096248975E+01
    0.100000000000000000E+01    0.199800000000000004+101    0.157383002585980009E+00    0.152723217524051002E-01    0.108243395090103149E+02    0.810648500919342041E+00    0.119643254995346062E+02    0.384325686097145081E+01    0.117041376829147339E+02    0.599829659393700480E-02    0.279756895303726216E+00    0.345229744911193848E+01    0.769660419726685241E+01
    0.100000000000000000E+01    0.199800000000000004+101    0.981388082422220975E+02    0.503398026976128790E+03    0.142847599983215332E+02    0.764168649911880493E+00    0.145930061936378479E+02    0.238618049025535583E+01    0.269718503952026367E+01    0.201125611456960751E+01    0.928598172843456204E+01    0.396243661642074585E+01    0.787798365782482790E+01
    0.100000000000000000E+01    0.199800000000000004+101    0.386828384825059501E+02    0.320972936317664020E-01    0.561099255084991455E+01    0.557642877101898193E+00    0.137106643676757809E+02    0.147526491522789005E+02    0.661345624923706055E+01    0.198092027689391914E+01    0.297066454470157604E+01    0.261202484369277954E+01    0.829807739944841316E+01
    0.100000000000000000E+01    0.199800000000000004+101    0.235858265359739550E+01    0.190740882466330618E+03    0.147113643884658813E+02    0.170865789055824280E+01    0.178476803302764897E+01    0.195342885255813603E+01    0.845969092845916748E+01    0.207218955521928788E+00    0.257813952565193183E+00    0.191074371337890625E+01    0.765045484110725305E+01
    0.100000000000000000E+01    0.199800000000000004+101    0.394889730491998103E+00    0.219254774085576656E+03    0.558569157123565674E+01    0.109494671225547791E+01    0.907087547183036769E+01    0.497564672231674177E+01    0.989895868301391602E+01    0.428004066975686204E+01    0.422088232994079604E+01    0.222228288650512695E+01    0.799535019580153783E+01
    0.100000000000000000E+01    0.199800000000000004+101    0.268395549731231711E+03    0.127869895445404565E-01    0.122497668266296387E+02    0.246881857514381409E+01    0.148539895176887509E+02    0.192650848627090476E+01    0.613486051559448242E+01    0.561657611750529528E-01    0.522071738958358722E+01    0.178394138813018799E+01    0.771677444389740419E+01
    0.100000000000000000E+01    0.199800000000000004+101    0.168323907326080757E+02    0.197596491123266844E+02    0.143213554620742798E+02    0.176876172423362732E+01    0.927032170891761709E+01    0.402478194236755371E+01    0.719636178016662598E+01    0.128091346192733564E-01    0.922252160191535886E+01    0.201182663440704346E+01    0.829547090778923746E+01
    0.100000000000000000E+01    0.199800000000000004+101    0.811963451313530010E-01    0.125554697171130556E+02    0.585573029518127441E+01    0.837413668632507324E+00    0.205986064672470104E+00    0.275402999520301828E+01    0.601265144348144531E+01    0.110376476493782585E+00    0.288179952681064577E+01    0.499234199523925781E+01    0.802887547377503275E+01
    0.100000000000000000E+01    0.199800000000000004+101    0.150476884172956821E+00    0.138852018334642807E+00    0.134997587203979492E+02    0.127390965819358826E+01    0.198564767837524436E+01    0.129328494429588314E+02    0.136802635192871094E+02    0.224111257726372304E+00    0.570058550894260385E+01    0.339052081108093262E+00    0.803115875371383403E+01
    0.100000000000000000E+01    0.199800000000000004+101    0.590084567367199428E-01    0.124466210558657947E+00    0.129682904481887817E+02    0.252342224121093750E-01    0.116877104640007023E+01    0.221258267164230382E+01    0.687269115447998047E+01    0.172074519641637891E+01    0.937880172789096811E+01    0.299887478351593018E+01    0.814497832178570214E+01
    0.100000000000000000E+01    0.199800000000000004+101    0.260742689892799319E+03    0.195822292319506375E+00    0.101637244224548340E+02    0.758518427610397339E+00    0.923751485347747758E+00    0.140296633243560809E+01    0.693764507770538330E+01    0.459343728162331544E+00    0.791596646785736091E+01    0.470686107873916626E+01    0.781847389059002129E+01
    0.100000000000000000E+01    0.199800000000000004+101    0.139100549460721201E+00    0.847062496565781409E+01    0.195055747032165527E+01    0.244334533810615540E+01    0.358873719573020944E+01    0.636798081994056719E+01    0.467964613437652588E+01    0.398105375163287298E-01    0.993719194531440753E+00    0.323810786008834839E+01    0.732882768233024695E+01
    0.100000000000000000E+01    0.199800000000000004+101    0.781342197267364782E+03    0.234568835500571712E-01    0.553639304637908936E+01    0.159091264009475708E+01    0.664715084433555603E+01    0.124953570783138268E+02    0.794533336162567139E+01    0.223702548166608350E+01    0.946498305082321245E+01    0.489493489265441895E+01    0.827562294149727329E+01
    0.100000000000000000E+01    0.199800000000000004+101    0.120558721219124454E+02    0.109360728331844612E+03    0.144687354564666748E+01    0.141112402081489563E+01    0.870057833790779078E+01    0.521284736990928632E+01    0.136941365003585815E+02    0.146510135763017659E-01    0.523467534244060495E+01    0.111207216978073120E+01    0.801362448845090469E+01
    0.100000000000000000E+01    0.199800000000000004+101    0.671325133840744428E+02    0.175136189916042725E-01    0.135374641418457031E+01    0.176110878586769104E+01    0.230613254308700588E+01    0.607729734778404218E+01    0.361321318149566650E+01    0.104881039274383858E+00    0.870649713873863185E+01    0.147101998329162598E+01    0.794205554701168204E+01
    0.100000000000000000E+01    0.199800000000000004+101    0.813014989461162546E-01    0.311696150796926363E+00    0.678141903877258301E+01    0.512012839317321777E+00    0.654075348377227805E+00    0.119381760120391842E+02    0.621556746959686279E+01    0.290703125477255808E+01    0.794063240528106729E+01    0.259040772914886475E+01    0.801648342486528165E+01
    0.100000000000000000E+01    0.199800000000000004+101    0.618198207313037074E+03    0.113571234695176757E+00    0.261402058601379395E+01    0.525000095367431641E+00    0.125174576759338372E+02    0.924290666580200160E+01    0.584077501296997070E+01    0.309925020627323626E-01    0.900577944219112325E+01    0.173402786254882812E+01    0.799795620579920463E+01
    0.100000000000000000E+01    0.199800000000000004+101    0.738291248184076654E+00    0.655495816606060794E-01    0.463922047615051270E+01    0.192928299307823181E+01    0.124490492880344394E+02    0.101827553391456611E+02    0.613185644149780273E+01    0.794598680983376812E-02    0.575555808544158953E+01    0.106134861707687378E+01    0.807583116462986084E+01
    0.100000000000000000E+01    0.199800000000000004+101    0.487614905747522528E+03    0.145106749111935329E+01    0.127039202451705933E+02    0.142608851194381714E+01    0.713252028822898865E+01    0.899524853229522670E+01    0.894406700134277344E+01    0.128523536351796922E-01    0.839938823521137223E+01    0.368008285760879517E+01    0.803722030877360005E+01
    0.100000000000000000E+01    0.199800000000000004+101    0.791117811173535415E+03    0.144392028026804638E+03    0.290100646018981934E+01    0.132367163896560669E+01    0.105148833155632015E+02    0.911835911870002747E+01    0.752874755859375000E+01    0.145098180681272719E-01    0.267329423248767828E+01    0.135640352964401245E+01    0.837753842053415809E+01
    0.100000000000000000E+01    0.199800000000000004+101    0.956514093373100309E+03    0.725637237965572801E+01    0.363972997665405273E+01    0.798856914043426514E+00    0.845675150752067495E+01    0.317983217835426357E+01    0.117967265844345093E+02    0.845694090215721832E-02    0.380870560765266397E+01    0.871419310569763184E+00    0.788244122196273533E+01
    0.100000000000000000E+01    0.199800000000000004+101    0.342232921726954800E+02    0.800867332014190993E+03    0.127086149454116821E+02    0.237654671072959900E+01    0.262552059292793283E+01    0.133339968264102939E+02    0.711606454849243164E+01    0.586366498287113555E-01    0.995418723702430697E+01    0.153386652469635010E+01    0.772002596101319938E+01
    0.100000000000000000E+01    0.199800000000000004+101    0.904563413942780725E+00    0.435463579374800869E+01    0.107008311748504639E+02    0.130347803235054016E+01    0.563814244270324672E+01    0.264127920269966143E+01    0.286293232440948486E+01    0.317297518793175526E+00    0.244772273421287512E+01    0.469610422849655151E+01    0.746089320567049885E+01
    0.100000000000000000E+01    0.199800000000000004+101    0.858130264344449389E+00    0.537736014742888869E+03    0.421381354331970215E+01    0.201974675059318542E+01    0.121439073979854584E+02    0.131020742118358609E+02    0.372027671337127686E+01    0.101619837554574799E+01    0.365152819156646768E+00    0.235707730054855347E+01    0.831976985964363536E+01
    0.100000000000000000E+01    0.199800000000000004+101    0.257751628242956325E-01    0.191584475926035135E-01    0.785256755352020264E+01    0.147183790802955627E+01    0.612140529155731183E+01    0.103901972234249111E+02    0.758756232261657715E+01    0.782257528016848447E+00    0.557324844062328317E+01    0.668483376502990723E+00    0.747662446901788247E+01
    0.100000000000000000E+01    0.199800000000000004+101    0.392239833012513403E-01    0.463199060319453260E+01    0.726706099510192871E+01    0.213909223675727844E+01    0.298651300668716457E+01    0.115643051266670227E+02    0.135933005809783936E+02    0.503406437928572495E-01    0.298001013875007636E+01    0.467616975307464600E+01    0.768637637130727391E+01
    0.100000000000000000E+01    0.199800000000000004+101    0.270736787426293091E+00    0.298909886978091031E+02    0.139497097730636597E+02    0.162692829966545105E+01    0.119671576797962196E+02    0.133442855715751652E+02    0.844099891185760498E+01    0.705494867495909742E-02    0.647121980011463194E+01    0.492787003517150879E+01    0.800525128417868714E+01
    0.100000000000000000E+01    0.199800000000000004+101    0.847174922509018602E-01    0.102372716690214682E+01    0.557546687126159668E+01    0.202200308442115784E+01    0.635927379727363551E+01    0.246999135613441467E+01    0.853868806362152100E+01    0.388201857279794671E+00    0.849162296056747423E+00    0.191945225000381470E+01    0.821757196387101807E+01
    0.100000000000000000E+01    0.199800000000000004+101    0.217473466765134660E+01    0.327165295867235614E+03    0.959894013404846191E+01    0.142181694507598877E+01    0.826447764039039612E+01    0.183413980007171640E+01    0.876830112934112549E+01    0.276678529541956153E+00    0.737732560753822320E+01    0.308704018592834473E+01    0.798749269430625652E+01
    0.100000000000000000E+01    0.199800000000000004+101    0.716248518110938592E+00    0.560001603417773008E+01    0.124238371849060059E+01    0.983995795249938965E+00    0.410279789566993713E+01    0.140663467764854424E+02    0.177167987823486328E+01    0.114842938161451436E+01    0.791368887007236488E+01    0.148179441690444946E+01    0.800227762440910695E+01
    0.100000000000000000E+01    0.199800000000000004+101    0.491303102200162517E-01    0.289566967002072717E+01    0.439752519130706787E+01    0.233905196189880371E+01    0.500573586225509626E+01    0.144940042197704315E+02    0.105461847782135010E+02    0.592520436509850479E-01    0.185594090282917024E+01    0.300515353679656982E+01    0.818448814119595269E+01
    0.100000000000000000E+01    0.199800000000000004+101    0.454647481242665918E+02    0.801406315895721022E+01    0.346461081504821777E+01    0.119157001376152039E+01    0.137505999743938450E+02    0.414851598143577593E+01    0.140569093227386475E+02    0.746143856052416087E-02    0.434586022377014114E+01    0.190750390291213989E+01    0.802164387687301073E+01
    0.100000000000000000E+01    0.199800000000000004+101    0.824231903702120405E+00    0.156961181014217410E+00    0.419387400150299072E+01    0.930970162153244019E+00    0.420135492682456935E+01    0.960363353490829397E+01    0.439492416381835938E+01    0.807183052956784719E-01    0.283652207374572729E+01    0.208322197198867798E+01    0.808950353167634084E+01
    0.100000000000000000E+01    0.199800000000000004+101    0.296580611292924175E+03    0.301466408727071554E-01    0.963991069793701172E+01    0.166731312870979309E+01    0.769092960953712446E+01    0.888823581337928736E+01    0.317895925045013428E+01    0.172548465957719110E+00    0.274413918852806082E+00    0.835037231445312500E+00    0.828040275756503164E+01
    0.100000000000000000E+01    0.199800000000000004+101    0.245206562580819826E+00    0.291385504170856124E+00    0.788719618320465088E+01    0.558205097913742065E+00    0.561450275182723946E+01    0.135928993105888374E+02    0.102939743995666504E+02    0.395455988190957619E+00    0.882588196694850957E+01    0.286450654268264771E+01    0.785779433135574390E+01
    0.100000000000000000E+01    0.199800000000000004+101    0.407982783944424582E-01    0.174190583112090747E+01    0.185603010654449463E+01    0.116387143731117249E+01    0.995684255957603526E+01    0.417572054266929626E+01    0.111084531545639038E+02    0.588387338273925267E-01    0.456212780952453567E+01    0.227703839540481567E+01    0.832748769408369149E+01
    0.100000000000000000E+01    0.199800000000000004+101    0.143407401655582800E-01    0.692710346414777263E+02    0.540074825286865234E+01    0.114939451217651367E+01    0.684785286784172076E+01    0.138125340461730950E+02    0.470556628704071045E+01    0.490194056045560933E+00    0.312195246815681449E+00    0.274804234504699707E-01    0.778529755493738307E+01
    0.100000000000000000E+01    0.199800000000000004+101    0.587436695219394778E+03    0.559467008874008909E+00    0.920349466800689697E+01    0.219822809100151062E+01    0.944526945352554392E+01    0.865397835969924856E+01    0.699903583526611328E+01    0.122019210192639704E+01    0.865068140447139733E+01    0.260849267244338989E+01    0.796524665715964630E+01
    0.100000000000000000E+01    0.199800000000000004+101    0.453096796265137325E+01    0.154311947845492802E-01    0.115842651128768921E+02    0.119135752320289612E+01    0.128331387579441074E+02    0.651781283617019636E+01    0.719612479209899902E+01    0.101486914020955177E+01    0.334551188588142390E+01    0.212507069110870361E+01    0.819801833911352595E+01
    0.100000000000000000E+01    0.199800000000000004+101    0.213757618947316217E+03    0.246495495130058945E+00    0.914785254001617432E+01    0.132400110363960266E+01    0.106573244869709018E+02    0.566352371573448199E+01    0.536958265304565430E+01    0.113609659242275107E+01    0.449184566140174879E+00    0.243377804756164551E+01    0.806495443448153537E+01
    0.100000000000000000E+01    0.199800000000000004+101    0.300035396883837279E+03    0.191622448176479748E+00    0.138216644525527954E+02    0.108575940132141113E+01    0.120729377031326290E+02    0.662928741574287361E+01    0.682539701461791992E+01    0.113883228098751038E+00    0.992618499100208318E+01    0.320396453142166138E+01    0.752963056313880674E+01
    0.100000000000000000E+01    0.199800000000000004+101    0.877440778241243446E+00    0.259087053004191770E+01    0.272835648059844971E+01    0.554330199956893921E+00    0.135785714447498318E+02    0.141783444523811344E+02    0.477302694320678711E+01    0.198428127481269506E+00    0.647914464950561531E+01    0.133630394935607910E+01    0.804033448439772513E+01
    0.100000000000000000E+01    0.199800000000000004+101    0.202919792470300697E+01    0.596411916668188891E+01    0.870347154140472412E+01    0.348065495491027832E+00    0.147368674516677860E+02    0.204794676303863543E+01    0.326893460750579834E+01    0.359237479171267138E-01    0.186016740977764128E+01    0.303781002759933472E+01    0.844677832692629948E+01
    0.100000000000000000E+01    0.199800000000000004+101    0.423572884679261685E+00    0.574800258034416853E-01    0.233856201171875000E+01    0.142209231853485107E+01    0.627027903795242292E+01    0.314772791862487811E+01    0.140570645332336426E+02    0.672532344603917961E-02    0.671199374258518233E+01    0.158155739307403564E+01    0.813795263262434077E+01
    0.100000000000000000E+01    0.199800000000000004+101    0.125811125500404408E+01    0.856397324891020051E-01    0.377182829380035400E+01    0.419870018959045410E+00    0.590809922218322736E+01    0.666569367647170985E+01    0.103941110372543335E+02    0.194887185401861474E+01    0.654985021650791133E+01    0.308797180652618408E+01    0.800864848734590673E+01
    0.100000000000000000E+01    0.199800000000000004+101    0.124281738592019995E+02    0.430967928203532386E-01    0.913542234897613525E+01    0.228946179151535034E+01    0.131119180142879479E+02    0.874554064273834264E+01    0.620224940776824951E+01    0.546971319989202898E+00    0.426467651605606068E+01    0.109167933464050293E+01    0.814190507113837825E+01
    0.100000000000000000E+01    0.199800000000000004+101    0.168171113592115035E-01    0.693370833215554512E+03    0.420076501369476318E+01    0.396317541599273682E+00    0.939602912664413381E+01    0.988947414755821264E+01    0.735959315299987793E+01    0.117472126228074805E+00    0.209078832745552035E+01    0.527985990047454834E+00    0.811352593324083848E+01
    0.100000000000000000E+01    0.199800000000000004+101    0.496660662413774337E-01    0.558330151046178713E+01    0.621063911914825439E+01    0.108653485774993896E+01    0.102445837259292603E+02    0.625070067048072797E+01    0.384778213500976562E+01    0.236323001603878591E+00    0.584619575917720802E+01    0.788126289844512939E+00    0.771844038710752667E+01
    0.100000000000000000E+01    0.199800000000000004+101    0.839553245722575383E+02    0.253065354979444059E+02    0.130625633001327515E+02    0.162001803517341614E+01    0.137341805100440983E+01    0.469086207151412982E+01    0.424063408374786377E+01    0.146637010241868171E+01    0.648523134350776687E+01    0.302449375391006470E+01    0.836106887530924148E+01
    0.100000000000000000E+01    0.199800000000000004+101    0.358712744393571654E+02    0.650208695924482498E+02    0.558723449707031250E+01    0.122161567211151123E+01    0.691532518863677925E+01    0.137620654642581943E+02    0.262427949905395508E+01    0.224946724672830979E-01    0.312486416697502101E+01    0.114705651998519897E+01    0.779853744323481646E+01
    0.100000000000000000E+01    0.199800000000000004+101    0.164197613389030039E+03    0.865153083276116263E+03    0.525195729732513428E+01    0.184443071484565735E+01    0.415907826423644966E+01    0.397513397336006191E+01    0.156531083583831787E+01    0.962956393625411855E+00    0.489090693950653055E+01    0.134384691715240479E+01    0.825511008287779191E+01
    0.100000000000000000E+01    0.199800000000000004+101    0.163746537299918593E+02    0.914210152804370892E+02    0.137482724189758301E+02    0.182205796241760254E+01    0.117060757756233222E+02    0.212522114515304583E+01    0.895932519435882568E+01    0.185125875612599922E+01    0.842288470804691336E+01    0.351990729570388794E+01    0.810719762921609721E+01
    0.100000000000000000E+01    0.199800000000000004+101    0.252997185451695250E+00    0.619589012798034064E-01    0.135283249616622925E+02    0.245139986276626587E+01    0.302243702411651638E+01    0.461654686927795410E+01    0.363494348526000977E+01    0.183473746425151969E-01    0.943545526087284081E+01    0.962959527969360352E+00    0.795887140706101270E+01
    0.100000000000000000E+01    0.199800000000000004+101    0.222433693062310228E+00    0.570746193456567052E+01    0.137832064628601074E+02    0.246525958180427551E+01    0.215687069296836853E+01    0.120083757162094109E+02    0.472659146785736084E+01    0.390472174516556736E+01    0.590020489692687988E+01    0.185368150472640991E+01    0.817457588809613256E+01
    0.100000000000000000E+01    0.199800000000000004+101    0.227399075575798435E+03    0.366857658713050094E+01    0.123154876232147217E+02    0.383011996746063232E+00    0.532515055537223780E+01    0.113942073464393623E+02    0.839003896713256836E+01    0.146436238318938206E+00    0.456223260879516612E+01    0.190178930759429932E+01    0.820831705103656439E+01
    0.100000000000000000E+01    0.199800000000000004+101    0.314986261310364625E+03    0.109641640235696647E+01    0.930390334129333496E+01    0.249201729893684387E+01    0.617149543762206987E+00    0.586161647439003008E+01    0.109278382062911987E+02    0.770939352622678105E-02    0.333821523666381825E+01    0.218695402145385742E-01    0.808210452699812087E+01
    0.100000000000000000E+01    0.199800000000000004+101    0.231655710778553396E-01    0.353911717561386507E+00    0.101062289476394653E+02    0.191403716802597046E+01    0.129217613995075222E+02    0.254140233993530251E+00    0.135893094539642334E+01    0.589905837262324831E-01    0.161347290396690379E+01    0.245196014642715454E+01    0.797217685655892794E+01
    0.100000000000000000E+01    0.199800000000000004+101    0.785587869766769927E+03    0.795482869581951135E+01    0.349853181838989258E+01    0.128097891807556152E+01    0.104482040762901303E+02    0.508219051957130397E+01    0.128509362936019897E+02    0.392861218967515829E-01    0.109532089650630948E+01    0.212737500667572021E+01    0.801007565117658515E+01
    0.100000000000000000E+01    0.199800000000000004+101    0.150229653905767768E+01    0.526224881622170226E+01    0.119771846532821655E+02    0.740399658679962158E+00    0.137125578165054325E+02    0.188104972839355478E+01    0.586382126808166504E+01    0.634015924439331885E-01    0.534690940678119642E+01    0.476073890924453735E+01    0.836599071813430406E+01
    0.100000000000000000E+01    0.199800000000000004+101    0.191993493864415971E+00    0.355390773087200898E+03    0.884500432014465332E+01    0.222268924117088318E+01    0.557516562938690230E+00    0.968392294645309404E+00    0.416757082939147949E+01    0.123625023294558472E-01    0.362150910139083848E+01    0.142227768898010254E+01    0.835946558428579856E+01
    0.100000000000000000E+01    0.199800000000000004+101    0.758852052420202767E+03    0.176623649769089397E+02    0.880374753475189209E+01    0.917714834213256836E-01    0.111770335614681251E+02    0.127267983376979821E+02    0.118851915597915649E+02    0.426560471949744557E+00    0.252414641141891449E+01    0.286304950714111328E-01    0.783071447952789779E+01
    0.100000000000000000E+01    0.199800000000000004+101    0.410079116688677381E+01    0.599813463268674582E+03    0.642587852478027344E+01    0.109677046537399292E+01    0.252263225317001361E+01    0.625188540816307015E+01    0.655123186111450195E+01    0.878306180150360133E-02    0.613734301924705505E+01    0.243217557668685913E+01    0.783001142338573164E+01
    0.100000000000000000E+01    0.199800000000000004+101    0.489993159586607945E+02    0.117226279067908958E+02    0.900468254089355469E+01    0.901132673025131226E+00    0.221611468195915240E+01    0.410363893508911115E+01    0.355308496952056885E+01    0.175294126742893630E+00    0.128340938746929178E+01    0.387304902076721191E+01    0.781699398632863574E+01
    0.100000000000000000E+01    0.199800000000000004+101    0.459153836676752462E+03    0.199991346637497999E-01    0.122827540636062622E+02    0.475413650274276733E+00    0.106721683442592621E+02    0.439672464132308982E+00    0.822033548355102539E+01    0.617237475061412511E-02    0.296730263173580155E+01    0.501024127006530762E+00    0.823012370964298512E+01
    0.100000000000000000E+01    0.199800000000000004+101    0.884109309849723662E-01    0.120469901645804178E+02    0.104969054460525513E+02    0.108853965997695923E+01    0.740412895083427447E+01    0.840680414438247703E+00    0.120988630056381226E+02    0.253822171958862607E-01    0.784174774348735770E+01    0.405685454607009888E+01    0.816283214464622731E+01
    0.100000000000000000E+01    0.199800000000000004+101    0.177236253362323230E-01    0.533007874160677559E+02    0.573938918113708496E+01    0.389737784862518311E+00    0.127032110452651974E+02    0.765489635467529261E+01    0.129398610591888428E+02    0.415104034165604194E-01    0.116277351796627038E+01    0.223915696144104004E+01    0.758306720210488727E+01
    0.100000000000000000E+01    0.199800000000000004+101    0.102262552818487995E+01    0.209630756618266294E-01    0.143970773220062256E+02    0.167194440960884094E+01    0.185455032587051405E+01    0.107186457633972161E+02    0.780637907981872559E+01    0.855884990492553066E+00    0.267557902932167080E+00    0.298556774854660034E+01    0.796294941176612525E+01
    0.100000000000000000E+01    0.199800000000000004+101    0.701589827417168692E+02    0.357481221664231352E+00    0.551001143455505371E+01    0.568126291036605835E+00    0.128629188358783715E+02    0.116266273021697994E+02    0.101459411382675171E+02    0.899603098645045812E-02    0.968769102811813276E+01    0.362909227609634399E+01    0.832664661185741295E+01
    0.100000000000000000E+01    0.199800000000000004+101    0.329780486691824848E+02    0.922149702969549736E+02    0.121669937372207642E+02    0.116020977497100830E+01    0.603515745401382464E+01    0.156272474527359018E+01    0.714687216281890869E+01    0.620928041601742572E-01    0.652581902921199752E+01    0.413648456335067749E+01    0.790841454144920863E+01
    0.100000000000000000E+01    0.199800000000000004+101    0.684149973910906151E+00    0.158879783646936659E+02    0.137472827434539795E+02    0.189730212092399597E+01    0.104741874873638157E+02    0.641369979381561262E+01    0.110024160146713257E+02    0.499216535107993964E+00    0.857197899222373993E+00    0.121560841798782349E+01    0.786048837246910370E+01
    0.100000000000000000E+01    0.199800000000000004+101    0.174730946967083725E+03    0.118057198586277664E+03    0.147626038789749146E+02    0.196113750338554382E+01    0.896557769179344177E+01    0.123068718850612644E+02    0.139863002300262451E+02    0.149442780422070753E+01    0.160362415432929994E+01    0.174223035573959351E+01    0.800121636199686570E+01
    0.100000000000000000E+01    0.199800000000000004+101    0.383754689133834065E-01    0.230193360463544661E+00    0.807752597332000732E+01    0.105502203106880188E+01    0.128790699899196621E+02    0.142046600162982948E+02    0.104429672956466675E+02    0.180178569982312009E+01    0.478922306537628195E+01    0.229943037033081055E+01    0.800888252733818362E+01
    0.100000000000000000E+01    0.199800000000000004+101    0.339384622158508122E+02    0.232922605686741224E+00    0.147024297714233398E+02    0.224958226084709167E+01    0.136839438259601600E+02    0.241216922998428362E+01    0.920714128017425537E+01    0.241509620574146400E+01    0.654007351636886547E+01    0.159767836332321167E+01    0.774865657302053989E+01
    0.100000000000000000E+01    0.199800000000000004+101    0.378873882145868285E-01    0.653527590078318621E+00    0.108763750791549683E+02    0.229944214224815369E+01    0.469703087806701625E+01    0.147455300688743591E+02    0.133142187595367432E+02    0.124721455511716400E+00    0.519229654192924528E+01    0.465927124023437500E+00    0.766719693449716644E+01
    0.100000000000000000E+01    0.199800000000000004+101    0.427092507949208589E+01    0.166143730910444063E+02    0.880036628246307373E+01    0.189529448747634888E+01    0.195521661639213584E+01    0.141853738367557529E+02    0.775753533840179443E+01    0.954528464821517014E-02    0.524012669086456295E+01    0.176271528005599976E+01    0.794750281375478185E+01
    0.100000000000000000E+01    0.199800000000000004+101    0.739161041127743967E+01    0.745765799234591464E-01    0.624199748039245605E+01    0.126119822263717651E+01    0.108634670674800873E+02    0.298196411132812500E+01    0.799871242046356201E+01    0.227037981602412932E-01    0.760487459659576448E+01    0.439365804195404053E+01    0.755813529207337886E+01
    0.100000000000000000E+01    0.199800000000000004+101    0.549298685100509854E+01    0.204050676978891268E+02    0.667139315605163574E+01    0.141009628772735596E+01    0.771695831418037415E+01    0.108993422389030457E+02    0.335293018817901611E+01    0.121590868273866581E+01    0.377580042302608465E+01    0.290375053882598877E+00    0.806673936802179803E+01
    0.100000000000000000E+01    0.199800000000000004+101    0.143912678151698845E+02    0.151882968801840104E+02    0.259196567535400391E+01    0.172081738710403442E+00    0.754352213144302386E+01    0.100309960246086116E+01    0.473846924304962158E+01    0.364068479078208385E-01    0.843622160613536920E+01    0.240333646535873413E+01    0.773633308046821888E+01
    0.100000000000000000E+01    0.199800000000000004+101    0.377654767976667713E+02    0.124853110596361261E+01    0.958114266395568848E+01    0.166651204228401184E+01    0.301529040932655334E+01    0.207918866872787467E+01    0.108131860494613647E+02    0.307639587171039730E+00    0.557113578259944919E+01    0.227243632078170776E+01    0.814335570343515869E+01
    0.100000000000000000E+01    0.199800000000000004+101    0.145032146259351805E+03    0.758156139172251983E+03    0.799416875839233398E+01    0.528132915496826172E-01    0.961412032842636144E+01    0.117034833848476403E+02    0.276491856575012207E+01    0.135178430853744747E-01    0.172888429164886470E+01    0.281022727489471436E+01    0.808078957639318141E+01
    0.100000000000000000E+01    0.199800000000000004+101    0.280847172624442809E+00    0.194348313035781253E+02    0.201061058044433594E+01    0.165566071867942810E+01    0.629305371046066231E+01    0.737977522015571541E+01    0.610358977317810059E+01    0.110825513115865104E+01    0.736610791742801663E+01    0.373672842979431152E+01    0.768765257865159768E+01
    0.100000000000000000E+01    0.199800000000000004+101    0.307847273406979625E+02    0.717191356664637958E+00    0.100375983715057373E+02    0.729036629199981689E+00    0.978263194561004568E+01    0.721221743226051348E+01    0.274242472648620605E+01    0.565488616716174897E-01    0.685209429025649985E+01    0.100825518369674683E+01    0.809155829710684671E+01
    0.100000000000000000E+01    0.199800000000000004+101    0.426915582262963000E+00    0.184000762206905591E+03    0.344040048122406006E+01    0.195850327610969543E+01    0.783152173757553083E+01    0.637247198820114136E+01    0.916182315349578857E+01    0.306339079701102468E+00    0.232477537989616401E+00    0.261531561613082886E+01    0.753910347381253576E+01
    0.100000000000000000E+01    0.199800000000000004+101    0.495139665380994884E+02    0.138205808118483341E-01    0.710766482353210449E+01    0.308081954717636108E+00    0.551530539393424935E+01    0.542923961877822858E+01    0.615009117126464844E+01    0.254822286298835403E-01    0.802025007843971238E+01    0.201985567808151245E+01    0.768322713587255723E+01
    0.100000000000000000E+01    0.199800000000000004+101    0.682312647172293868E-01    0.250094185470736523E-01    0.771075272560119629E+01    0.190135136246681213E+01    0.255902430415153503E+01    0.774241774082183820E+01    0.130851247310638428E+02    0.215136158569387663E-01    0.494088368713855708E+01    0.471222251653671265E+01    0.763365761194570602E+01
    0.100000000000000000E+01    0.199800000000000004+101    0.867274197856193574E+01    0.239628931544084800E+02    0.116114069223403931E+02    0.204671591520309448E+01    0.147423106729984283E+02    0.254516447186470041E+01    0.155956387519836426E+01    0.155833039422929327E-01    0.741702964484691574E+01    0.361627668142318726E+01    0.811317097089773931E+01
    0.100000000000000000E+01    0.199800000000000004+101    0.323337762963178648E+03    0.132016307718010421E-01    0.804108989238739014E+01    0.208310589194297791E+01    0.390975226163864154E+01    0.110972138583660129E+02    0.113623266220092773E+02    0.394544364530937486E+01    0.521471048593521136E+01    0.472355663776397705E+01    0.794067699825782913E+01
    0.100000000000000000E+01    0.199800000000000004+101    0.910666722736892666E+03    0.880511415078355419E+01    0.344319260120391846E+01    0.716800391674041748E+00    0.136078834891319271E+02    0.136640519559383389E+02    0.146720652580261230E+02    0.443378078485435712E+01    0.419415017962455750E+01    0.270838320255279541E+01    0.744044261035122467E+01
    0.100000000000000000E+01    0.199800000000000004+101    0.240565956772792466E+01    0.674102494175004008E+00    0.600268876552581787E+01    0.223266243934631348E+01    0.803555683493614303E+01    0.123974847793579102E+02    0.707299697399139404E+01    0.146284098128888814E-01    0.100328510522842396E+01    0.118415892124176025E+01    0.769300940023537283E+01
    0.100000000000000000E+01    0.199800000000000004+101    0.582872013927981598E+02    0.243308095331970549E+02    0.671244800090789795E+01    0.151723012328147888E+01    0.779803113937377912E+01    0.136269218862056736E+02    0.543015480041503906E+01    0.236241379085167069E+00    0.817676600277423837E+01    0.220956832170486450E+01    0.769350472259609930E+01
    0.100000000000000000E+01    0.199800000000000004+101    0.188571311350821919E+00    0.633322726773872446E+02    0.148490511178970337E+02    0.401833951473236084E+00    0.969927579164505005E+01    0.491869405508041346E+01    0.165998423099517822E+01    0.551173222288361703E-02    0.475884914040565477E+01    0.245957255363464355E+01    0.733941389273980693E+01
    0.100000000000000000E+01    0.199800000000000004+101    0.389298667333860260E+00    0.294707728316371842E+01    0.107162045240402222E+02    0.129148706793785095E+01    0.748029230833053571E+01    0.101063104510307316E+02    0.142422198057174683E+02    0.174902464376325874E-01    0.203845419168472253E+01    0.114100664854049683E+01    0.768060017197660194E+01
    0.100000000000000000E+01    0.199800000000000004+101    0.405980570034265686E+00    0.505757531146520911E+01    0.809004211425781250E+01    0.189507097005844116E+01    0.478908783793449366E+01    0.378966302275657663E+01    0.130587648153305054E+02    0.540823527003246984E+00    0.573913199067115798E+01    0.234767705202102661E+01    0.776185699579552768E+01
    0.100000000000000000E+01    0.199800000000000004+101    0.255161689609605986E+03    0.369689198363372939E-01    0.114356327056884766E+02    0.944996327161788940E+00    0.105453161537647251E+02    0.124093374848365787E+02    0.127734144926071167E+02    0.108702116263640103E+01    0.903131056904792828E+01    0.429466992616653442E+01    0.830828952802074205E+01
    0.100000000000000000E+01    0.199800000000000004+101    0.378375544960426261E-01    0.192142535161684691E+01    0.132757699489593506E+02    0.172973290085792542E+01    0.774425691366195657E+00    0.680273603200912458E+01    0.392116081714630127E+01    0.856755971931472682E-01    0.797315352439880343E+01    0.227755993604660034E+01    0.775286633974021910E+01
    0.100000000000000000E+01    0.199800000000000004+101    0.238457839022508665E+03    0.163936907301124557E+01    0.598359704017639160E+01    0.107468664646148682E+00    0.141751863360404968E+02    0.104330662548542019E+02    0.227819013595581055E+01    0.145431983587023875E-01    0.177665549099445341E+01    0.161341667175292969E+01    0.811352655436657777E+01
    0.100000000000000000E+01    0.199800000000000004+101    0.107107358725300923E-01    0.514038249189257335E+00    0.120102519989013672E+02    0.153463289141654968E+01    0.122180813908576962E+02    0.234171019792556789E+01    0.139323329925537109E+01    0.508238902201243348E+00    0.472775472044944767E+01    0.218112260103225708E+01    0.816834615936857311E+01
    0.100000000000000000E+01    0.199800000000000004+101    0.733907952952677874E+03    0.131751897121802255E+02    0.519427907466888428E+01    0.583797097206115723E+00    0.141780078589916236E+02    0.107997612178325646E+02    0.603370916843414307E+01    0.892500884591491350E+00    0.694167801678180663E+01    0.675395727157592773E+00    0.821900995502015697E+01
    0.100000000000000000E+01    0.199800000000000004+101    0.258501217042624298E+00    0.709029034213945808E+00    0.125231809616088867E+02    0.245875477790832520E+01    0.142054095804691318E+02    0.134465691089630131E+02    0.398951351642608643E+01    0.246459730399035196E-01    0.333735838353633874E+01    0.394226551055908203E+01    0.793502856644932564E+01
    0.100000000000000000E+01    0.199800000000000004+101    0.573863592044415256E+02    0.164580008147125929E-01    0.854283785820007324E+01    0.211689054965972900E+01    0.124265916705131527E+02    0.137086039543151852E+02    0.143445043563842773E+02    0.113249160797023340E+01    0.950291979134082787E+01    0.378219097852706909E+01    0.764023928361712290E+01
    0.100000000000000000E+01    0.199800000000000004+101    0.346572300378801046E+01    0.478350213523181800E-01    0.135337673425674438E+02    0.148454383015632629E+01    0.923437460064888072E+01    0.801799092292785609E+01    0.615157067775726318E+01    0.118590297705645914E+00    0.843927983939647675E+01    0.398964285850524902E+00    0.764990045878253522E+01
    0.100000000000000000E+01    0.199800000000000004+101    0.140566491757789010E-01    0.177350178432526278E+02    0.393612444400787354E+01    0.109615802764892578E+01    0.822405446171760524E+01    0.130494217693805687E+02    0.136418088674545288E+02    0.258588107901046582E-01    0.293544424891471856E+01    0.232288241386413574E-01    0.765543353415845118E+01
    0.100000000000000000E+01    0.199800000000000004+101    0.122804310116416872E+03    0.119067541246309734E+02    0.135849117040634155E+02    0.430688410997390747E+00    0.997579392194747960E+01    0.145698087811470032E+02    0.816038918495178223E+01    0.942344522216419234E-02    0.415651830971240965E+01    0.144723504781723022E+01    0.818322439422743386E+01
    0.100000000000000000E+01    0.199800000000000004+101    0.114352169152626762E+00    0.188244259669838641E+03    0.136731872558593750E+02    0.168742686510086060E+00    0.402329968810081517E+01    0.156912702322006242E+00    0.113032758235931396E+01    0.630411330693455597E-02    0.810495706617832212E+01    0.372277438640594482E+01    0.818252636949611301E+01
    0.100000000000000000E+01    0.199800000000000004+101    0.868226594082016356E-01    0.358040135738664347E+02    0.812205636501312256E+01    0.121265634894371033E+01    0.356164542436599740E+01    0.647678485512733459E+01    0.132162158489227295E+02    0.131302538814444848E-01    0.893590214669704430E+01    0.484374165534973145E+01    0.811818604843815450E+01
    0.100000000000000000E+01    0.199800000000000004+101    0.174784192694026046E+03    0.472196226713849643E+00    0.108942860364913940E+02    0.566927939653396606E+00    0.114467486739158653E+01    0.128986066162586219E+02    0.909321761131286621E+01    0.897408089346221627E-01    0.864479418635368368E+01    0.334838181734085083E+01    0.786745265886298917E+01
    0.100000000000000000E+01    0.199800000000000004+101    0.855104934343266223E+03    0.463817007127834131E+02    0.129074596166610718E+02    0.229442223906517029E+01    0.123125770986080170E+02    0.139026709139347080E+02    0.548578190803527832E+01    0.190473260726001410E-01    0.547969067811965971E+01    0.271248757839202881E+01    0.761866828962780573E+01
    0.100000000000000000E+01    0.199800000000000004+101    0.577989297109686984E+01    0.169775946612070356E+02    0.474424457550048828E+01    0.174101591110229492E+01    0.108752389550209045E+02    0.117063242197036746E+00    0.260870254039764404E+01    0.948421158805958231E+00    0.718129862546920794E+00    0.403069049119949341E+01    0.824946999564263095E+01
    0.100000000000000000E+01    0.199800000000000004+101    0.134686392560637334E+02    0.330202993679505596E+03    0.145605498552322388E+02    0.247712194919586182E+01    0.968949415683746373E+01    0.222789545059204119E+01    0.163203465938568115E+01    0.126454450720206307E+00    0.796385675728321107E+01    0.439985960721969604E+01    0.789406769439799927E+01
    0.100000000000000000E+01    0.199800000000000004+101    0.206588136718470764E+03    0.226301541327506184E+00    0.980788516998291016E+01    0.234123885631561279E+01    0.497858547568321175E+01    0.115331840038299553E+02    0.400879132747650146E+01    0.632191319258203557E-02    0.138064524710178382E+01    0.273666590452194214E+01    0.768337229115999332E+01
    0.100000000000000000E+01    0.199800000000000004+101    0.141351196653177791E+02    0.128000161300942328E+00    0.328171360492706299E+01    0.128525704145431519E+01    0.146642929434776299E+02    0.741025246381759661E+01    0.134326952695846558E+02    0.858883964110074422E-01    0.636127047896385189E+01    0.452618896961212158E+00    0.787559778273963040E+01
    0.100000000000000000E+01    0.199800000000000004+101    0.209756349666248787E+00    0.380356234585278870E+02    0.937124550342559814E+01    0.850661545991897583E+00    0.102928569018840790E+02    0.339865784645080593E+01    0.238048553466796875E+01    0.523720777780136652E-02    0.613545425057411187E+01    0.214530467987060547E+01    0.763597038363393121E+01
    0.100000000000000000E+01    0.199800000000000004+101    0.182089348916346545E-01    0.205691238043598762E+00    0.879087007045745850E+01    0.111468553543090820E+01    0.779838727116584796E+01    0.840287613868713379E+01    0.579698395729064941E+01    0.276187485406695110E+01    0.290561277925968175E+01    0.378171116113662720E+01    0.777144751931138345E+01
    0.100000000000000000E+01    0.199800000000000004+101    0.343058186025450595E+03    0.551244429082775369E+02    0.114318001270294189E+01    0.777460634708404541E+00    0.112521338522434231E+02    0.143850474298000339E+02    0.117974750995635986E+02    0.108740882207943135E+01    0.724595555365085620E+01    0.446245133876800537E+01    0.807387335202422207E+01
    0.100000000000000000E+01    0.199800000000000004+101    0.279806814263873838E+01    0.117417133544957166E-01    0.704257655143737793E+01    0.233595505356788635E+01    0.115121375918388367E+02    0.791901825666427595E+01    0.870163321495056152E+01    0.256865690931855584E+01    0.382295414030551894E+01    0.355210691690444946E+01    0.784672196501863528E+01
    0.100000000000000000E+01    0.199800000000000004+101    0.208979423180535719E+03    0.766511934885843321E-01    0.437619042396545410E+01    0.228681027889251709E+01    0.104438807606697086E+02    0.147480745017528534E+02    0.110946178436279297E+01    0.230017226441991962E+01    0.489658694088458990E+01    0.483842492103576660E+01    0.767019603191018273E+01
    0.100000000000000000E+01    0.199800000000000004+101    0.166882362942474471E+01    0.276950367385030161E+01    0.109332689046859741E+02    0.357425808906555176E+00    0.420471553206443804E+01    0.257178288102149999E+01    0.269602012634277344E+01    0.410381443571423143E-01    0.850635851800441678E+01    0.461791276931762695E+01    0.837657719103165732E+01
    0.100000000000000000E+01    0.199800000000000004+101    0.812021178111857189E+01    0.477585203203452213E+01    0.417965722084045410E+01    0.169950947165489197E+01    0.318187394142150914E+01    0.496826120615005440E+01    0.220594131946563721E+01    0.328904940545792224E-01    0.707037628471851320E+01    0.180686384439468384E+01    0.810725287098159697E+01
    0.100000000000000000E+01    0.199800000000000004+101    0.270250168600494646E+03    0.484530735418569558E+00    0.267959368228912354E+01    0.856356322765350342E+00    0.705629476308822579E+01    0.685376234650611860E+01    0.148322983980178833E+02    0.419560287410484367E+01    0.385237296283245056E+01    0.444856405258178711E+01    0.822082658253480858E+01
    0.100000000000000000E+01    0.199800000000000004+101    0.195662501571181423E+03    0.128321308217723864E+02    0.548308742046356201E+01    0.214038580656051636E+01    0.870180215239524912E+01    0.100343300879001625E+02    0.648550271987915039E+01    0.113928735760844922E-01    0.249314428627491003E+01    0.293331593275070190E+01    0.799007608059394414E+01
    0.100000000000000000E+01    0.199800000000000004+101    0.744745020994589391E-01    0.124532576038494169E+01    0.838921701908111572E+01    0.171627849340438843E+00    0.131385506331920627E+02    0.188078862428665183E+01    0.691902983188629150E+01    0.167516089564448661E+00    0.174995668590068831E+01    0.477575927972793579E+01    0.788118526715852408E+01
    0.100000000000000000E+01    0.199800000000000004+101    0.171931777082600945E+03    0.512725106481684634E+02    0.780539107322692871E+01    0.190082699060440063E+01    0.131768760979175568E+02    0.137916847944259651E+02    0.402627587318420410E+01    0.143176222165092414E-01    0.622857971608638739E+01    0.150196641683578491E+01    0.811418405759237871E+01
    0.100000000000000000E+01    0.199800000000000004+101    0.545909620089048975E+00    0.507319360629420069E+00    0.850693583488464355E+01    0.166692957282066345E+01    0.329422153234481829E+01    0.887717086076736450E+01    0.471554148197174072E+01    0.153521979853539162E-01    0.213779437303543096E+01    0.102152913808822632E+01    0.785990393530260434E+01
    0.100000000000000000E+01    0.199800000000000004+101    0.227181556996615086E+01    0.847442386467271019E-01    0.610501253604888916E+01    0.971953570842742920E-01    0.107392285823822018E+02    0.426145061254501289E+01    0.137449228763580322E+02    0.337469961523440942E+00    0.959700333654880566E+01    0.114515513181686401E+01    0.808694523861860759E+01
    0.100000000000000000E+01    0.199800000000000004+101    0.136009069576858241E+02    0.203255881926303317E+03    0.594501471519470215E+01    0.206022307276725769E+01    0.289727934598922765E+01    0.728903976678848231E+01    0.440217483043670654E+01    0.265403113152129916E-01    0.354208018600940688E+01    0.241407901048660278E+01    0.806811811312020488E+01
    0.100000000000000000E+01    0.199800000000000004+101    0.116530904849987564E+02    0.352128706403636960E+01    0.136410745382308960E+02    0.297530591487884521E+00    0.147451011121273048E+02    0.379559203982353210E+01    0.903155565261840820E+01    0.207488255403909701E-01    0.622449909448623639E+01    0.367449730634689331E+01    0.761488926872810890E+01
    0.100000000000000000E+01    0.199800000000000004+101    0.134279469661793133E-01    0.126143277958298272E+00    0.134184610843658447E+01    0.231577053666114807E+01    0.705512601137161255E+01    0.821054543256759573E+01    0.122496942281723022E+02    0.220797183442561495E-01    0.626379763007163959E+01    0.165894031524658203E+00    0.802080151731029467E+01
    0.100000000000000000E+01    0.199800000000000004+101    0.808913237914152035E+02    0.134106236874168394E+00    0.540214931964874268E+01    0.715514123439788818E+00    0.137117425322532647E+02    0.101800118684768681E+01    0.334263539314270020E+01    0.122754444143432211E-01    0.396694952905178067E+01    0.384953588247299194E+01    0.827570059673047886E+01
    0.100000000000000000E+01    0.199800000000000004+101    0.117246681306228361E-01    0.354546935631126561E-01    0.135121113061904907E+02    0.558270961046218872E+00    0.815716118812560964E+01    0.694279795885086060E+01    0.110683370828628540E+02    0.220036793097682271E+01    0.819029880404472266E+01    0.426244169473648071E+01    0.781243541643018347E+01
    0.100000000000000000E+01    0.199800000000000004+101    0.137486352293138452E+03    0.141520463408530563E+02    0.224000418186187744E+01    0.221839919686317444E+01    0.168514882326126103E+01    0.860266252160072398E+01    0.706860184669494629E+01    0.299678623898019594E-01    0.666946488857269237E+01    0.122721761465072632E+01    0.767471426268343482E+01
    0.100000000000000000E+01    0.199800000000000004+101    0.174856628122766686E-01    0.473649150051195511E+00    0.124756214618682861E+02    0.863540172576904297E+00    0.712643141150474513E+01    0.107665006399154670E+02    0.851191675662994385E+01    0.665320360162997448E+00    0.274587249100208286E+01    0.138164460659027100E+00    0.792524448538468818E+01
    0.100000000000000000E+01    0.199800000000000004+101    0.265986310471825846E+03    0.755546621867166035E+00    0.933985126018524170E+01    0.242612510919570923E+00    0.136912041187286384E+02    0.526880801916122454E+01    0.931329023838043213E+01    0.217272531711241657E+01    0.481726044297218348E+01    0.437334179878234863E+00    0.829878792278073263E+01
    0.100000000000000000E+01    0.199800000000000004+101    0.389667877819609828E+03    0.170008811855931113E+00    0.138671745061874390E+02    0.354446619749069214E+00    0.249676597118377697E+00    0.105511465907096866E+02    0.100262788534164429E+02    0.215136660517274758E+00    0.139627224206924430E-01    0.434257715940475464E+01    0.813723910782463378E+01
    0.100000000000000000E+01    0.199800000000000004+101    0.332624411520238041E+02    0.530534272688275688E+00    0.105231902599334717E+02    0.226370245218276978E+01    0.149416565537452701E+02    0.317908971905708349E+01    0.143574936389923096E+02    0.635899030520720304E-01    0.383703356504440274E+01    0.457327663898468018E+00    0.766314416546962107E+01
    0.100000000000000000E+01    0.199800000000000004+101    0.151772758847520062E+01    0.122842339188926886E+02    0.110510494709014893E+02    0.234489321708679199E+01    0.135804835438728340E+02    0.842239944338798452E+01    0.357517325878143311E+01    0.126287274439244646E+00    0.649012058675289172E+01    0.231255054473876953E+01    0.788082986613388137E+01
    0.100000000000000000E+01    0.199800000000000004+101    0.519518511557756657E+01    0.735261634761726146E+01    0.135581537485122681E+02    0.520235151052474976E+00    0.923648464679718062E+00    0.355077674388885534E+01    0.317716515064239502E+01    0.113810541117133814E-01    0.619846600294113159E+01    0.228002399206161499E+01    0.801014234105857703E+01
    0.100000000000000000E+01    0.199800000000000004+101    0.212457962004661723E-01    0.183870123596845474E+03    0.941658449172973633E+01    0.245058864355087280E+01    0.682862885594367963E+01    0.993316645622253347E+01    0.988705170154571533E+01    0.710212513036641378E-02    0.587541331946849787E+01    0.241929620504379272E+01    0.755865669122941064E+01
    0.100000000000000000E+01    0.199800000000000004+101    0.454226427521164396E+03    0.476666149553687823E+01    0.392956304550170898E+01    0.909903347492218018E+00    0.178877162933349632E+01    0.125864769816398625E+01    0.128478896617889404E+02    0.719208548103527148E-02    0.702023340642452265E+01    0.472605645656585693E+01    0.790344819415381750E+01
    0.100000000000000000E+01    0.199800000000000004+101    0.154859109327021328E-01    0.206158410429385208E+00    0.960128080844879150E+01    0.559474229812622070E+00    0.104653614580631249E+02    0.120398831665515900E+02    0.113745064735412598E+02    0.136959434905840483E+01    0.619920197963714603E+01    0.955829620361328125E+00    0.828610872977718138E+01
    0.100000000000000000E+01    0.199800000000000004+101    0.212161449735010721E+00    0.199176385712932236E+01    0.511537206172943115E+01    0.153859287500381470E+01    0.637309632897377032E+01    0.126211053490638729E+02    0.134259995222091675E+02    0.554177248933307443E+00    0.956342707931995406E+01    0.915586948394775391E-01    0.794332848352641729E+01
    0.100000000000000000E+01    0.199800000000000004+101    0.932337729302427920E-01    0.545134266171045390E+01    0.303054380416870117E+01    0.220325857400894165E+01    0.125424597263336182E+02    0.922497751712799108E+01    0.136279175281524658E+02    0.940542585199111492E+00    0.362429938197135915E+01    0.304345786571502686E+01    0.856769385434299124E+01
    0.100000000000000000E+01    0.199800000000000004+101    0.140163250786778604E+01    0.261221582198690612E+03    0.129891078472137451E+02    0.986398160457611084E+00    0.490130931735038722E+01    0.863238220810890233E+01    0.862986004352569580E+01    0.123731876002479546E+01    0.287751049757003763E+01    0.837768316268920898E+00    0.805157786953376053E+01
    0.100000000000000000E+01    0.199800000000000004+101    0.809931812871387706E+03    0.220448948446529869E+01    0.353946900367736816E+01    0.131676927208900452E+01    0.138798402905464169E+02    0.569878875613212532E+01    0.121959313154220581E+02    0.162169666764375477E-01    0.349934173345565780E+01    0.454103052616119385E+00    0.789460263613463287E+01
    0.100000000000000000E+01    0.199800000000000004+101    0.352279134708119376E-01    0.144959949246879694E+01    0.460525023937225342E+01    0.157826557755470276E+01    0.114116231679916389E+02    0.108514571666717536E+02    0.197196066379547119E+01    0.140950961269217245E+00    0.191038174211978928E+01    0.312943518161773682E+01    0.815514360125591331E+01
    0.100000000000000000E+01    0.199800000000000004+101    0.228057576618822706E-01    0.839944177500551281E+00    0.110142654180526733E+02    0.202415168285369873E+01    0.400579505562782323E+01    0.652962202429771388E+01    0.682120048999786377E+01    0.116451057739559646E+00    0.483449515938758800E+01    0.303962081670761108E+01    0.796062940630464055E+01
    0.100000000000000000E+01    0.199800000000000004+101    0.162152046007685707E+00    0.894298566088866131E+01    0.122721154689788818E+02    0.311063379049301147E+00    0.244511630535125768E+01    0.872268692851066518E+01    0.306231021881103516E+01    0.122437146565283275E-01    0.961860389530658644E+01    0.284610956907272339E+01    0.792612216083655863E+01
    0.100000000000000000E+01    0.199800000000000004+101    0.506591098796561781E+02    0.139635565126713986E-01    0.673080539703369141E+01    0.114052295684814453E+01    0.834112412929534841E+01    0.387378472685813913E+01    0.115054082870483398E+01    0.387762131228560139E-01    0.450912796020507844E+01    0.796265900135040283E+00    0.815598475365725584E+01
    0.100000000000000000E+01    0.199800000000000004+101    0.102786850414608541E+00    0.594236764580959743E+03    0.873419821262359619E+01    0.499810278415679932E-01    0.144554673850536339E+02    0.489493002891540474E+01    0.941061389446258545E+01    0.291775187800322855E+00    0.700630343973636638E+01    0.211563408374786377E+01    0.782691838539517448E+01
    0.100000000000000000E+01    0.199800000000000004+101    0.447479831252139419E+02    0.627753002815248234E-01    0.389117431640625000E+01    0.190700188279151917E+01    0.357613670229911840E+01    0.102686274051666260E+01    0.414404141902923584E+01    0.955895684150770308E+00    0.776784758508205453E+01    0.204487621784210205E+01    0.793925782721760243E+01
    0.100000000000000000E+01    0.199800000000000004+101    0.319360297957893141E-01    0.106274919740173349E-01    0.148910915851593018E+01    0.554134249687194824E+00    0.130716431498527523E+02    0.729337196350097638E+01    0.119926164150238037E+02    0.202577995806577267E-01    0.884786301851272583E+01    0.364604890346527100E+00    0.794235232536327640E+01
    0.100000000000000000E+01    0.199800000000000004+101    0.702190642339444615E+00    0.113912291807785877E+02    0.656601941585540771E+01    0.159165948629379272E+01    0.191455453634262107E+01    0.714038804769515956E+01    0.294589984416961670E+01    0.145341633785962154E+00    0.247328184723854028E+01    0.189987510442733765E+01    0.800121636199686570E+01
    0.100000000000000000E+01    0.199800000000000004+101    0.842504475362397531E-01    0.611374939599084311E+01    0.610515439510345459E+01    0.178883701562881470E+01    0.196581975221633920E+01    0.193526169061660780E+01    0.934381246566772461E+01    0.296840529052655420E-01    0.943901248157024320E+01    0.270189553499221802E+01    0.788617393992272486E+01
    0.100000000000000000E+01    0.199800000000000004+101    0.351176150902456413E+03    0.149101925693557405E+03    0.644799685478210449E+01    0.155265837907791138E+01    0.116657032191753380E+02    0.609557098150253274E+00    0.135283741950988770E+02    0.641556878783800522E-01    0.250947868168354038E+01    0.428614854812622070E+01    0.786224422237563303E+01
    0.100000000000000000E+01    0.199800000000000004+101    0.384688315646349727E-01    0.134257872429774738E+01    0.867249786853790283E+01    0.233640506863594055E+01    0.133603843271732323E+02    0.627297967672348022E+00    0.129328548908233643E+02    0.897931568196712847E-02    0.612119559526443435E+01    0.369558036327362061E+01    0.795061055195980870E+01
    0.100000000000000000E+01    0.199800000000000004+101    0.111698689811047736E+01    0.116104809744228774E+03    0.792686080932617188E+01    0.536035001277923584E-01    0.958520171642303431E+01    0.125049663186073312E+01    0.134993064403533936E+02    0.382558444805642314E-01    0.879515672624111211E+01    0.481119155883789062E+00    0.760369656622997248E+01
    0.100000000000000000E+01    0.199800000000000004+101    0.348241136237561588E+00    0.268793487816310176E+03    0.133837989568710327E+02    0.202261999249458313E+01    0.130272652208805084E+02    0.533938961029052717E+01    0.241422545909881592E+01    0.118515208220432333E+01    0.941529807388782558E+01    0.129697024822235107E+01    0.754524004228193235E+01
    0.100000000000000000E+01    0.199800000000000004+101    0.204464363887052275E+00    0.243614131953417314E+03    0.316422593593597412E+01    0.145661845803260803E+01    0.550027769804000854E+01    0.995146328210830688E+01    0.676919746398925781E+01    0.595773772618459554E-01    0.110093658924102789E+01    0.461919844150543213E+01    0.771470407022412008E+01
    0.100000000000000000E+01    0.199800000000000004+101    0.162499209292289351E+02    0.180575089514919518E+00    0.794758057594299316E+01    0.636827945709228516E+00    0.394693828225135812E+01    0.121645124197006229E+02    0.752988243103027344E+01    0.144167234889678985E-01    0.207328094840049770E+00    0.477999120950698853E+01    0.790799328066320051E+01
    0.100000000000000000E+01    0.199800000000000004+101    0.895288380101693271E+01    0.190185824008719173E+02    0.116725022792816162E+02    0.226565122604370117E+01    0.913461684584617650E+01    0.149389380514621735E+02    0.638840603828430176E+01    0.519184768080759168E-01    0.981061699986457825E+01    0.399138331413269043E+00    0.731375126061291247E+01
    0.100000000000000000E+01    0.199800000000000004+101    0.122809433914961574E-01    0.308865202174148819E-01    0.116688122749328613E+02    0.352396368980407715E+00    0.730992898344993591E+01    0.148539424479007724E+02    0.735999453067779541E+01    0.979199617484038248E-02    0.925075607359409346E+01    0.124885141849517822E+01    0.828770124000719477E+01
    0.100000000000000000E+01    0.199800000000000004+101    0.130986806587462130E+02    0.127936003847336877E+03    0.719353377819061279E+01    0.345256030559539795E+00    0.104909122586250314E+01    0.949117048978805578E+01    0.262100172042846680E+01    0.139313359797031605E+00    0.855664370894432125E+01    0.480083554983139038E+01    0.839200906724985529E+01
    0.100000000000000000E+01    0.199800000000000004+101    0.390286649445196119E+02    0.506919859448422327E+00    0.128425040245056152E+02    0.104041114449501038E+01    0.591597753763198897E+00    0.865576612353324926E+01    0.831132721900939941E+01    0.392449392498264882E+00    0.879279100179672213E+01    0.314096510410308838E+00    0.832678997306940438E+01
    0.100000000000000000E+01    0.199800000000000004+101    0.219484402654810040E+01    0.142779529651859638E+00    0.146984193325042725E+02    0.503054708242416382E+00    0.205909875035285950E+01    0.477588431835174543E+01    0.126611113548278809E+02    0.104613544859440100E+01    0.855671759843826374E+00    0.102014660835266113E+01    0.796117952156615694E+01
    0.100000000000000000E+01    0.199800000000000004+101    0.138017129318538821E+03    0.116054801250521322E+02    0.188645386695861816E+01    0.661170631647109985E+00    0.919941862225532603E+01    0.135415630459785454E+02    0.740730452537536621E+01    0.985108630583190870E+00    0.807653264582157071E+01    0.205481857061386108E+01    0.797697428339883263E+01
    0.100000000000000000E+01    0.199800000000000004+101    0.509926323195001793E-01    0.314465983517444329E+03    0.137315447330474854E+02    0.698483437299728394E+00    0.130358345866203305E+02    0.715926480889320338E+01    0.284595346450805664E+01    0.122715195965450108E+01    0.780600583314895591E+01    0.140311926603317261E+01    0.800656348003925089E+01
    0.100000000000000000E+01    0.199800000000000004+101    0.251457189918767519E+02    0.102015946918867826E+03    0.506319963932037354E+01    0.205608978867530823E+01    0.157988390326499961E+01    0.486558867692947405E+01    0.110431897640228271E+01    0.515377512101661342E-01    0.686210381150245663E+01    0.269012689590454102E+01    0.791647347229766929E+01
    0.100000000000000000E+01    0.199800000000000004+101    0.252987914703469805E+02    0.356379802320040684E-01    0.267555904388427734E+01    0.231570288538932800E+01    0.104257659971714016E+02    0.821599220633506810E+01    0.536572909355163574E+01    0.776962248183142856E-01    0.211970875799655900E+01    0.148939073085784912E+01    0.818242238078990347E+01
    0.100000000000000000E+01    0.199800000000000004+101    0.181417264894837373E+02    0.294763146044091373E+01    0.996470451354980469E+01    0.290309786796569824E+00    0.565110883712768519E+01    0.273863462209701547E+01    0.964505016803741455E+01    0.166789393751904297E+00    0.903522208273410854E+01    0.437118291854858398E+01    0.777185197437919495E+01
    0.100000000000000000E+01    0.199800000000000004+101    0.454180235781817820E-01    0.167761839357209737E+03    0.317848527431488037E+01    0.146485447883605957E+01    0.351772309541702288E+01    0.171082139611244211E+01    0.108620022535324097E+02    0.146037242447884536E-01    0.888654764473438341E+01    0.120499521493911743E+01    0.761961259783391309E+01
    0.100000000000000000E+01    0.199800000000000004+101    0.140962264099425028E+03    0.575428789176068012E+01    0.139433670043945312E+02    0.351859480142593384E+00    0.480481447577476484E+01    0.436420395970344543E+01    0.588776957988739014E+01    0.148961709338708559E+01    0.448843963146209735E+01    0.297271162271499634E+01    0.779328203656029572E+01
    0.100000000000000000E+01    0.199800000000000004+101    0.253418025034864713E+00    0.211624436629097312E+01    0.648426938056945801E+01    0.228349566459655762E+01    0.101221959590911870E+01    0.123521388113498691E+02    0.219929313659667969E+01    0.160308729312998310E+01    0.737733156204223661E+01    0.393376350402832031E+01    0.813048679738105662E+01
    0.100000000000000000E+01    0.199800000000000004+101    0.576685302206636834E+03    0.387665406205381998E+03    0.149092561006546021E+02    0.504376143217086792E+00    0.805163427591323888E+01    0.871395671367645286E+00    0.411915850639343262E+01    0.552060275297180034E-01    0.305491720378398890E+01    0.399130553007125854E+01    0.780387916047236807E+01
    0.100000000000000000E+01    0.199800000000000004+101    0.611204294524410607E+00    0.289877554703423912E+00    0.111133072376251221E+02    0.634534657001495361E+00    0.144960716366767906E+01    0.132649800837039944E+02    0.547262322902679443E+01    0.256964490155678638E+01    0.788832387387752565E+01    0.388398766517639160E+01    0.792456906927321469E+01
    0.100000000000000000E+01    0.199800000000000004+101    0.715591969515460278E+02    0.115901771265868092E+01    0.843699848651885986E+01    0.178455114364624023E+00    0.664237093925476030E+00    0.602755168676376307E+01    0.904189050197601318E+01    0.110322848355580505E+01    0.565606725513935071E+01    0.708716511726379395E+00    0.821692749475337259E+01
    0.100000000000000000E+01    0.199800000000000004+101    0.312284655646326659E+01    0.406663921557181585E+01    0.350793874263763428E+01    0.161914169788360596E+01    0.694784153103828395E+01    0.109469386756420128E+02    0.605914700031280518E+01    0.215543623210360136E+00    0.875212888479232731E+01    0.746635198593139648E+00    0.807453735698091712E+01
    0.100000000000000000E+01    0.199800000000000004+101    0.512151499341474278E+03    0.222601659680321501E+00    0.187536215782165527E+01    0.209754347801208496E+01    0.346184237599372890E+01    0.146153972029685981E+02    0.123195906877517700E+02    0.100207753480351935E+01    0.808080678880214620E+01    0.802356004714965820E+00    0.826368646235362725E+01
    0.100000000000000000E+01    0.199800000000000004+101    0.217274984670688120E-01    0.613325212965112776E+00    0.143253233432769775E+02    0.168101534247398376E+01    0.907824855446815526E+01    0.887722503542900121E+01    0.470164096355438232E+01    0.142193173107337784E+00    0.463957625687122377E+01    0.146900087594985962E+01    0.820866545978019957E+01
    0.100000000000000000E+01    0.199800000000000004+101    0.232434081294546473E+03    0.483569312546238805E+02    0.350976705551147461E+01    0.114288926124572754E+00    0.436644465923309344E+01    0.138811866641044617E+02    0.773593938350677490E+01    0.104229552144018082E-01    0.563468170762062126E+00    0.157809257507324219E-01    0.814104812419301815E+01
    0.100000000000000000E+01    0.199800000000000004+101    0.122709086839273146E+00    0.650129814546943940E+01    0.661159873008728027E+01    0.127497613430023193E+00    0.283505486249923733E+01    0.556544537544250506E+01    0.957188844680786133E+01    0.293054928890054273E-01    0.281979051291942584E+01    0.230761885643005371E+01    0.794204848717510092E+01
    0.100000000000000000E+01    0.199800000000000004+101    0.776472553657050568E+01    0.213272143101910588E+00    0.485803306102752686E+01    0.193069532513618469E+01    0.846967172026634252E+01    0.117385832369327545E+02    0.749824285507202148E+01    0.885721526741673371E+00    0.140144968867301944E+01    0.908994674682617188E-01    0.837985316994070217E+01
    0.100000000000000000E+01    0.199800000000000004+101    0.917455171784388845E+00    0.926299175417314019E-01    0.854771196842193604E+01    0.161753460764884949E+01    0.601376724243164018E+00    0.146451497495174401E+02    0.126664143800735474E+02    0.148731930212155639E-01    0.840166231393814078E+00    0.366219103336334229E+01    0.794526250256553723E+01
    0.100000000000000000E+01    0.199800000000000004+101    0.948715543257981011E+02    0.155364236841049208E+01    0.135025433301925659E+02    0.123019844293594360E+01    0.384985551238059998E+01    0.172134371399879460E+01    0.386391568183898926E+01    0.518501237914694227E-02    0.418186609148979205E+00    0.353165626525878906E+01    0.826743133800342278E+01
    0.100000000000000000E+01    0.199800000000000004+101    0.205535185116266395E+00    0.717929868908824087E+01    0.147780848741531372E+02    0.759079158306121826E+00    0.229057464599609384E+01    0.890102369785308767E+01    0.306918120384216309E+01    0.242623797866745017E+01    0.627565304756164544E+01    0.448108494281768799E+01    0.797356612925349584E+01
    0.100000000000000000E+01    0.199800000000000004+101    0.374001251909954896E-01    0.155762226436762297E+00    0.325237131118774414E+01    0.194405242800712585E+01    0.726099416613578796E+01    0.274905924797058132E+01    0.249974226951599121E+01    0.173090030879022916E+00    0.512411925733089468E+01    0.321746528148651123E+01    0.816583661462720656E+01
    0.100000000000000000E+01    0.199800000000000004+101    0.116972272859096833E+02    0.104109420559113278E+00    0.928201448917388916E+01    0.493313819169998169E+00    0.109520319819450371E+02    0.436406630277633667E+01    0.106213567256927490E+02    0.609611872482461181E+00    0.809942890465259602E+01    0.406843543052673340E+01    0.794231534759837476E+01
    0.100000000000000000E+01    0.199800000000000004+101    0.186883765725531746E-01    0.409757483193948531E+03    0.135435405969619751E+02    0.480645895004272461E-01    0.468025360703468341E+01    0.814915665984153748E+01    0.685345339775085449E+01    0.372007076327931152E+01    0.186615406811237339E+01    0.224112004041671753E+01    0.779526449957929746E+01
    0.100000000000000000E+01    0.199800000000000004+101    0.174465727765396728E+01    0.171995877765460996E+02    0.690196335315704346E+01    0.224909424781799316E+01    0.321581303477287328E+01    0.894112715721130336E+01    0.197053623199462891E+01    0.796113581724290642E-02    0.236041898727416966E+01    0.320140719413757324E+00    0.817829539646168335E+01
    0.100000000000000000E+01    0.199800000000000004+101    0.885363026986595164E-01    0.338634834846725354E+02    0.136933379173278809E+02    0.235098630189895630E+01    0.175536540150642417E+01    0.983256144523620534E+01    0.112708425521850586E+02    0.609524113124928352E-01    0.651018428802490234E+01    0.136324405670166016E+01    0.823034277888472054E+01
    0.100000000000000000E+01    0.199800000000000004+101    0.162249505571647070E+02    0.430441654324231919E+02    0.149859901666641235E+02    0.137840896844863892E+01    0.609680821895599312E+01    0.136764828205108646E+02    0.133109885454177856E+02    0.531075093343288396E+00    0.820691187024116431E+01    0.235584229230880737E+01    0.847037886630630510E+01
    0.100000000000000000E+01    0.199800000000000004+101    0.447312877018659805E+01    0.300210455657899786E+03    0.144944460391998291E+02    0.221147030591964722E+01    0.133382784008979804E+02    0.434582631587982160E+01    0.366722977161407471E+01    0.391923678435042167E-01    0.268007105350494390E+01    0.138419687747955322E+01    0.811539610222526875E+01
    0.100000000000000000E+01    0.199800000000000004+101    0.642104896644541678E-01    0.317222506760711163E+02    0.110152409076690674E+02    0.248756647109985352E+01    0.570696824193000740E+01    0.145799091458320640E+01    0.803546810150146484E+01    0.485913812492904196E+01    0.315416568577289569E+01    0.276966780424118042E+01    0.818461537846235387E+01
    0.100000000000000000E+01    0.199800000000000004+101    0.123856451826313574E+03    0.352993626722858256E+01    0.851740002632141113E+01    0.221120014786720276E+01    0.796316695213317827E+00    0.111525972366333015E+02    0.144638937711715698E+02    0.235367161015023685E+01    0.763957387328147863E+01    0.112988054752349854E+01    0.787408231530030633E+01
    0.100000000000000000E+01    0.199800000000000004+101    0.425587089464263824E-01    0.146901416442314343E+03    0.139390444755554199E+02    0.392342060804367065E+00    0.812541661262512172E+01    0.164784902334213279E+00    0.875379896163940430E+01    0.632736611708263098E-02    0.624448717355728178E+01    0.468955993652343750E+01    0.805242914370663243E+01
    0.100000000000000000E+01    0.199800000000000004+101    0.522711382287708943E+03    0.215990519035613326E+01    0.714624631404876709E+01    0.433632284402847290E+00    0.977706083655357361E+01    0.604491688609123212E+01    0.881507122516632080E+01    0.187993040939940376E+00    0.258236478805541969E+01    0.600401759147644043E+00    0.781409655598258102E+01
    0.100000000000000000E+01    0.199800000000000004+101    0.111621284507611449E+02    0.309284003630527815E+01    0.401104855537414551E+01    0.139149293303489685E+01    0.109542025208473213E+02    0.528232049942016668E+00    0.791123545169830322E+01    0.353394979386135108E-01    0.625095078766345935E+01    0.430315166711807251E+01    0.795867550383194633E+01
    0.100000000000000000E+01    0.199800000000000004+101    0.170808482455695952E+03    0.232263923281268887E-01    0.114733246564865112E+02    0.889644026756286621E+00    0.136048994421958920E+02    0.134337652385234829E+02    0.145739012956619263E+02    0.105169582032840636E+01    0.339318007230758667E+01    0.454170763492584229E+01    0.782015474383668430E+01
    0.100000000000000000E+01    0.199800000000000004+101    0.458723447037780119E+01    0.312738437842390971E+01    0.315379762649536133E+01    0.104433536529541016E+01    0.722805419564247131E+01    0.122208611726760861E+02    0.658802342414855957E+01    0.170030880075213719E+00    0.783455410718917822E+01    0.986751914024353027E+00    0.808286727919002956E+01
    0.100000000000000000E+01    0.199800000000000004+101    0.770107759610056860E+03    0.306851271026684358E-01    0.106281108856201172E+02    0.777840018272399902E+00    0.849882656931877101E+01    0.778364821076393110E+01    0.101295630931854248E+02    0.405193623868347430E+01    0.583472023904323578E+01    0.181725412607192993E+01    0.807069183427660697E+01
    0.100000000000000000E+01    0.199800000000000004+101    0.415969710997875453E+02    0.234558083169764245E+03    0.102298082113265991E+02    0.226055458188056946E+01    0.107610307753086083E+02    0.443269050121307373E+01    0.998148226737976074E+01    0.404333794966698773E-01    0.595848996400833109E+01    0.482851684093475342E+01    0.808500315569508388E+01
    0.100000000000000000E+01    0.199800000000000004+101    0.109716272326323377E+03    0.769249691654518575E+01    0.116388841867446899E+02    0.166773915290832520E+01    0.716354549527168238E+01    0.141922050714492820E+01    0.489166450500488281E+01    0.192787736398354603E+01    0.262238441407680511E+01    0.176160931587219238E+01    0.762541036030734976E+01
    0.100000000000000000E+01    0.199800000000000004+101    0.103754885601678615E+00    0.271901824498503458E+03    0.138104434013366699E+02    0.110725834965705872E+01    0.130110678851604469E+02    0.456947619318962062E+01    0.789588963985443115E+01    0.954479732564036606E-02    0.185941302776336692E+00    0.256000101566314697E+01    0.795461342419933715E+01
    0.100000000000000000E+01    0.199800000000000004+101    0.205411161002539785E+03    0.101437274509542097E+01    0.735505616664886475E+01    0.327363163232803345E+00    0.494830716848373431E+01    0.103301192998886116E+02    0.634880149364471436E+01    0.148659054395027412E+00    0.300296772897243480E+01    0.373083591461181641E+01    0.760761669236108151E+01
    0.100000000000000000E+01    0.199800000000000004+101    0.361609190675262759E+00    0.463217750760716243E+02    0.775776815414428711E+01    0.195318996906280518E+01    0.888761946558952332E+01    0.603570186495780892E+01    0.656642329692840576E+01    0.124753160904705739E-01    0.298307611286640162E+01    0.220052599906921387E+00    0.811279332626136807E+01
    0.100000000000000000E+01    0.199800000000000004+101    0.359428544388689417E+02    0.133655181874154323E+03    0.695215559005737305E+01    0.163446456193923950E+01    0.235477339625358617E+01    0.144568510591983799E+02    0.896326720714569092E+01    0.477209034414744826E+00    0.766092017471790321E+01    0.699247419834136963E+00    0.833033831348570786E+01
    0.100000000000000000E+01    0.199800000000000004+101    0.103972812441056792E+02    0.439872326374648667E-01    0.215803802013397217E+01    0.212612971663475037E+01    0.288513001203537023E+01    0.139185164570808428E+01    0.676537644863128662E+01    0.484297295329406755E-01    0.304732402026653260E+01    0.305027812719345093E+01    0.814639450859976577E+01
    0.100000000000000000E+01    0.199800000000000004+101    0.781391741466954937E+01    0.243190047169479499E+03    0.100235668420791626E+02    0.343207567930221558E+00    0.562317780256271327E+01    0.203245192170143119E+01    0.130318099260330200E+02    0.483028637466000621E+01    0.718775742232799519E+01    0.387888610363006592E+01    0.814721976108246793E+01
    0.100000000000000000E+01    0.199800000000000004+101    0.454692097992754967E+02    0.305900009633501995E+02    0.122831012010574341E+02    0.246384620666503906E+01    0.130184977054595952E+01    0.727688056230545000E+00    0.809230351448059082E+01    0.452180228516401328E+00    0.251023609459400143E+01    0.222502559423446655E+01    0.785763174398248676E+01
    0.100000000000000000E+01    0.199800000000000004+101    0.140275984526804308E+03    0.106289871110259049E-01    0.546268725395202637E+01    0.145635187625885010E+01    0.890508669614791915E+00    0.413138790726661664E+01    0.107235528230667114E+02    0.324608787297415158E+00    0.752661812305450439E+01    0.388028323650360107E+00    0.778248476028424196E+01
    0.100000000000000000E+01    0.199800000000000004+101    0.736376332416866717E+03    0.155262282741573891E-01    0.847687840461730957E+01    0.280070304870605469E+00    0.791205636858940142E+01    0.121031556189060208E+02    0.140418038368225098E+02    0.534625146149574001E-01    0.790674353659152995E+01    0.162798196077346802E+01    0.801207346494402373E+01
    0.100000000000000000E+01    0.199800000000000004+101    0.934613813300660468E+03    0.115689957732419916E-01    0.119715678691864014E+02    0.123441010713577271E+01    0.807354116439819358E+00    0.223481559753417969E+01    0.182678294181823730E+01    0.195632125471465823E+01    0.638560951411724087E+01    0.167128205299377441E+01    0.799353975764700930E+01
    0.100000000000000000E+01    0.199800000000000004+101    0.185649993018043169E+01    0.113610115470648254E+01    0.114761409759521484E+02    0.754867345094680786E+00    0.147487672269344330E+02    0.503010735511779750E+01    0.340322589874267578E+01    0.156166138054347949E-01    0.785131186783313773E+01    0.846718847751617432E+00    0.837378007756872300E+01
    0.100000000000000000E+01    0.199800000000000004+101    0.609857336111461867E+00    0.171917714002757099E-01    0.124232245683670044E+02    0.125702157616615295E+01    0.823544712662696909E+01    0.689012775421142543E+01    0.143170062303543091E+02    0.843572148726626003E+00    0.381854899823665628E+01    0.169696241617202759E+01    0.814277789011638831E+01
    0.100000000000000000E+01    0.199800000000000004+101    0.306761750295387770E+00    0.658361186986939401E+03    0.305019795894622803E+01    0.176203832030296326E+01    0.326769193410873449E+01    0.999561385512351919E+01    0.534747183322906494E+01    0.508092511469370664E-01    0.785022338449955015E+01    0.120779365301132202E+01    0.762659571943779468E+01
    0.100000000000000000E+01    0.199800000000000004+101    0.371003255374293150E+01    0.798908959334283821E+02    0.430385398864746094E+01    0.958791375160217285E-01    0.216371091008186367E+01    0.254207473993301392E+01    0.115654362440109253E+02    0.186255446951471504E+00    0.471296492338180517E+01    0.200112998485565186E+01    0.793138145875839129E+01
    0.100000000000000000E+01    0.199800000000000004+101    0.901126876763734680E-01    0.177653377730689210E+01    0.618934023380279541E+01    0.224762067198753357E+01    0.722922462224960372E+00    0.108863456487655643E+02    0.671397256851196289E+01    0.123149560662610992E-01    0.894226274788379705E+01    0.200855910778045654E+01    0.796660793745293194E+01
    0.100000000000000000E+01    0.199800000000000004+101    0.142237348089981741E+01    0.100122401109497727E+01    0.117619661092758179E+02    0.157009586691856384E+01    0.710247367620468140E+00    0.294846019148826599E+01    0.938832950592041016E+01    0.236586773024028557E-01    0.725313971638679500E+00    0.307981789112091064E+01    0.795081750379178587E+01
    0.100000000000000000E+01    0.199800000000000004+101    0.533825248370497434E+02    0.987037436211919417E-01    0.103817225694656372E+02    0.135375767946243286E+01    0.489124526381492597E+01    0.996365702152252197E+01    0.104602373838424683E+02    0.579856287848550478E+00    0.312511842429637898E+01    0.309942215681076050E+01    0.774011495749880396E+01
    0.100000000000000000E+01    0.199800000000000004+101    0.324572581041186581E+00    0.244072250655945414E-01    0.135357117652893066E+01    0.585973113775253296E+00    0.101402166843414303E+02    0.129055578470230099E+02    0.210431683063507080E+01    0.552921057011704492E-01    0.234926620125770569E+01    0.328834950923919678E+01    0.766056907040306623E+01
    0.100000000000000000E+01    0.199800000000000004+101    0.450828753453708375E+00    0.434574585747998565E+01    0.336529362201690674E+01    0.215414822101593018E+01    0.123292353630065925E+02    0.139849027216434472E+02    0.115581480264663696E+02    0.347360196639002472E-01    0.466304360628128078E+00    0.460797756910324097E+01    0.801826282080503816E+01
    0.100000000000000000E+01    0.199800000000000004+101    0.989719366028809645E+03    0.599791813168365184E+01    0.410475897789001465E+01    0.385907143354415894E+00    0.101026390075683601E+02    0.117269836425781246E+02    0.128001849651336670E+02    0.515711337832871264E+00    0.267619764864444720E+01    0.419773072004318237E+01    0.797262661360702207E+01
    0.100000000000000000E+01    0.199800000000000004+101    0.439205319577114395E+01    0.303352390761557388E+03    0.727291977405548096E+01    0.151218771934509277E+01    0.184566390514373802E+01    0.276662427186965942E+01    0.176449346542358398E+01    0.199023820651464123E-01    0.147447274863719935E+01    0.380320042371749878E+01    0.797085734993849915E+01
    0.100000000000000000E+01    0.199800000000000004+101    0.175906712245423478E+03    0.215903206735608109E+02    0.148534153699874878E+02    0.511479377746582031E+00    0.528711372613906860E+01    0.108036706745624542E+02    0.122205638885498047E+02    0.183223569517731062E-01    0.705537986636161829E+01    0.365897297859191895E+01    0.825605037097269978E+01
    0.100000000000000000E+01    0.199800000000000004+101    0.278189252946685117E+00    0.901215432377359548E+03    0.133365598917007446E+02    0.107553869485855103E+01    0.144080165982246395E+02    0.124023097753524802E+01    0.684187602996826172E+01    0.419808253120286867E+01    0.826992957711219745E+01    0.254745215177536011E+01    0.806841160545555880E+01
    0.100000000000000000E+01    0.199800000000000004+101    0.365929035600227849E+03    0.443801639115569468E+01    0.907454562187194824E+01    0.139571562409400940E+01    0.287826403975486755E+01    0.461814813017845172E+01    0.100644189119338989E+02    0.124941024734463765E+00    0.216685597896575932E+00    0.423303425312042236E+01    0.805007917713433230E+01
    0.100000000000000000E+01    0.199800000000000004+101    0.110618987615254440E-01    0.340919405491144101E+01    0.174204802513122559E+01    0.111097559332847595E+01    0.255970992445945766E+01    0.131660535991191860E+02    0.235301244258880615E+01    0.677764026024935018E+00    0.456296382188797001E+01    0.104447126388549805E+01    0.731782104083248086E+01
    0.100000000000000000E+01    0.199800000000000004+101    0.278388776883779210E+01    0.373447814176577492E-01    0.744726538658142090E+01    0.177037477493286133E+01    0.975623911619186401E+01    0.106447672843933111E+00    0.113546971082687378E+02    0.345514200672524874E+01    0.809177801609039293E+00    0.327298045158386230E-01    0.772957054774304719E+01
    0.100000000000000000E+01    0.199800000000000004+101    0.156343387757346380E+00    0.273605365590738503E+00    0.290110659599304199E+01    0.199021741747856140E+01    0.126695206224918362E+02    0.683588204383850062E+01    0.730478131771087646E+01    0.171341546557327196E+00    0.842849325537681615E+01    0.358267158269882202E+01    0.808748040726151274E+01
    0.100000000000000000E+01    0.199800000000000004+101    0.334921566112542091E+00    0.603720753406599670E+03    0.125503077507019043E+02    0.246763229370117188E-02    0.842626804709434474E+01    0.124619064450263970E+02    0.126373099088668823E+02    0.222310783410336055E+00    0.868167578876018453E+01    0.205559134483337402E+00    0.783882266682217477E+01
    0.100000000000000000E+01    0.199800000000000004+101    0.302719182088520142E+03    0.198426582267015235E+02    0.501289391517639160E+01    0.151063501834869385E+01    0.282823684811592102E+01    0.181720710992813128E+01    0.699248027801513672E+01    0.281267460972172458E-01    0.190453322827816018E+01    0.395728111267089844E+01    0.798896856415492529E+01
    0.100000000000000000E+01    0.199800000000000004+101    0.903487703095552375E+00    0.599915961992508414E+03    0.206072854995727539E+01    0.233378842473030090E+01    0.334644235372543353E+01    0.324399451613426226E+01    0.961820459365844727E+01    0.373851385845998585E+00    0.443265486061573011E+01    0.210277825593948364E+01    0.818828488471568861E+01
    0.100000000000000000E+01    0.199800000000000004+101    0.266197211737693749E+03    0.335572482104055325E+03    0.990501189231872559E+01    0.716447979211807251E+00    0.409455713033676183E+01    0.126161647975444797E+02    0.123666745424270630E+02    0.268385557824991239E+00    0.829629731178283691E+01    0.277177274227142334E+01    0.799638979807929484E+01
    0.100000000000000000E+01    0.199800000000000004+101    0.104760286206774189E+00    0.169810808277607528E+01    0.122723090648651123E+02    0.150088667869567871E+00    0.424474350214004481E+01    0.545915912985801643E+01    0.597348332405090332E+01    0.519256741015193368E+00    0.287821431994438148E+01    0.223193138837814331E+01    0.823699651592054138E+01
    0.100000000000000000E+01    0.199800000000000004+101    0.130614237525035204E+01    0.303845440551275325E+00    0.465105736255645752E+01    0.244011193513870239E+01    0.743286017179489100E+01    0.116281361997127526E+02    0.632183909416198730E+01    0.455875615668574874E+00    0.251456924080848687E+00    0.465969115495681763E+01    0.802018411493912708E+01
    0.100000000000000000E+01    0.199800000000000004+101    0.132064203724930818E+01    0.181259526372079371E+00    0.107673689126968384E+02    0.538076758384704590E+00    0.136542214751243591E+02    0.617996987700462341E+01    0.992415702342987061E+01    0.881744750760986989E-02    0.806994284987449628E+00    0.148434281349182129E+01    0.796145411167580086E+01
    0.100000000000000000E+01    0.199800000000000004+101    0.453099594606159517E+01    0.924153933981312434E+03    0.142181873321533203E+01    0.145963907241821289E+01    0.846101531982421839E+01    0.222694872617721584E+01    0.113166947364807129E+02    0.128046859276681335E+01    0.777427368581295042E+01    0.866436064243316650E+00    0.786607553304962170E+01
    0.100000000000000000E+01    0.199800000000000004+101    0.107052248191669679E-01    0.176021739496740381E+00    0.120402919054031372E+02    0.345127582550048828E+00    0.123924695253372197E+01    0.475505815744400007E+01    0.790596580505371094E+01    0.223647598329443864E+00    0.556264525532722498E+01    0.386236399412155151E+01    0.785402834955996898E+01
    0.100000000000000000E+01    0.199800000000000004+101    0.366242353084582888E+02    0.386582973752273418E+01    0.219693911075592041E+01    0.737538635730743408E+00    0.969835472106933549E+00    0.110415596067905426E+02    0.491836571693420410E+01    0.123735612000416953E+00    0.142390829145908349E+01    0.866332650184631348E-01    0.767236646063608863E+01
    0.100000000000000000E+01    0.199800000000000004+101    0.268689439860566905E-01    0.974895622569549758E+00    0.654250168800354004E+01    0.576364994049072266E+00    0.431945914030075095E+00    0.108119194328784936E+02    0.828823840618133545E+01    0.172661818548122820E+00    0.685830602884292606E+01    0.327224642038345337E+01    0.803288084132529612E+01
    0.100000000000000000E+01    0.199800000000000004+101    0.124258986612575861E+01    0.280715919699697070E+01    0.106708430051803589E+02    0.197668239474296570E+01    0.107248509824275970E+02    0.141408706843853000E+02    0.150178802013397217E+01    0.866949398057923620E-01    0.218162666797637916E+01    0.283842295408248901E+01    0.802313074785259239E+01
    0.100000000000000000E+01    0.199800000000000004+101    0.284779616369570165E+00    0.922006194847057969E+01    0.747702991962432861E+01    0.703195184469223022E+00    0.141960355877876285E+02    0.741608378887176478E+01    0.101638095378875732E+02    0.448904987051925108E+00    0.370784881412982914E+01    0.330197095870971680E+01    0.785495755190345779E+01
    0.100000000000000000E+01    0.199800000000000004+101    0.336755149678215973E-01    0.333521564983866936E+01    0.353248953819274902E+01    0.220994099974632263E+01    0.820636155009269785E+01    0.934590069055557215E+01    0.134609352350234985E+02    0.173477229878506112E+00    0.179749744594097138E+01    0.130497574806213379E+01    0.812587286672198594E+01
    0.100000000000000000E+01    0.199800000000000004+101    0.171074598617304868E+00    0.545362954343364681E+00    0.265960156917572021E+01    0.189109891653060913E+01    0.134608223736286163E+02    0.601277088522911018E+01    0.282615160942077637E+01    0.112407518591315873E-01    0.370002697765827149E+01    0.183641791343688965E+01    0.811821653967417056E+01
    0.100000000000000000E+01    0.199800000000000004+101    0.141327123660729171E+03    0.322829032975402264E+01    0.119588965177536011E+02    0.229687631130218506E+01    0.141001491010189053E+02    0.450377298593521136E+01    0.920256841182708740E+01    0.306987106927796918E-01    0.142578455567359930E+01    0.200110256671905518E+01    0.812956234479674400E+01
    0.100000000000000000E+01    0.199800000000000004+101    0.680060865525360048E+00    0.770071824740192937E+03    0.112838218212127686E+02    0.173283964395523071E+00    0.694849961996078491E+01    0.135886346101760864E+02    0.192930531501770020E+01    0.384576284165752402E-01    0.209653680562972999E+01    0.146432399749755859E+01    0.803812044854639929E+01
    0.100000000000000000E+01    0.199800000000000004+101    0.102757032632708849E-01    0.344168121804741958E+02    0.563106310367584229E+01    0.962717533111572266E+00    0.132406645417213440E+02    0.134346169352531426E+02    0.972461724281311035E+01    0.423331743759438398E-01    0.215280334949493418E+00    0.455987870693206787E+01    0.826822451830293836E+01
    0.100000000000000000E+01    0.199800000000000004+101    0.470015872653994435E+02    0.438661882522004376E+02    0.103385373353958130E+02    0.165813431143760681E+01    0.969829354286193812E+01    0.139434520006179810E+02    0.118080786466598511E+02    0.956339477400503513E-01    0.830424662828445515E+00    0.135350018739700317E+01    0.816179114424459229E+01
    0.100000000000000000E+01    0.199800000000000004+101    0.431122805732801861E+01    0.108404688933312579E+00    0.107681199312210083E+02    0.128960847854614258E+01    0.581306620836257881E+01    0.585389081239700282E+01    0.129570218324661255E+02    0.707639512956009711E-02    0.491367934465408318E+01    0.364818006753921509E+01    0.857194831800283552E+01
    0.100000000000000000E+01    0.199800000000000004+101    0.105334088412606372E+00    0.189787481363124233E-01    0.123519721031188965E+02    0.110513582825660706E+01    0.747479491233825666E+01    0.479848492145538330E+01    0.128677123785018921E+02    0.401341546116145143E+01    0.682594687223434438E+01    0.563055276870727539E-02    0.822228711319642613E+01
    0.100000000000000000E+01    0.199800000000000004+101    0.206274024491052227E+00    0.523308738658676820E+01    0.111659210920333862E+02    0.182781115174293518E+01    0.561264749169349653E+01    0.811326372623443604E+01    0.131830108165740967E+02    0.383182913178968665E+01    0.383923792243003836E+01    0.237763851881027222E+01    0.827051321253106231E+01
    0.100000000000000000E+01    0.199800000000000004+101    0.108646502177621396E+00    0.270492700357164608E+02    0.536836183071136475E+01    0.665438175201416016E-01    0.132835744261741642E+02    0.144286447107791904E+02    0.961680603027343750E+01    0.372995401931243054E+01    0.405523517370223985E+01    0.881654024124145508E+00    0.798367947984011472E+01
    0.100000000000000000E+01    0.199800000000000004+101    0.268612490211451682E+01    0.440631955370574460E+02    0.898149442672729492E+01    0.223817855119705200E+01    0.580013257265091009E+00    0.985804573893546987E+01    0.126322305202484131E+02    0.155797754424254614E-01    0.222008919119834891E+01    0.253406763076782227E+01    0.823160274963776573E+01
    0.100000000000000000E+01    0.199800000000000004+101    0.355837300636371243E-01    0.128222563730062400E+01    0.110281625986099243E+02    0.130872771143913269E+01    0.950510581135749888E+01    0.898696247339248622E+01    0.938971304893493652E+01    0.232902650575591737E-01    0.555222249150276159E+01    0.293720602989196777E+01    0.784650419391189580E+01
    0.100000000000000000E+01    0.199800000000000004+101    0.480182423889077836E-01    0.173862652559116082E+01    0.103659586906433105E+02    0.214071273803710938E+01    0.926996468901634252E+01    0.343424704670906067E+01    0.141558184623718262E+02    0.129569984610167516E-01    0.415044888377189647E+01    0.270527839660644531E+01    0.793965911300123839E+01
    0.100000000000000000E+01    0.199800000000000004+101    0.230291287479912965E+01    0.501160807002194488E+02    0.129248348474502563E+02    0.248964816331863403E+01    0.746580803394317649E+00    0.848856357932090688E+01    0.876390600204467773E+01    0.253906593052895868E+00    0.914553046047687523E+01    0.480598986148834229E+01    0.767289326877942912E+01
    0.100000000000000000E+01    0.199800000000000004+101    0.103327789428574041E+00    0.524500965088130822E+00    0.780967187881469727E+01    0.105088606476783752E+01    0.921549961566925013E+01    0.113941211998462677E+02    0.131283950805664062E+02    0.230106077809151532E+01    0.482898783862590797E+01    0.345816403627395630E+01    0.773632741321576045E+01
    0.100000000000000000E+01    0.199800000000000004+101    0.134992240935269348E+00    0.877560126694688497E-01    0.508123409748077393E+01    0.140800416469573975E+01    0.109500603795051568E+02    0.116071457386016839E+02    0.143444759845733643E+02    0.111969696941938271E+00    0.889062647998333055E+01    0.217088371515274048E+01    0.829122310451849387E+01
    0.100000000000000000E+01    0.199800000000000004+101    0.128210368982051015E-01    0.161207366871200179E+03    0.434362125396728516E+01    0.928399264812469482E+00    0.475500931143760663E+01    0.560616518259048480E+01    0.867615032196044922E+01    0.423736313417627936E-01    0.232389763236045832E+01    0.454871952533721924E+00    0.812673678248793330E+01
    0.100000000000000000E+01    0.199800000000000004+101    0.133419090004280205E+00    0.531851564416739020E+01    0.796902298927307129E+01    0.469744354486465454E+00    0.117982739448547367E+02    0.287735372781753540E+01    0.143859906196594238E+02    0.140844798417773420E+00    0.729890062153339336E+01    0.161709308624267578E+01    0.821465902488696464E+01
    0.100000000000000000E+01    0.199800000000000004+101    0.107496302920807182E+03    0.118181441660068966E-01    0.416495060920715332E+01    0.121866598725318909E+01    0.654486819505691475E+01    0.288282181620597866E+01    0.137325135469436646E+02    0.416554819653027486E+00    0.955248091459274207E+01    0.439030796289443970E+01    0.772249244966822879E+01
    0.100000000000000000E+01    0.199800000000000004+101    0.273531775716146452E+00    0.175604180276622113E+00    0.722623896598815918E+01    0.977803915739059448E+00    0.132580829262733468E+01    0.122440115153789524E+02    0.308897054195404053E+01    0.122692949675807690E-01    0.980027402639388967E+01    0.432126909494400024E+01    0.752569784983893797E+01
    0.100000000000000000E+01    0.199800000000000004+101    0.175182201868937487E+00    0.912121324962125030E-01    0.122467377185821533E+02    0.133671596646308899E+01    0.600819445848464984E+01    0.121668453812599187E+01    0.230869400501251221E+01    0.732406144470757869E-02    0.947356051385402687E+01    0.338202685117721558E+01    0.844692594801133012E+01
    0.100000000000000000E+01    0.199800000000000004+101    0.156184212673598513E+02    0.234470344547695643E-01    0.208977961540222168E+01    0.220254272222518921E+01    0.171071393489837664E+01    0.222971153259277355E+00    0.125763106346130371E+01    0.204342408930718555E+01    0.875432728767395041E+01    0.238250732421875000E+01    0.839919676974266238E+01
    0.100000000000000000E+01    0.199800000000000004+101    0.623349074418428239E+00    0.974534698825184478E+03    0.527985012531280518E+01    0.837856531143188477E+00    0.146785425543785109E+01    0.124561728119850166E+02    0.516119587421417236E+01    0.143658856389770673E+01    0.560236536979675304E+01    0.119630992412567139E+01    0.811132939691817967E+01
    0.100000000000000000E+01    0.199800000000000004+101    0.179568149511399322E-01    0.308021013921801368E+01    0.847663223743438721E+01    0.101286619901657104E+01    0.170714728832244877E+01    0.136144776999950405E+02    0.141521710157394409E+02    0.425009853566750362E+00    0.661822757244110083E+01    0.234446793794631958E+01    0.806400863692918435E+01
    0.100000000000000000E+01    0.199800000000000004+101    0.264523458305682846E+01    0.768431811099243305E+02    0.652328646183013916E+01    0.229194313287734985E+00    0.757550116777419991E+01    0.836442989110946655E+01    0.715512752532958984E+01    0.292495195958450860E+00    0.484745394647121408E+01    0.241442590951919556E+01    0.786214217457739917E+01
    0.100000000000000000E+01    0.199800000000000004+101    0.447466934442349000E+02    0.251483937508317581E+02    0.117722700834274292E+02    0.633416622877120972E+00    0.206225864291191119E+01    0.921188678741455114E+01    0.830884718894958496E+01    0.441806646168001402E-01    0.634607220292091334E+01    0.471074223518371582E+01    0.785857840429128895E+01
    0.100000000000000000E+01    0.199800000000000004+101    0.379204424449123723E+00    0.119190459271086135E-01    0.145322799682617188E+01    0.469647347927093506E-01    0.817648289203643763E+01    0.109210351943969730E+02    0.654975569248199463E+01    0.845654164079967852E+00    0.662281730413436875E+01    0.156158387660980225E+01    0.825342499828556342E+01
    0.100000000000000000E+01    0.199800000000000004+101    0.139593544249281845E+02    0.186158928722821373E-01    0.127303953170776367E+02    0.877966582775115967E+00    0.188925852179527287E+01    0.388665786981582650E+01    0.296487724781036377E+01    0.644312326604894320E-01    0.187340248584747315E+01    0.399006426334381104E+01    0.794180612254881169E+01
    0.100000000000000000E+01    0.199800000000000004+101    0.126680552557245143E+02    0.232315888616525350E-01    0.283750450611114502E+01    0.209082573652267456E+01    0.112513460993766792E+02    0.106125824332237251E+02    0.241832268238067627E+01    0.440812674309218944E+00    0.950536471068859079E+01    0.159305423498153687E+01    0.792001149020620065E+01
    0.100000000000000000E+01    0.199800000000000004+101    0.114936209929023692E+01    0.316953735377338205E+03    0.381601154804229736E+01    0.873467028141021729E+00    0.458330050110816956E+01    0.806718329191207850E+01    0.397946488857269287E+01    0.715224924509244922E-02    0.875661917626857722E+01    0.178518384695053101E+01    0.814292687902920775E+01
    0.100000000000000000E+01    0.199800000000000004+101    0.911599332426785258E+00    0.135466250239283020E+00    0.276085054874420166E+01    0.242214679718017578E+01    0.100285094201564782E+02    0.126246888697147366E+02    0.681631636619567871E+01    0.268238886051232611E-01    0.351923215866088857E+01    0.305062174797058105E+01    0.767267414738194908E+01
    0.100000000000000000E+01    0.199800000000000004+101    0.171432982698519041E+02    0.250661587985611760E+02    0.126854585409164429E+02    0.808250308036804199E+00    0.509754592776298487E+01    0.541535047888755816E+01    0.320561456680297852E+01    0.865645597950675305E+00    0.333657596170902249E+01    0.399995386600494385E+01    0.809444535076872107E+01
    0.100000000000000000E+01    0.199800000000000004+101    0.324249605968245647E-01    0.509347598280086686E+03    0.121916980743408203E+02    0.226636752486228943E+01    0.671117374897003138E+01    0.561033219099044800E+01    0.332801055908203125E+01    0.296306259699191110E+00    0.356232371330261222E+01    0.106888324022293091E+01    0.806556206781385043E+01
    0.100000000000000000E+01    0.199800000000000004+101    0.101562396639043699E-01    0.399630350090004027E+00    0.502065610885620117E+01    0.238321930170059204E+01    0.899572722315788198E+01    0.523450469970703103E+00    0.122695019245147705E+02    0.989306753686307189E-01    0.588458801925182318E+01    0.112456619739532471E+01    0.773656929088963619E+01
    0.100000000000000000E+01    0.199800000000000004+101    0.501076075113987898E-01    0.172056271322286042E-01    0.417572772502899170E+01    0.168571859598159790E+01    0.531193894147872991E+00    0.393233510255813634E+01    0.424027693271636963E+01    0.831758750601448160E-01    0.620410015463829012E+01    0.319617062807083130E+01    0.840580375573091310E+01
    0.100000000000000000E+01    0.199800000000000004+101    0.676971707906536267E+03    0.704148658500829949E+01    0.106743043661117554E+02    0.560783296823501587E+00    0.122220059454441063E+02    0.103810399293899529E+02    0.476561939716339111E+01    0.356283838641154071E+01    0.175656201720237726E+01    0.278605729341506958E+01    0.758582506359261544E+01
    0.100000000000000000E+01    0.199800000000000004+101    0.285168068434651275E+03    0.510326302682990995E+01    0.121977946758270264E+02    0.181007891893386841E+01    0.639873337745666504E+01    0.101913255929946907E+02    0.342819893360137939E+01    0.347527093512624619E+00    0.524743524909019499E+01    0.278104305267333984E+01    0.802764417693131627E+01
    0.100000000000000000E+01    0.199800000000000004+101    0.209690608267198882E-01    0.391181509578937048E+00    0.809922289848327637E+01    0.118250250816345215E+01    0.145581923127174377E+02    0.112070063591003422E+02    0.841277396678924561E+01    0.171321253683648887E-01    0.477905753612518325E+01    0.476000964641571045E+01    0.805550371489495909E+01
    0.100000000000000000E+01    0.199800000000000004+101    0.429737278984805127E+00    0.435001899847872242E+00    0.959527599811553955E+01    0.192676901817321777E+01    0.480549743175506539E+01    0.110455205738544464E+02    0.709804594516754150E+01    0.592904474184758890E+00    0.283602427721023531E+01    0.162294209003448486E+00    0.824004619621543100E+01
    0.100000000000000000E+01    0.199800000000000004+101    0.530461100617084957E+00    0.930017662637034164E+03    0.134479968547821045E+02    0.148856759071350098E+01    0.139246063232421875E+02    0.143631102442741394E+02    0.135569238662719727E+01    0.396962410110439298E-01    0.331658252358436556E+01    0.153442382812500000E+01    0.821791325429341946E+01
    0.100000000000000000E+01    0.199800000000000004+101    0.312969785564180427E+03    0.889184644806172919E+01    0.131733560562133789E+02    0.952935516834259033E+00    0.219894486665725708E+01    0.621784329414367676E+01    0.103750501871109009E+02    0.339797782078811084E+01    0.948477999031543817E+01    0.192506641149520874E+01    0.757516193266060700E+01
    0.100000000000000000E+01    0.199800000000000004+101    0.125996778117384221E+02    0.816465153715939251E-01    0.134533708095550537E+02    0.287796109914779663E+00    0.123585198760032657E+02    0.434346838593482953E+01    0.122660489082336426E+02    0.194580422194057712E+01    0.118602823793888090E+01    0.111145943403244019E+01    0.778820735881970805E+01
    0.100000000000000000E+01    0.199800000000000004+101    0.347253484742729990E-01    0.809963160288527106E+01    0.120071177482604980E+02    0.241890594363212585E+01    0.130323283314704899E+02    0.138363256037235267E+02    0.752273440361022949E+01    0.356811399176226798E-01    0.631120620012283329E+01    0.525325536727905273E+00    0.845972480784656078E+01
    0.100000000000000000E+01    0.199800000000000004+101    0.363799172377876223E+01    0.422461560140003556E+02    0.458841323852539062E+01    0.107291057705879211E+01    0.158921615481376666E+01    0.698404885530471820E+01    0.132110488414764404E+02    0.829133922042706896E-02    0.833768766462802802E+01    0.435817390680313110E+01    0.784805999288976786E+01
    0.100000000000000000E+01    0.199800000000000004+101    0.234287923744468579E+00    0.320475624115518301E+02    0.155296158790588379E+01    0.366459488868713379E+00    0.716537144780158997E+01    0.233964001536369359E+01    0.534717142581939697E+01    0.934055199148777111E-02    0.784150956332683524E+01    0.488913536071777344E+01    0.769129835266436057E+01
    0.100000000000000000E+01    0.199800000000000004+101    0.368460141351976745E+03    0.126090607005799356E+03    0.117875908613204956E+02    0.749930441379547119E+00    0.534478132128715533E+01    0.300305492877960223E+01    0.124250805377960205E+01    0.575067573336331517E+00    0.784918075084686251E+01    0.143457144498825073E+01    0.772462226620496129E+01
    0.100000000000000000E+01    0.199800000000000004+101    0.149700719254617032E+00    0.166353553771729046E+01    0.131328085660934448E+02    0.231275409460067749E+01    0.746952131986618006E+01    0.363963295817375210E+01    0.915771591663360596E+01    0.433119097459492078E-01    0.644597210764884920E+01    0.400617122650146484E+01    0.826838576489029364E+01
    0.100000000000000000E+01    0.199800000000000004+101    0.985066078302240733E+01    0.836337174144550630E+02    0.726456177234649658E+01    0.538522303104400635E+00    0.770735597610473611E+00    0.130521925687789930E+01    0.145585312843322754E+02    0.761946841888704041E-01    0.956187652647495234E+01    0.365948438644409180E+01    0.813563239965249707E+01
    0.100000000000000000E+01    0.199800000000000004+101    0.184340427049247357E+00    0.349876613378119261E+01    0.585813021659851074E+01    0.758105963468551636E+00    0.116564366877079006E+02    0.998638462424278295E+01    0.559655714035034180E+01    0.936591111546112437E-02    0.950772269427776351E+01    0.497772127389907837E+01    0.786460372815264996E+01
    0.100000000000000000E+01    0.199800000000000004+101    0.448255181742313539E+03    0.278692653255891649E+02    0.775542247295379639E+01    0.375038832426071167E+00    0.450748617053031886E+01    0.432436249256133998E+01    0.658537733554840088E+01    0.242516665838096307E+00    0.346728327929973590E+01    0.110380262136459351E+01    0.777311162212938456E+01
    0.100000000000000000E+01    0.199800000000000004+101    0.106197235661844083E+02    0.320864366859355613E-01    0.942948615550994873E+01    0.188119024038314819E+01    0.134954506397247318E+02    0.573285573720932007E+01    0.381458711624145508E+01    0.509277539839085094E-01    0.207353932023048371E+01    0.398360073566436768E+01    0.817031027093507589E+01
    0.100000000000000000E+01    0.199800000000000004+101    0.213925786729398908E+03    0.173712770032330821E+00    0.117289338111877441E+02    0.800779908895492554E+00    0.127381235063076019E+02    0.360289276838302630E+01    0.621890032291412354E+01    0.209576839743174648E+00    0.999131952404975898E+01    0.477840304374694824E+01    0.788752459079482282E+01
    0.100000000000000000E+01    0.199800000000000004+101    0.244143510534795034E+02    0.548851060668036439E+01    0.133396340608596802E+02    0.805482268333435059E-01    0.113176816403865814E+02    0.639358767271041817E+01    0.832990157604217529E+01    0.183465839820711363E+01    0.927055837213993073E+01    0.255403310060501099E+01    0.795778422720767242E+01
    0.100000000000000000E+01    0.199800000000000004+101    0.105145700265578071E+03    0.228128982431131675E+03    0.316481840610504150E+01    0.341545641422271729E+00    0.913692060112953186E+01    0.551872461438178963E+01    0.106652545928955078E+02    0.206830038099033164E-01    0.921917636156082132E+01    0.296369969844818115E+01    0.716369611322490751E+01
    0.100000000000000000E+01    0.199800000000000004+101    0.292206877855776204E+00    0.305095789362166158E+03    0.134146566390991211E+02    0.157967925071716309E+01    0.580233163237571681E+01    0.191239021420478839E+01    0.853159928321838379E+01    0.483260122311902351E-01    0.175544912040233614E+01    0.387055486440658569E+01    0.762879474559111515E+01
    0.100000000000000000E+01    0.199800000000000004+101    0.958445412042296141E+01    0.159692624944085287E+00    0.140602638721466064E+02    0.245313137769699097E+01    0.102343197464942937E+01    0.872019045352935862E+01    0.471404695510864258E+01    0.219090407570071338E+00    0.988593194842338541E+01    0.300599038600921631E+01    0.788382197659756390E+01
    0.100000000000000000E+01    0.199800000000000004+101    0.221025674810153040E-01    0.134561067132394990E+00    0.420082592964172363E+01    0.184686586260795593E+01    0.922881947755813670E+01    0.110900787889957435E+02    0.700523424148559570E+01    0.136850793962017582E-01    0.860216767847538044E+01    0.961303114891052246E+00    0.799779502751276716E+01
    0.100000000000000000E+01    0.199800000000000004+101    0.309792519117951981E+01    0.342495676979061026E+00    0.443907070159912109E+01    0.211171567440032959E+01    0.330192587971687335E+01    0.104515016257762916E+02    0.932290577888488770E+01    0.411449526810847843E-01    0.214327013492584229E+01    0.353317677974700928E+01    0.808091603059124175E+01
    0.100000000000000000E+01    0.199800000000000004+101    0.556700436722514902E+00    0.138834144288537459E+03    0.113362362384796143E+02    0.334671884775161743E+00    0.940982856750488317E+01    0.109391686081886288E+02    0.493528783321380615E+01    0.488897068023029027E-01    0.306941880285739899E+01    0.286515325307846069E+01    0.821529872360730806E+01
    0.100000000000000000E+01    0.199800000000000004+101    0.118426858165504301E-01    0.209888499230975745E+01    0.190064895153045654E+01    0.122367382049560547E+01    0.134321444392204281E+02    0.547955366969108582E+01    0.149508132934570312E+02    0.475517828052796424E-01    0.243779186606407183E+00    0.130681455135345459E+01    0.820622773309236564E+01
    0.100000000000000000E+01    0.199800000000000004+101    0.693230103613729938E+02    0.705109245367456538E+03    0.121072912216186523E+01    0.647859722375869751E+00    0.729453005790710396E+01    0.944621084928512644E+01    0.998903751373291016E+01    0.539105054899039413E-01    0.263489839971065498E+01    0.288514703512191772E+01    0.853214736761811743E+01
    0.100000000000000000E+01    0.199800000000000004+101    0.179639140532223997E-01    0.781224676406664514E-01    0.723882770538330078E+01    0.439552962779998779E+00    0.370995166897773743E+01    0.139148122549057014E+02    0.136264897584915161E+02    0.238695940717865041E+01    0.295876149117946596E+01    0.428014099597930908E+01    0.773779998931738255E+01
    0.100000000000000000E+01    0.199800000000000004+101    0.242959391078297884E+02    0.212864152031646654E+02    0.148852852582931519E+02    0.195017397403717041E+01    0.244973447322845495E+01    0.997626639604568410E+01    0.379886496067047119E+01    0.491349005829826613E+01    0.164877834916114807E+01    0.337520271539688110E+01    0.779057247798255492E+01
    0.100000000000000000E+01    0.199800000000000004+101    0.235281130176830438E+02    0.234923294226096147E+02    0.127019392251968384E+02    0.196731045842170715E+01    0.659314581155776924E+01    0.811677619814872742E+01    0.125608704090118408E+02    0.172461056472583175E-01    0.126284913420677186E+00    0.340557128190994263E+01    0.792058034364248531E+01
    0.100000000000000000E+01    0.199800000000000004+101    0.191188451666350545E+01    0.146600311766116505E+03    0.244350683689117432E+01    0.864277631044387817E+00    0.639137361645698565E+01    0.718512122035026568E+01    0.657739567756652832E+01    0.134114330704743739E+00    0.250809366405010215E+01    0.446627676486968994E+01    0.780293891330003397E+01
    0.100000000000000000E+01    0.199800000000000004+101    0.527139061494048475E-01    0.408414722333363817E-01    0.276671683788299561E+01    0.229770094156265259E+01    0.103666845321655270E+02    0.541854856014251673E+01    0.148658589124679565E+02    0.439351624522104434E+01    0.575591118752956366E+01    0.261066734790802002E+01    0.783995451192227755E+01
    0.100000000000000000E+01    0.199800000000000004+101    0.819942337830230766E-01    0.155167785071453457E+00    0.136410770416259766E+02    0.221983268857002258E+01    0.896655372381210292E+01    0.992906516790390015E+01    0.113122528791427612E+02    0.496969728593040228E-01    0.876678887367248549E+01    0.192767351865768433E+01    0.808090863089610600E+01
    0.100000000000000000E+01    0.199800000000000004+101    0.363083289010153010E+03    0.859665051230969590E+00    0.189838588237762451E+01    0.951100885868072510E+00    0.477525997757911647E+01    0.115093436002731320E+02    0.485354113578796387E+01    0.288686274697385592E+01    0.835396549224853580E+01    0.428762078285217285E+01    0.796317231871208175E+01
    0.100000000000000000E+01    0.199800000000000004+101    0.695847733335935459E+01    0.229187405993277737E+01    0.561444056034088135E+01    0.114804685115814209E+01    0.117359455525875092E+02    0.134926806271076209E+02    0.686513006687164307E+01    0.116353734270238686E-01    0.519025474250316599E+01    0.348150730133056641E-02    0.835044860240675035E+01
    0.100000000000000000E+01    0.199800000000000004+101    0.314108917755991346E+01    0.526849391067143458E-01    0.323310184478759766E+01    0.193787366151809692E+01    0.813194510340690613E+01    0.952949595451354980E+01    0.140295614004135132E+02    0.103503867546585696E-01    0.424362853527069106E+01    0.219282299280166626E+01    0.819399104823389912E+01
    0.100000000000000000E+01    0.199800000000000004+101    0.124903258950709015E+00    0.451200273521103099E+03    0.118676402568817139E+02    0.150278285145759583E+01    0.157114313244819659E+01    0.150181910395622276E+01    0.720204281806945801E+01    0.139171790597748068E+01    0.647806867063045466E+01    0.305683255195617676E+01    0.798256123848018628E+01
    0.100000000000000000E+01    0.199800000000000004+101    0.434277783857844671E-01    0.220076667099556023E+01    0.722739636898040771E+01    0.691419094800949097E+00    0.142276727020740505E+02    0.135237163901329049E+01    0.361454916000366211E+01    0.112441988561079384E+00    0.376319300532341028E+00    0.241984933614730835E+01    0.749288044296866573E+01
    0.100000000000000000E+01    0.199800000000000004+101    0.197815001839356033E-01    0.128284840133340310E+03    0.137617807388305664E+02    0.213600933551788330E+01    0.125335662007331852E+02    0.830050023794174230E+01    0.857639837265014648E+01    0.149853836645214650E+00    0.324934128701686831E+01    0.423320651054382324E+01    0.789501117495960880E+01
    0.100000000000000000E+01    0.199800000000000004+101    0.133617693071404560E+02    0.115411985413987690E+02    0.519756519794464111E+01    0.246119424700737000E+01    0.130028573155403144E+02    0.612902082800865156E+01    0.500169456005096436E+01    0.548518121743453956E-02    0.959108991861343441E+01    0.190248459577560425E+01    0.842055729312306767E+01
    0.100000000000000000E+01    0.199800000000000004+101    0.620763782994841407E+02    0.215634319518040165E+02    0.138329080343246460E+02    0.522565245628356934E+00    0.944423658251762355E+01    0.140812581300735467E+02    0.134005917310714722E+02    0.594487172713725493E-02    0.634534694433212287E+01    0.282415002584457397E+01    0.802459280242885242E+01
    0.100000000000000000E+01    0.199800000000000004+101    0.129109718382158416E+02    0.320039911129370636E+00    0.624287199974060059E+01    0.238118514418601990E+01    0.763290677070617640E+01    0.126422165930271149E+02    0.129180982112884521E+02    0.197379162864589430E+01    0.731278354763984684E+01    0.474983990192413330E+01    0.793046228160215083E+01
    0.100000000000000000E+01    0.199800000000000004+101    0.151481647286193205E+00    0.127787702587458651E-01    0.111288666725158691E+02    0.236755967140197754E+01    0.566316837072372459E+00    0.895198962092399597E+01    0.217417824268341064E+01    0.159750052054535274E+01    0.929385953724384350E+01    0.455893874168395996E+00    0.829089965794068817E+01
    0.100000000000000000E+01    0.199800000000000004+101    0.857598679958932686E+00    0.209767893956373519E-01    0.929367280006408691E+01    0.218537539243698120E+01    0.654245875477790850E+01    0.428296061754226631E+01    0.360155987739562988E+01    0.450505809541976276E+01    0.751096551835536985E+01    0.428161859512329102E+01    0.853077448242677860E+01
    0.100000000000000000E+01    0.199800000000000004+101    0.720439522801026744E+00    0.664860423085408172E+02    0.137573071718215942E+02    0.220820412039756775E+01    0.135540630817413343E+01    0.574619336128234881E+01    0.301735758781433105E+01    0.317571070918965803E+00    0.534640803754329674E+01    0.104824632406234741E+01    0.838243920164319078E+01
    0.100000000000000000E+01    0.199800000000000004+101    0.922113254346338063E+00    0.278027683862847766E+03    0.296670806407928467E+01    0.921315997838973999E+00    0.143218157291412362E+01    0.538505618572235090E+01    0.315253257751464844E+01    0.147163945984016165E+01    0.464677590131759688E+00    0.497621029615402222E+01    0.737061543170309097E+01
    0.100000000000000000E+01    0.199800000000000004+101    0.444072951804930938E+03    0.499959326404697890E+01    0.295385062694549561E+01    0.112483724951744080E+01    0.681453722715377808E+01    0.490400828123092669E+01    0.743405830860137939E+01    0.246063143656428146E+00    0.791815772533416773E+01    0.901801288127899170E+00    0.784843681221037759E+01
    0.100000000000000000E+01    0.199800000000000004+101    0.141147665749453166E+01    0.151337931425546612E+01    0.111583458185195923E+02    0.231421440839767456E+01    0.265903072953224218E+01    0.433693012595176697E+01    0.123044251203536987E+02    0.485975970735279469E-01    0.343505095362663271E+01    0.205760240554809570E+01    0.771569007169343113E+01
    0.100000000000000000E+01    0.199800000000000004+101    0.119306102848842329E+03    0.200347606202395712E+01    0.864979708194732666E+01    0.783172398805618286E+00    0.139543650865554802E+02    0.127401812553405769E+02    0.731649303436279297E+01    0.476338425982603841E+00    0.467086658000946020E+01    0.388952493667602539E+01    0.772031988326606822E+01
    0.100000000000000000E+01    0.199800000000000004+101    0.372278295899274838E+03    0.183022137849632900E-01    0.557889151573181152E+01    0.196033120155334473E+01    0.288745152950286865E+01    0.136714401364326470E+02    0.127462860345840454E+02    0.115708214566223183E-01    0.325142893612384798E+01    0.237479060888290405E+01    0.801142619282538604E+01
    0.100000000000000000E+01    0.199800000000000004+101    0.282322365732986327E+03    0.390440089186865066E+03    0.993238317966461182E+01    0.575916171073913574E+00    0.680606288909912127E+01    0.121368895590305321E+02    0.949159371852874756E+01    0.952586343365493859E+00    0.643415598988532977E+01    0.438121467828750610E+01    0.793763561706940557E+01
    0.100000000000000000E+01    0.199800000000000004+101    0.229920938817254921E+03    0.342997689781418785E+03    0.606109046936035156E+01    0.153420463204383850E+01    0.141527438163757324E+02    0.355401479005813625E+01    0.351571595668792725E+01    0.293042340220537878E+00    0.261514081358909634E+00    0.339504033327102661E+01    0.797439244218553966E+01
    0.100000000000000000E+01    0.199800000000000004+101    0.201730323477475011E+02    0.200921898080286265E+00    0.100707042217254639E+01    0.212006375193595886E+01    0.121154150784015648E+02    0.513566268682479876E+01    0.984728026390075684E+01    0.270776576067675645E+01    0.291956537306308750E+01    0.492691218852996826E+01    0.820279878616592839E+01
    0.100000000000000000E+01    0.199800000000000004+101    0.129381699592071211E-01    0.129555888233599070E+01    0.603974568843841553E+01    0.129639968276023865E+01    0.785166139006614650E+01    0.122592709064483651E+01    0.103284661769866943E+02    0.429281360609384155E+00    0.945110607922077151E+01    0.312049895524978638E+01    0.759103226716813673E+01
    0.100000000000000000E+01    0.199800000000000004+101    0.275472542957166278E+00    0.487268369906726946E+03    0.102430837154388428E+02    0.323929786682128906E+00    0.925461095571517900E+00    0.133930214524269111E+02    0.972298753261566162E+01    0.360735920394318177E+00    0.650799481689929937E+01    0.188216745853424072E+01    0.810500412335245102E+01
    0.100000000000000000E+01    0.199800000000000004+101    0.384696129601503056E+01    0.262965484156309230E+02    0.661425817012786865E+01    0.220376998186111450E+01    0.779617232680320704E+01    0.823010692596435511E+01    0.140966482162475586E+02    0.159425477751365258E+00    0.669538901269435893E+01    0.294533908367156982E+01    0.782771305931656869E+01
    0.100000000000000000E+01    0.199800000000000004+101    0.632436760705294105E+02    0.120794534254556364E-01    0.119369876384735107E+02    0.478698760271072388E+00    0.262000365853309658E+01    0.891778054237365758E+01    0.759273767471313477E+01    0.564419382084590388E-02    0.889621120929717968E+01    0.177156537771224976E+01    0.752507834179484192E+01
    0.100000000000000000E+01    0.199800000000000004+101    0.467439574200592345E+00    0.344727794774609265E+03    0.460662293434143066E+01    0.407522171735763550E+00    0.451423491239547747E+01    0.195076274871826194E+01    0.101899975538253784E+02    0.959407429574050397E-01    0.207385252714157087E+01    0.359692603349685669E+01    0.752073771759380527E+01
    0.100000000000000000E+01    0.199800000000000004+101    0.331709639560720802E+03    0.178849397164430428E+02    0.120969136953353882E+02    0.123034507036209106E+01    0.369899062514305133E+01    0.142713543534278866E+02    0.408704245090484619E+01    0.304430810446107286E-01    0.593403005242347703E+01    0.250645697116851807E+01    0.788959974721886681E+01
    0.100000000000000000E+01    0.199800000000000004+101    0.896398986018919800E+03    0.820980772282879059E+02    0.107160084247589111E+02    0.244353413581848145E+00    0.568785257935523969E+01    0.847414601445198024E+01    0.131113862991333008E+01    0.156312357991042448E-01    0.275259988963603952E+01    0.368388801813125610E+01    0.803351925829984381E+01
    0.100000000000000000E+01    0.199800000000000004+101    0.622318263356991044E-01    0.293971339796691267E+00    0.112092022895812988E+02    0.142186239361763000E+01    0.126101958155632019E+02    0.131749755442142487E+02    0.432343721389770508E+01    0.267659097983476757E+00    0.346885591745376587E+00    0.894544124603271484E+00    0.836266458280081793E+01
    0.100000000000000000E+01    0.199800000000000004+101    0.170136256796326657E+00    0.104192426795288867E+03    0.206455039978027344E+01    0.910828709602355957E+00    0.554064936637878436E+01    0.592721399664878845E+01    0.144112966060638428E+02    0.796001814112259898E-02    0.998050495386123693E+01    0.388493984937667847E+01    0.821512218333662680E+01
    0.100000000000000000E+01    0.199800000000000004+101    0.488946942227561099E+01    0.633120843264021738E+00    0.136991516351699829E+02    0.128723651170730591E+01    0.434052252769470215E+01    0.802835515737533534E+01    0.126004182100296021E+02    0.145296739171923983E+01    0.595040315210819237E+01    0.412853837013244629E+01    0.769981623381406877E+01
    0.100000000000000000E+01    0.199800000000000004+101    0.276545628980533102E+02    0.248541499855683723E+01    0.695802605152130127E+01    0.219759836792945862E+01    0.119503928422927856E+02    0.322889399528503418E+01    0.572354686260223389E+01    0.174326228753078245E-01    0.466376166582107565E+01    0.315574586391448975E+01    0.800418914869249676E+01
    0.100000000000000000E+01    0.199800000000000004+101    0.633575454293896390E+00    0.499312277338360602E+02    0.881828725337982178E+01    0.188878327608108521E+01    0.905137969851493907E+01    0.899193410873413157E+01    0.101582094430923462E+02    0.289486372032919936E+01    0.103579729259014131E+01    0.147407352924346924E+01    0.850838728292052515E+01
    0.100000000000000000E+01    0.199800000000000004+101    0.217336362599022470E+01    0.360913764317675900E+01    0.658007931709289551E+01    0.167416900396347046E+01    0.360610328316688555E+01    0.148609949231147773E+02    0.131323063373565674E+01    0.356218565667892451E+01    0.308724777877330769E+01    0.419200748205184937E+01    0.804981175928954329E+01
    0.100000000000000000E+01    0.199800000000000004+101    0.114673755970333701E+03    0.820279893145235417E+00    0.136092698574066162E+01    0.214125648140907288E+01    0.139370753765106201E+02    0.111480643272399895E+02    0.128891464471817017E+02    0.420262401266023566E+01    0.454815020680427562E+01    0.310865670442581177E+01    0.840827185832534951E+01
    0.100000000000000000E+01    0.199800000000000004+101    0.293333274946577447E+02    0.223593222325783048E+01    0.129945719242095947E+02    0.206369698047637939E+01    0.106174164116382599E+02    0.318568481802940395E+01    0.141240495443344116E+02    0.637775212560993086E-02    0.138629071235656731E+01    0.314896404743194580E+00    0.808123830106390173E+01
    0.100000000000000000E+01    0.199800000000000004+101    0.340150354569607449E+01    0.408571644212274654E+00    0.336141669750213623E+01    0.135203734040260315E+01    0.133849538683891289E+02    0.110554132223129269E+02    0.477047514915466309E+01    0.299731438601885704E-01    0.175746531546115881E+01    0.353129774332046509E+01    0.803570712934757836E+01
    0.100000000000000000E+01    0.199800000000000004+101    0.119757867038968846E+00    0.504140587229775917E+03    0.134469413757324219E+01    0.172009170055389404E+01    0.653654394745826739E+01    0.627178349494934029E+01    0.408309543132781982E+01    0.612373566567811056E+00    0.421062629222869855E+01    0.144256949424743652E+00    0.814234348193130764E+01
    0.100000000000000000E+01    0.199800000000000004+101    0.314256129116061445E+02    0.217676641249456821E+02    0.113284298181533813E+02    0.627995878458023071E+00    0.596918337345123273E+01    0.692832799553871137E+01    0.260866749286651611E+01    0.285628298694402503E-01    0.634593822658061946E+01    0.448930621147155762E+01    0.807121653331939193E+01
    0.100000000000000000E+01    0.199800000000000004+101    0.479747795847820413E+02    0.834914389086880874E+03    0.609385657310485840E+01    0.173860803246498108E+01    0.155096973180770892E+01    0.105665464043617252E+02    0.657435905933380127E+01    0.967364496997424363E-02    0.925399770557880430E+01    0.211823403835296631E+01    0.822891606512825824E+01
    0.100000000000000000E+01    0.199800000000000004+101    0.660175060448835627E+01    0.554506088574677420E+02    0.152070283889770508E+01    0.611687004566192627E+00    0.135703954100608848E+01    0.608635606169700605E+01    0.571854507923126221E+01    0.140386376234261701E+00    0.909957782030105577E+00    0.395812958478927612E+01    0.838990759715177958E+01
    0.100000000000000000E+01    0.199800000000000004+101    0.143840939703413634E+00    0.383565972282541622E+03    0.307296967506408691E+01    0.217147916555404663E+00    0.692076396942138672E+01    0.183374547958374046E+01    0.236864614486694336E+01    0.335143828656718545E+00    0.367855384528636931E+01    0.241238474845886230E+00    0.824279390433689052E+01
    0.100000000000000000E+01    0.199800000000000004+101    0.185189945748897404E-01    0.460898729739678270E+01    0.345108330249786377E+01    0.137689560651779175E+00    0.220201150774955767E+01    0.138195820808410641E+02    0.153776764869689941E+01    0.480725486822596651E-01    0.694959512531757362E+01    0.442746639251708984E+01    0.801015105116922044E+01
    0.100000000000000000E+01    0.199800000000000004+101    0.227935728115241574E+03    0.738482476258266729E+03    0.399109816551208496E+01    0.688047707080841064E+00    0.149926393508911140E+02    0.403301471471786499E+01    0.470079982280731201E+01    0.843036392461235295E+00    0.918349399626255014E+01    0.208829224109649658E+01    0.800085259091714818E+01
    0.100000000000000000E+01    0.199800000000000004+101    0.185048811726572400E-01    0.924935696677619035E+02    0.135795961618423462E+02    0.229302912950515747E+01    0.110198204696178443E+02    0.946193837523460424E+01    0.387957191467285156E+01    0.846015541059045965E-02    0.338974491894245133E+01    0.496231704950332642E+01    0.798657937617765601E+01
    0.100000000000000000E+01    0.199800000000000004+101    0.645599117854400184E+01    0.359625867950400675E+03    0.206176078319549561E+01    0.123932376503944397E+01    0.606031581163406319E+01    0.109063875079154982E+01    0.549052250385284424E+01    0.570489537107479305E-02    0.958882661163806915E+01    0.441554635763168335E+01    0.795812661967139512E+01
    0.100000000000000000E+01    0.199800000000000004+101    0.123689569618838551E+02    0.151373224346241457E+02    0.934690582752227783E+01    0.243275523185729980E+01    0.771473537683486921E+01    0.276156648993492126E+01    0.602526354789733887E+01    0.343374858474584865E+01    0.912541971862316181E+01    0.426652431488037109E+01    0.778413424719760361E+01
    0.100000000000000000E+01    0.199800000000000004+101    0.693910037603504976E-01    0.979287413010260899E+00    0.134852248430252075E+02    0.984344333410263062E+00    0.103949574887752529E+02    0.589755647778510994E+01    0.100988280773162842E+02    0.157383968978406369E+00    0.408244308888912144E+01    0.166905283927917480E+01    0.803270350801471444E+01
    0.100000000000000000E+01    0.199800000000000004+101    0.332629067950720225E+00    0.519061956819457535E+02    0.711162602901458740E+01    0.194901078939437866E+00    0.495170685052871651E+01    0.122100901842117313E+02    0.128231436014175415E+02    0.100263372247295316E-01    0.146262869834899917E+00    0.144729375839233398E+01    0.792373463786535748E+01
    0.100000000000000000E+01    0.199800000000000004+101    0.500201465095716344E+03    0.851144126582410721E+01    0.139041721820831299E+02    0.796171873807907104E+00    0.266307251453399685E+01    0.168572787046432504E+01    0.148549633026123047E+02    0.240576546700760840E+00    0.199890616238117214E+01    0.273633003234863281E-01    0.821604969185136369E+01
    0.100000000000000000E+01    0.199800000000000004+101    0.395712694294657119E+01    0.264781672659705691E+02    0.125342118740081787E+01    0.157746955752372742E+01    0.115942166447639465E+02    0.703288143873214699E+00    0.149212206602096558E+02    0.351253840683549839E-01    0.616534050166606917E+01    0.182739377021789551E+01    0.765318498503331224E+01
    0.100000000000000000E+01    0.199800000000000004+101    0.139504313406351077E+01    0.429028639113934518E+00    0.345319783687591553E+01    0.192437127232551575E+01    0.152979099154472364E+01    0.537881100177764893E+01    0.304085445404052734E+01    0.203643465432256948E+00    0.710941282212734205E+01    0.123217195272445679E+01    0.814133012650169441E+01
    0.100000000000000000E+01    0.199800000000000004+101    0.179097460542783352E+03    0.408547701179247795E+02    0.893859875202178955E+01    0.222747102379798889E+01    0.746141110658645612E+01    0.745807003974914551E+01    0.439953124523162842E+01    0.381021488950044784E+00    0.529404293835163120E+01    0.365440040826797485E+01    0.771373267838122878E+01
    0.100000000000000000E+01    0.199800000000000004+101    0.744975647772900516E+03    0.263721114668890810E+00    0.411640727519989014E+01    0.240347862243652344E+01    0.128328616678714749E+02    0.136914012789726254E+02    0.104738132953643799E+02    0.157286345098545360E+00    0.108563410937786098E+01    0.448987066745758057E+01    0.855060612824563471E+01
    0.100000000000000000E+01    0.199800000000000004+101    0.201486470464252942E+00    0.157383758587566397E+00    0.115166008472442627E+02    0.698408484458923340E+00    0.998841484189033579E+01    0.844254531264305186E+01    0.330148875713348389E+01    0.144901762901895118E-01    0.986644523859023970E+01    0.460286736488342285E+00    0.767702503115480983E+01
    0.100000000000000000E+01    0.199800000000000004+101    0.776972619447032664E+00    0.498758672666465674E+00    0.784559559822082520E+01    0.722077786922454834E+00    0.490252513885498065E+01    0.554485545158386195E+01    0.155330038070678711E+01    0.716598530916088151E-02    0.947417918682098303E+01    0.879852473735809326E+00    0.797924312245979195E+01
    0.100000000000000000E+01    0.199800000000000004+101    0.695261601369719351E+01    0.121336268135736169E+00    0.144602406024932861E+01    0.111865505576133728E+01    0.414312693476676941E+01    0.783872696757316589E+01    0.267169129848480225E+01    0.545438686550460461E+00    0.745544274568557697E+01    0.817863345146179199E+00    0.847111841819991440E+01
    0.100000000000000000E+01    0.199800000000000004+101    0.168493535201262631E+03    0.663916123672108370E+03    0.319127428531646729E+01    0.142928719520568848E+01    0.101636396765708916E+02    0.742496843338012713E+01    0.458775484561920166E+01    0.495452816910524874E+01    0.713302183508873000E+01    0.311745613813400269E+01    0.814553035942014603E+01
    0.100000000000000000E+01    0.199800000000000004+101    0.144263631028339279E+00    0.413569363402295567E-01    0.497179234027862549E+01    0.218619734048843384E+01    0.278858188390731820E+01    0.255382531285285985E+01    0.919214761257171631E+01    0.160153429751063303E+01    0.197749912500381475E+01    0.688949525356292725E+00    0.798003884502303595E+01
    0.100000000000000000E+01    0.199800000000000004+101    0.605498505092547518E-01    0.768896095041271099E+01    0.602295041084289551E+01    0.167119324207305908E+01    0.389511266946792611E+01    0.112862630009651177E+02    0.141725111007690430E+02    0.287593430951892826E+00    0.694313984751701341E+01    0.390970408916473389E+00    0.807987769344664208E+01
    0.100000000000000000E+01    0.199800000000000004+101    0.188858569725420082E-01    0.859750830263050148E+03    0.908110034465789795E+01    0.219145685434341431E+01    0.407111716270446844E+00    0.867442697286605835E+00    0.138393768072128296E+02    0.158155379432018267E-01    0.376861810028553013E+01    0.292703509330749512E+00    0.786175494916997319E+01
    0.100000000000000000E+01    0.199800000000000004+101    0.248575852026720508E-01    0.690179346379313870E+03    0.131338241100311279E+02    0.182982772588729858E+01    0.950480563044547999E+01    0.736652729511260951E+01    0.695082962512969971E+01    0.157972525360304816E+01    0.323566438674926760E+01    0.343308687210083008E+01    0.770906027789329595E+01
    0.100000000000000000E+01    0.199800000000000004+101    0.139032259266771746E+03    0.103390815706864814E+02    0.338957405090332031E+01    0.937104821205139160E+00    0.239662277698516862E+00    0.119022217988967896E+02    0.103327035903930664E+02    0.317187058210520595E-01    0.704780633270740520E+01    0.255993902683258057E+00    0.838627450138017139E+01
    0.100000000000000000E+01    0.199800000000000004+101    0.242572931211037668E+01    0.445308349915933643E+01    0.119186969995498657E+02    0.208257272839546204E+01    0.112708765089511864E+02    0.255409174561500585E+01    0.923118638992309570E+01    0.250584702394094183E+01    0.153680628299713140E+01    0.103324472904205322E+01    0.793198084666232628E+01
    0.100000000000000000E+01    0.199800000000000004+101    0.111498979898004294E+00    0.766011137337314096E+01    0.334719240665435791E+01    0.200442433357238770E+01    0.589226502180099532E+00    0.971282745003700221E+01    0.182991886138916016E+01    0.509202896726620308E-01    0.593872458338737452E+01    0.393742799758911133E+01    0.797265088773290298E+01
    0.100000000000000000E+01    0.199800000000000004+101    0.127901927246720226E-01    0.393272628021396412E-01    0.126378214359283447E+02    0.828437060117721558E+00    0.113212731540203091E+02    0.147983832240104682E+02    0.987889230251312256E+01    0.264641501006800306E+01    0.734035706937313037E+01    0.359178006649017334E+01    0.794057410927931073E+01
    0.100000000000000000E+01    0.199800000000000004+101    0.381309904076348261E+01    0.472719180190681654E+00    0.100254635810852051E+02    0.215995907783508301E+01    0.260591380596160915E+01    0.142824690401554104E+02    0.107884758710861206E+02    0.912996246372603015E+00    0.544404826164245681E+00    0.483992695808410645E+01    0.771788698215763436E+01
    0.100000000000000000E+01    0.199800000000000004+101    0.444194252279095167E+03    0.111089591648935500E+02    0.119272911548614502E+02    0.146721363067626953E+01    0.356456907987594640E+01    0.496436773538589460E+01    0.112246941328048706E+02    0.178288435676742929E+01    0.380469346284866328E+01    0.165152400732040405E+01    0.802405730243290982E+01
    0.100000000000000000E+01    0.199800000000000004+101    0.113816293443134403E+00    0.250052176278797106E+03    0.393626296520233154E+01    0.165478706359863281E+01    0.133096679627895362E+02    0.113514999508857723E+02    0.103944840431213379E+02    0.258382490438593855E-01    0.415845173716545080E+01    0.158401966094970703E+01    0.746989344533954824E+01
    0.100000000000000000E+01    0.199800000000000004+101    0.584553072307967000E+03    0.282795478368574550E+03    0.353121197223663330E+01    0.112155333161354065E+01    0.704709306359291077E+01    0.588754482269287127E+01    0.529602873325347900E+01    0.743338043310756286E-01    0.779129939913749681E+01    0.548019111156463623E+00    0.786380946301002393E+01
    0.100000000000000000E+01    0.199800000000000004+101    0.174082271427681917E+03    0.281817630584122281E+01    0.104374606609344482E+02    0.451161265373229980E+00    0.139336712539196022E+02    0.105130999922752384E+02    0.437283587455749512E+01    0.331479485609707369E+01    0.303937594830989832E+01    0.257690280675888062E+01    0.802376169713505227E+01
    0.100000000000000000E+01    0.199800000000000004+101    0.278520929439096051E+03    0.254090941787232936E+03    0.998289251327514648E+01    0.107102245092391968E+01    0.806446834206581187E+01    0.108728312909603115E+02    0.108052945137023926E+02    0.322667652890814960E+01    0.103869296789169319E+01    0.978958010673522949E+00    0.734900560157558402E+01
    0.100000000000000000E+01    0.199800000000000004+101    0.746754359732795194E+02    0.543634833249220129E+00    0.701275026798248291E+01    0.821900367736816406E-01    0.134313300430774696E+02    0.111383430838584907E+02    0.844053411483764648E+01    0.373144553069673268E+01    0.212619678556919078E+01    0.770211219787597656E+00    0.820537005743658021E+01
    0.100000000000000000E+01    0.199800000000000004+101    0.269661925115967593E+00    0.471344984375949707E+02    0.432995939254760742E+01    0.200012430548667908E+01    0.138443043768405918E+02    0.132854874134063721E+02    0.179248893260955811E+01    0.525788680778802812E-02    0.769957086026668502E+01    0.289375782012939453E+01    0.769345775552217859E+01
    0.100000000000000000E+01    0.199800000000000004+101    0.434132438046625509E+03    0.287850786791982387E+03    0.112823724746704102E+01    0.227995634078979492E+01    0.136565305590629578E+02    0.682401779294013977E+01    0.115841875076293945E+02    0.380906304432689424E+01    0.938233513057231860E+01    0.205892771482467651E+01    0.829109872921483770E+01
    0.100000000000000000E+01    0.199800000000000004+101    0.233959917455066915E+03    0.766860856653739006E+03    0.101693587303161621E+02    0.728638023138046265E+00    0.953434147834777868E+01    0.453958332538604736E+01    0.468499839305877686E+01    0.210028910810438514E-01    0.571814891397953051E+01    0.442679345607757568E+01    0.792424720827404627E+01
    0.100000000000000000E+01    0.199800000000000004+101    0.383307953307577609E+01    0.450835559632656036E+00    0.140128070116043091E+02    0.229367598891258240E+01    0.986224383115768433E+01    0.411263725757598841E+01    0.216192412376403809E+01    0.207013267879899099E+00    0.441381183266639709E+01    0.380470246076583862E+01    0.790651401540991916E+01
    0.100000000000000000E+01    0.199800000000000004+101    0.412696405503785557E+00    0.216850586047791477E+00    0.126309053897857666E+02    0.631922483444213867E+00    0.944305273294448888E+01    0.171771756410598764E+01    0.712589037418365479E+01    0.295925987638507138E+00    0.769826682388782491E+01    0.344297617673873901E+01    0.807353579220451500E+01
